Entity,Code,Year,Land-use change and forestry,Agriculture,Fugitive emissions,Waste,Other fuel combustion,Industry,Buildings,Electricity and heat,Manufacturing and construction,Aviation and shipping,Transport
Afghanistan,AFG,1990,0,6000000,2069999,930000,0,0,0,0,0,0,0
Afghanistan,AFG,1991,0,6280000,390000,940000,0,0,0,0,0,0,0
Afghanistan,AFG,1992,0,6350000,230000,1050000,0,0,0,0,0,0,0
Afghanistan,AFG,1993,0,6400000,230000,1220000,0,0,0,0,0,0,0
Afghanistan,AFG,1994,0,6640000,230000,1350000,0,0,0,0,0,0,0
Afghanistan,AFG,1995,0,6990000,160000,1430000,0,0,0,0,0,0,0
Afghanistan,AFG,1996,0,7880000,170000,1490000,0,0,0,0,0,0,0
Afghanistan,AFG,1997,0,8640000,170000,1550000,0,0,0,0,0,0,0
Afghanistan,AFG,1998,0,9210000,170000,1610000,0,0,0,0,0,0,0
Afghanistan,AFG,1999,0,10070000,170000,1680000,0,0,0,0,0,0,0
Afghanistan,AFG,2000,0,8640000,170000,1710000,0,0,0,0,0,0,0
Afghanistan,AFG,2001,0,7190000,80000,1720000,0,0,0,0,0,0,0
Afghanistan,AFG,2002,0,9180000,70000,1830000,0,0,0,0,0,0,0
Afghanistan,AFG,2003,0,9430000,80000,1980000,0,0,0,0,0,0,0
Afghanistan,AFG,2004,0,9340000,70000,2060000,0,0,0,0,0,0,0
Afghanistan,AFG,2005,0,9520000,70000,2310000,0,0,0,0,0,0,0
Afghanistan,AFG,2006,0,9690000,70000,2390000,0,0,0,0,0,0,0
Afghanistan,AFG,2007,0,9850000,90000,2430000,0,0,0,0,0,0,0
Afghanistan,AFG,2008,0,10980000,90000,2470000,0,0,0,0,0,0,0
Afghanistan,AFG,2009,0,11190000,80000,2550000,0,0,0,0,0,0,0
Afghanistan,AFG,2010,0,12900000,160000,2620000,0,0,0,0,0,0,0
Afghanistan,AFG,2011,0,12920000,170000,2710000,0,0,0,0,0,0,0
Afghanistan,AFG,2012,0,12740000,170000,2810000,0,0,0,0,0,0,0
Afghanistan,AFG,2013,0,12640000,170000,2910000,0,0,0,0,0,0,0
Afghanistan,AFG,2014,0,12850000,180000,2870000,0,0,0,0,0,0,0
Afghanistan,AFG,2015,0,12130000,170000,2960000,0,0,0,0,0,0,0
Afghanistan,AFG,2016,0,11890000,190000,3040000,0,0,0,0,0,0,0
Afghanistan,AFG,2017,0,11540000,180000,3130000,0,0,0,0,0,0,0
Afghanistan,AFG,2018,0,11780000,200000,3220000,0,0,0,0,0,0,0
Afghanistan,AFG,2019,0,11870000,190000,3320000,0,0,0,0,0,0,0
Afghanistan,AFG,2020,0,12010000,110000,3430000,0,0,0,0,0,0,0
Afghanistan,AFG,2021,0,12030000,180000,3530000,0,0,0,0,0,0,0
Afghanistan,AFG,2022,0,12120000,240000,3620000,0,0,0,0,0,0,0
Afghanistan,AFG,2023,0,12250000,240000,3720000,0,0,0,0,0,0,0
Africa,OWID_AFR,1990,72490000,392109984,232930000,102420000,560000,60000,87990000,110000,550000,30000,680000
Africa,OWID_AFR,1991,72490000,393629984,242360000,108930000,580000,60000,90090000,100000,520000,30000,740000
Africa,OWID_AFR,1992,72490000,399980000,248300000,124110000,610000,60000,92850000,110000,530000,30000,760000
Africa,OWID_AFR,1993,72490000,399460000,261280000,137860000,690000,60000,95420000,110000,530000,30000,740000
Africa,OWID_AFR,1994,72490000,406609984,276350016,150240000,1050000,60000,98610000,110000,520000,40000,730000
Africa,OWID_AFR,1995,72490000,413720000,291700000,146770000,1110000,60000,102190000,120000,550000,50000,830000
Africa,OWID_AFR,1996,72700000,422089984,313750016,142300000,1150000,60000,104920000,120000,600000,50000,860000
Africa,OWID_AFR,1997,85860000,430420000,309780000,138280000,1160000,60000,108480000,140000,640000,40000,910000
Africa,OWID_AFR,1998,112790000,452110016,304349984,133580000,1160000,60000,111560000,150000,650000,40000,890000
Africa,OWID_AFR,1999,103560000,456580000,298710016,128840000,1160000,60000,114310000,150000,630000,60000,930000
Africa,OWID_AFR,2000,77680000,462940000,310510016,124470000,1220000,60000,106290000,150000,620000,40000,930000
Africa,OWID_AFR,2001,53650000,456940000,304740000,125580000,1240000,60000,107710000,160000,620000,40000,1020000
Africa,OWID_AFR,2002,52020000,478960000,289160000,131740000,1300000,60000,111310000,170000,670000,40000,1080000
Africa,OWID_AFR,2003,70790000,495529984,314820000,135650000,1410000,60000,114760000,180000,700000,40000,1080000
Africa,OWID_AFR,2004,68200000,501140000,325240000,139510000,1390000,60000,118740000,190000,720000,40000,1120000
Africa,OWID_AFR,2005,77430000,524040000,335230016,143270000,1540000,60000,121330000,190000,760000,30000,1160000
Africa,OWID_AFR,2006,68230000,520780000,333930016,148240000,1700000,60000,123420000,210000,800000,30000,1200000
Africa,OWID_AFR,2007,69280000,546969984,328890016,153030000,1750000,60000,121670000,200000,800000,30000,1270000
Africa,OWID_AFR,2008,72880000,562800000,327789984,158190000,1770000,60000,124140000,220000,870000,20000,1360000
Africa,OWID_AFR,2009,65930000,558180032,314149984,163270000,1870000,60000,127180000,220000,950000,20000,1460000
Africa,OWID_AFR,2010,80880000,582129984,328070016,168360000,1920000,60000,127950000,230000,940000,30000,1560000
Africa,OWID_AFR,2011,79470000,596939968,300800000,152740000,2010000,60000,132080000,230000,940000,30000,1640000
Africa,OWID_AFR,2012,80410000,607249984,326869984,157110000,1940000,60000,130880000,220000,930000,30000,1800000
Africa,OWID_AFR,2013,74430000,612489984,309820000,162030000,2020000,60000,135770000,220000,1020000,30000,1920000
Africa,OWID_AFR,2014,69900000,617840000,305860000,166250000,1950000,60000,140470000,280000,900000,30000,1980000
Africa,OWID_AFR,2015,74330000,632460032,304820000,170590000,2090000,60000,142120000,270000,890000,30000,2020000
Africa,OWID_AFR,2016,77770000,651489984,292800000,174570000,2060000,60000,145760000,270000,890000,20000,2100000
Africa,OWID_AFR,2017,77180000,651230016,306240000,178580000,2180000,60000,152170000,260000,790000,30000,2160000
Africa,OWID_AFR,2018,68440000,661580032,309069984,182680000,2160000,60000,151250000,250000,850000,30000,2240000
Africa,OWID_AFR,2019,70380000,673520000,313900000,187570000,2330000,60000,153810000,240000,890000,40000,2270000
Africa,OWID_AFR,2020,66160000,699670016,273020000,192630000,2410000,60000,160020000,250000,900000,30000,2150000
Africa,OWID_AFR,2021,62300000,704769984,281960000,197590000,2420000,60000,164940000,270000,940000,20000,2400000
Africa,OWID_AFR,2022,55900000,711019968,272370016,202450000,2470000,60000,170200000,260000,990000,20000,2520000
Africa,OWID_AFR,2023,46740000,730960000,280750016,207600000,2500000,60000,173230000,260000,1000000,20000,2490000
Albania,ALB,1990,0,2470000,70000,180000,30000,0,129999,0,0,0,0
Albania,ALB,1991,0,2500000,50000,180000,20000,0,129999,0,0,0,0
Albania,ALB,1992,0,2480000,30000,240000,10000,0,129999,0,0,0,0
Albania,ALB,1993,0,2650000,20000,310000,0,0,120000,0,0,0,0
Albania,ALB,1994,0,3380000,20000,370000,0,0,120000,0,0,0,0
Albania,ALB,1995,0,3460000,10000,430000,0,0,110000,0,0,0,10000
Albania,ALB,1996,10000,3260000,10000,480000,0,0,110000,0,0,0,10000
Albania,ALB,1997,20000,3030000,10000,540000,0,0,100000,0,0,0,0
Albania,ALB,1998,10000,2880000,10000,590000,0,0,100000,0,0,0,10000
Albania,ALB,1999,10000,2950000,10000,630000,10000,0,60000,0,0,0,10000
Albania,ALB,2000,50000,3000000,10000,680000,10000,0,60000,0,0,0,10000
Albania,ALB,2001,0,2930000,10000,680000,10000,0,50000,0,0,0,10000
Albania,ALB,2002,0,2860000,10000,680000,0,0,80000,0,0,0,10000
Albania,ALB,2003,0,2890000,10000,690000,0,0,50000,0,0,0,10000
Albania,ALB,2004,0,2780000,10000,750000,0,0,80000,0,0,0,10000
Albania,ALB,2005,0,2760000,10000,750000,0,0,80000,0,0,0,10000
Albania,ALB,2006,0,2710000,10000,850000,0,0,80000,0,0,0,10000
Albania,ALB,2007,10000,2580000,10000,860000,0,0,70000,0,0,0,10000
Albania,ALB,2008,0,2390000,10000,810000,0,0,70000,0,0,0,10000
Albania,ALB,2009,0,2280000,10000,990000,0,0,70000,0,0,0,10000
Albania,ALB,2010,0,2290000,10000,1010000,0,0,70000,0,0,0,10000
Albania,ALB,2011,0,2280000,20000,1030000,10000,0,70000,0,0,0,10000
Albania,ALB,2012,0,2320000,20000,1060000,10000,0,70000,0,0,0,10000
Albania,ALB,2013,0,2320000,20000,1080000,10000,0,60000,0,0,0,10000
Albania,ALB,2014,0,2350000,20000,1100000,10000,0,60000,0,0,0,10000
Albania,ALB,2015,0,2360000,20000,1110000,10000,0,70000,0,0,0,10000
Albania,ALB,2016,0,2350000,30000,1130000,10000,0,60000,0,0,0,10000
Albania,ALB,2017,0,2300000,20000,1150000,10000,0,50000,0,0,0,10000
Albania,ALB,2018,0,2250000,20000,1170000,10000,0,50000,0,0,0,10000
Albania,ALB,2019,0,2069999,30000,1180000,0,0,50000,0,0,0,10000
Albania,ALB,2020,0,1860000,20000,1200000,10000,0,50000,0,0,0,10000
Albania,ALB,2021,0,1770000,30000,1210000,10000,0,50000,0,0,0,10000
Albania,ALB,2022,0,1620000,80000,1230000,10000,0,40000,0,0,0,10000
Albania,ALB,2023,0,1450000,80000,1260000,0,0,40000,0,0,0,10000
Algeria,DZA,1990,50000,4870000,49650000,1840000,0,0,30000,10000,10000,0,90000
Algeria,DZA,1991,50000,4670000,50070000,1840000,0,0,30000,10000,10000,0,100000
Algeria,DZA,1992,50000,4880000,50600000,3250000,0,0,30000,10000,10000,0,100000
Algeria,DZA,1993,50000,4970000,56020000,4600000,0,0,30000,10000,10000,0,100000
Algeria,DZA,1994,50000,4770000,59950000,5880000,0,0,30000,10000,10000,0,90000
Algeria,DZA,1995,50000,4790000,63740000,6680000,0,0,30000,10000,10000,0,90000
Algeria,DZA,1996,70000,4820000,66440004,7480000,0,0,30000,10000,10000,0,90000
Algeria,DZA,1997,50000,4820000,64830000,8290000,0,0,40000,20000,10000,0,90000
Algeria,DZA,1998,50000,5080000,63690000,9090000,0,0,40000,10000,10000,0,90000
Algeria,DZA,1999,50000,5320000,63220000,9890000,0,0,40000,20000,10000,0,90000
Algeria,DZA,2000,270000,5330000,67250000,10690000,0,0,40000,20000,10000,0,90000
Algeria,DZA,2001,0,5370000,63640000,11490000,0,0,40000,20000,10000,0,90000
Algeria,DZA,2002,20000,5210000,64989996,12240000,0,0,50000,20000,10000,0,110000
Algeria,DZA,2003,40000,5370000,72530000,12960000,0,0,50000,20000,10000,0,110000
Algeria,DZA,2004,10000,5620000,73490000,13650000,0,0,50000,20000,10000,0,110000
Algeria,DZA,2005,30000,5660000,76290000,14310000,0,0,60000,20000,10000,0,110000
Algeria,DZA,2006,30000,5820000,77530000,14960000,0,0,50000,20000,10000,0,110000
Algeria,DZA,2007,110000,5930000,76400000,15580000,0,0,60000,20000,10000,0,129999
Algeria,DZA,2008,70000,5850000,73960000,16190001,0,0,50000,20000,10000,0,129999
Algeria,DZA,2009,20000,6190000,69060000,16790000,10000,0,50000,20000,10000,0,140000
Algeria,DZA,2010,10000,6520000,68980000,17370000,10000,0,50000,20000,10000,0,150000
Algeria,DZA,2011,60000,6740000,66350000,17950000,10000,0,40000,20000,10000,0,170000
Algeria,DZA,2012,120000,7110000,71960000,18530000,10000,0,50000,20000,10000,0,190000
Algeria,DZA,2013,10000,7350000,72480000,19100000,20000,0,50000,20000,10000,0,210000
Algeria,DZA,2014,20000,7790000,74640000,19670000,10000,0,50000,30000,10000,0,220000
Algeria,DZA,2015,0,7900000,75540000,20240000,10000,0,50000,30000,10000,0,230000
Algeria,DZA,2016,20000,7840000,75890000,20820000,10000,0,50000,30000,10000,0,230000
Algeria,DZA,2017,150000,7730000,77000000,21400000,20000,0,60000,30000,10000,0,230000
Algeria,DZA,2018,0,7660000,77520000,22060000,20000,0,70000,30000,10000,0,240000
Algeria,DZA,2019,20000,7740000,79620000,22630000,20000,0,70000,30000,10000,0,259999
Algeria,DZA,2020,60000,7940000,74650000,23190000,20000,0,70000,30000,10000,0,240000
Algeria,DZA,2021,129999,7990000,72400000,23750000,20000,0,70000,30000,10000,0,280000
Algeria,DZA,2022,40000,8000000,74860000,24300000,20000,0,80000,30000,10000,0,320000
Algeria,DZA,2023,40000,8180000,72160000,24870000,20000,0,70000,30000,10000,0,320000
Andorra,AND,1990,0,0,0,40000,,0,,,,,
Andorra,AND,1991,0,0,0,40000,,0,,,,,
Andorra,AND,1992,0,0,0,40000,,0,,,,,
Andorra,AND,1993,0,0,0,40000,,0,,,,,
Andorra,AND,1994,0,0,0,40000,,0,,,,,
Andorra,AND,1995,0,0,0,50000,,0,,,,,
Andorra,AND,1996,0,0,0,50000,,0,,,,,
Andorra,AND,1997,0,0,0,50000,,0,,,,,
Andorra,AND,1998,0,0,0,50000,,0,,,,,
Andorra,AND,1999,0,0,0,50000,,0,,,,,
Andorra,AND,2000,0,0,0,50000,,0,,,,,
Andorra,AND,2001,0,0,0,50000,,0,,,,,
Andorra,AND,2002,0,0,0,60000,,0,,,,,
Andorra,AND,2003,0,0,0,70000,,0,,,,,
Andorra,AND,2004,0,0,0,80000,,0,,,,,
Andorra,AND,2005,0,0,0,90000,,0,,,,,
Andorra,AND,2006,0,0,0,120000,,0,,,,,
Andorra,AND,2007,0,0,0,120000,,0,,,,,
Andorra,AND,2008,0,0,0,120000,,0,,,,,
Andorra,AND,2009,0,0,0,110000,,0,,,,,
Andorra,AND,2010,0,0,0,110000,,0,,,,,
Andorra,AND,2011,0,0,0,110000,,0,,,,,
Andorra,AND,2012,0,0,0,110000,,0,,,,,
Andorra,AND,2013,0,0,0,110000,,0,,,,,
Andorra,AND,2014,0,0,0,110000,,0,,,,,
Andorra,AND,2015,0,0,0,110000,,0,,,,,
Andorra,AND,2016,0,0,0,110000,,0,,,,,
Andorra,AND,2017,0,0,0,120000,,0,,,,,
Andorra,AND,2018,0,0,0,120000,,0,,,,,
Andorra,AND,2019,0,0,0,120000,,0,,,,,
Andorra,AND,2020,0,0,0,120000,,0,,,,,
Andorra,AND,2021,0,0,0,120000,,0,,,,,
Andorra,AND,2022,0,0,0,120000,,0,,,,,
Andorra,AND,2023,0,0,0,129999,,0,,,,,
Angola,AGO,1990,9380000,16810000,10690000,150000,0,0,2890000,0,0,0,10000
Angola,AGO,1991,9380000,16860000,10990000,150000,0,0,2960000,0,0,0,10000
Angola,AGO,1992,9380000,16930000,11890000,270000,0,0,3030000,0,0,0,10000
Angola,AGO,1993,9380000,16850000,13810000,350000,0,0,3100000,0,0,0,10000
Angola,AGO,1994,9380000,16880000,16480000,410000,0,0,3160000,0,0,0,10000
Angola,AGO,1995,9380000,16770000,20640000,470000,0,0,3200000,0,0,0,10000
Angola,AGO,1996,13750000,15320000,24710000,510000,0,0,3250000,0,10000,0,10000
Angola,AGO,1997,12260000,15180000,25880000,550000,0,0,3290000,0,10000,0,10000
Angola,AGO,1998,16540001,16780000,27930000,590000,0,0,3330000,0,0,0,0
Angola,AGO,1999,15410000,15630000,28200000,620000,0,0,3370000,0,10000,0,10000
Angola,AGO,2000,11110000,16120001,26530000,660000,0,0,3400000,0,10000,0,10000
Angola,AGO,2001,7540000,16760000,25530000,730000,0,0,3440000,0,10000,0,10000
Angola,AGO,2002,7180000,17890000,26110000,800000,0,0,3470000,0,10000,0,10000
Angola,AGO,2003,7820000,20230000,25490000,870000,0,0,3510000,0,10000,0,10000
Angola,AGO,2004,8910000,20060000,26470000,940000,0,0,3540000,0,10000,0,20000
Angola,AGO,2005,9440000,20020000,29780000,1010000,0,0,3580000,0,10000,0,10000
Angola,AGO,2006,7800000,18500000,30930000,1050000,0,0,3650000,0,10000,0,10000
Angola,AGO,2007,7810000,19740000,34240000,1090000,0,0,3720000,0,10000,0,20000
Angola,AGO,2008,8700000,18690000,38210000,1140000,0,0,3800000,0,10000,0,20000
Angola,AGO,2009,10080000,18620000,36200000,1190000,0,0,3880000,0,10000,0,30000
Angola,AGO,2010,11080000,19440000,37680000,1240000,0,0,3960000,0,10000,0,30000
Angola,AGO,2011,10300000,20050000,35980000,1290000,0,0,4040000,0,10000,0,30000
Angola,AGO,2012,10740000,19060000,35460000,1340000,0,0,4120000,0,10000,0,40000
Angola,AGO,2013,9610000,19670000,34590000,1390000,0,0,4210000,0,10000,0,40000
Angola,AGO,2014,9270000,18970000,33870000,1450000,0,0,4280000,10000,10000,0,40000
Angola,AGO,2015,9340000,19700000,37580000,1510000,0,0,4350000,10000,10000,0,40000
Angola,AGO,2016,8189999,19880000,37330000,1570000,0,0,4420000,10000,10000,0,40000
Angola,AGO,2017,10630000,19900000,35280000,1630000,0,0,4490000,0,10000,0,30000
Angola,AGO,2018,6630000,17840000,30280000,1690000,0,0,4560000,0,10000,0,30000
Angola,AGO,2019,9500000,19730000,27950000,1760000,0,0,4630000,0,10000,0,30000
Angola,AGO,2020,7660000,18990000,24230000,1820000,0,0,4680000,0,10000,0,20000
Angola,AGO,2021,7210000,19100000,21980000,1890000,0,0,4750000,0,10000,0,40000
Angola,AGO,2022,5610000,18900000,21950000,1950000,0,0,4810000,0,10000,0,50000
Angola,AGO,2023,5440000,19900000,23030000,2020000,0,0,4860000,0,10000,0,50000
Antigua and Barbuda,ATG,1990,0,30000,0,110000,,0,0,0,,0,0
Antigua and Barbuda,ATG,1991,0,30000,0,110000,,0,0,0,,0,0
Antigua and Barbuda,ATG,1992,0,30000,0,120000,,0,0,0,,0,0
Antigua and Barbuda,ATG,1993,0,30000,0,120000,,0,0,0,,0,0
Antigua and Barbuda,ATG,1994,0,30000,0,129999,,0,0,0,,0,0
Antigua and Barbuda,ATG,1995,0,30000,0,140000,,0,0,0,,0,0
Antigua and Barbuda,ATG,1996,0,30000,0,140000,,0,0,0,,0,0
Antigua and Barbuda,ATG,1997,0,30000,0,150000,,0,0,0,,0,0
Antigua and Barbuda,ATG,1998,0,30000,0,150000,,0,0,0,,0,0
Antigua and Barbuda,ATG,1999,0,30000,0,160000,,0,0,0,,0,0
Antigua and Barbuda,ATG,2000,0,30000,0,160000,,0,0,0,,0,0
Antigua and Barbuda,ATG,2001,0,30000,0,10000,,0,0,0,,0,0
Antigua and Barbuda,ATG,2002,0,30000,0,10000,,0,0,0,,0,0
Antigua and Barbuda,ATG,2003,0,30000,0,10000,,0,0,0,,0,0
Antigua and Barbuda,ATG,2004,0,40000,0,10000,,0,0,0,,0,0
Antigua and Barbuda,ATG,2005,0,40000,0,10000,,0,0,0,,0,0
Antigua and Barbuda,ATG,2006,0,40000,0,10000,,0,0,0,,0,0
Antigua and Barbuda,ATG,2007,0,40000,0,10000,,0,0,0,,0,0
Antigua and Barbuda,ATG,2008,0,30000,0,10000,,0,0,0,,0,0
Antigua and Barbuda,ATG,2009,0,30000,0,10000,,0,0,0,,0,0
Antigua and Barbuda,ATG,2010,0,20000,0,10000,,0,0,0,,0,0
Antigua and Barbuda,ATG,2011,0,20000,0,10000,,0,0,0,,0,0
Antigua and Barbuda,ATG,2012,0,20000,0,10000,,0,0,0,,0,0
Antigua and Barbuda,ATG,2013,0,20000,0,10000,,0,0,0,,0,0
Antigua and Barbuda,ATG,2014,0,20000,0,10000,,0,0,0,,0,0
Antigua and Barbuda,ATG,2015,0,20000,0,10000,,0,0,0,,0,0
Antigua and Barbuda,ATG,2016,0,20000,0,10000,,0,0,0,,0,0
Antigua and Barbuda,ATG,2017,0,20000,0,10000,,0,0,0,,0,0
Antigua and Barbuda,ATG,2018,0,20000,0,10000,,0,0,0,,0,0
Antigua and Barbuda,ATG,2019,0,10000,0,10000,,0,0,0,,0,0
Antigua and Barbuda,ATG,2020,0,20000,0,10000,,0,0,0,,0,0
Antigua and Barbuda,ATG,2021,0,10000,0,10000,,0,0,0,,0,0
Antigua and Barbuda,ATG,2022,0,10000,0,10000,,0,0,0,,0,0
Antigua and Barbuda,ATG,2023,0,10000,0,10000,,0,0,0,,0,0
Argentina,ARG,1990,750000,94750000,21440000,11500000,20000,0,300000,20000,40000,10000,190000
Argentina,ARG,1991,750000,93600000,21080000,11750000,20000,0,350000,30000,40000,0,210000
Argentina,ARG,1992,750000,94690000,22270000,12010000,20000,0,430000,30000,40000,0,240000
Argentina,ARG,1993,750000,93180000,22250000,12260000,20000,0,470000,20000,40000,0,259999
Argentina,ARG,1994,750000,93880000,22390000,12520000,30000,0,370000,20000,50000,0,259999
Argentina,ARG,1995,750000,93140000,24760000,13100000,30000,0,350000,20000,50000,0,259999
Argentina,ARG,1996,2410000,90270000,26170000,13670000,30000,0,350000,20000,50000,0,310000
Argentina,ARG,1997,2930000,89420000,27170000,14250000,30000,0,340000,20000,60000,10000,310000
Argentina,ARG,1998,2710000,86400000,26880000,15300000,30000,0,360000,30000,60000,0,330000
Argentina,ARG,1999,3860000,88740000,27670000,16350000,30000,0,400000,30000,60000,0,310000
Argentina,ARG,2000,1780000,89030000,27430000,17400000,30000,0,400000,30000,60000,0,310000
Argentina,ARG,2001,230000,88040000,28550000,18170000,30000,0,259999,30000,50000,10000,310000
Argentina,ARG,2002,300000,91750000,28440000,18930000,30000,0,280000,30000,50000,0,310000
Argentina,ARG,2003,410000,98840000,29270000,19700000,30000,0,330000,30000,50000,10000,350000
Argentina,ARG,2004,540000,99870000,29430000,20470000,40000,0,300000,40000,50000,0,390000
Argentina,ARG,2005,420000,99890000,28310000,21240000,40000,0,250000,40000,50000,10000,390000
Argentina,ARG,2006,350000,102100000,28580000,22010000,40000,0,250000,40000,50000,10000,410000
Argentina,ARG,2007,470000,102820000,27610000,22780000,50000,0,259999,50000,40000,10000,410000
Argentina,ARG,2008,500000,101430000,28070000,23540000,40000,0,250000,50000,40000,10000,430000
Argentina,ARG,2009,470000,95890000,25980000,24310000,40000,0,230000,50000,40000,10000,410000
Argentina,ARG,2010,290000,86960000,25940000,25080000,40000,0,250000,60000,40000,10000,440000
Argentina,ARG,2011,240000,86080000,25390000,25650000,40000,0,259999,60000,40000,10000,480000
Argentina,ARG,2012,240000,88950000,26210000,26210000,40000,0,230000,60000,40000,10000,490000
Argentina,ARG,2013,660000,90660000,26010000,26720000,50000,0,250000,60000,40000,10000,500000
Argentina,ARG,2014,70000,91550000,26110000,27220000,40000,0,250000,60000,40000,10000,500000
Argentina,ARG,2015,160000,90740000,26330000,27700000,40000,0,250000,60000,40000,10000,530000
Argentina,ARG,2016,120000,92760000,26150000,28160000,40000,0,240000,70000,40000,10000,519999
Argentina,ARG,2017,490000,96900000,25990000,28600000,40000,0,240000,60000,40000,10000,510000
Argentina,ARG,2018,100000,96110000,28210000,29020000,40000,0,240000,50000,50000,10000,510000
Argentina,ARG,2019,90000,96040000,31090000,29410000,40000,0,240000,60000,50000,0,510000
Argentina,ARG,2020,800000,96370000,28780000,29560000,30000,0,240000,70000,40000,10000,370000
Argentina,ARG,2021,180000,93580000,32430000,29630000,40000,0,230000,70000,40000,10000,470000
Argentina,ARG,2022,820000,93920000,36330000,29720000,40000,0,230000,80000,30000,10000,510000
Argentina,ARG,2023,110000,94330000,37540000,30540000,40000,0,190000,70000,30000,10000,500000
Armenia,ARM,1990,0,910000,2230000,810000,0,0,100000,10000,0,0,30000
Armenia,ARM,1991,0,890000,2069999,800000,0,0,60000,10000,0,0,30000
Armenia,ARM,1992,0,790000,1910000,790000,0,0,30000,0,0,0,20000
Armenia,ARM,1993,0,700000,1750000,780000,0,0,0,0,0,0,10000
Armenia,ARM,1994,0,690000,1590000,760000,0,0,10000,0,0,0,0
Armenia,ARM,1995,0,680000,1430000,750000,0,0,0,0,0,0,0
Armenia,ARM,1996,0,680000,1270000,740000,0,0,0,0,0,0,0
Armenia,ARM,1997,0,680000,1110000,730000,0,0,0,0,0,0,0
Armenia,ARM,1998,0,620000,950000,730000,0,0,0,0,0,0,0
Armenia,ARM,1999,0,630000,790000,720000,0,0,0,0,0,0,0
Armenia,ARM,2000,0,640000,630000,710000,0,0,0,0,0,0,10000
Armenia,ARM,2001,0,660000,660000,710000,0,0,0,0,0,0,10000
Armenia,ARM,2002,0,690000,680000,720000,0,0,0,0,0,0,10000
Armenia,ARM,2003,0,710000,710000,720000,0,0,10000,0,0,0,10000
Armenia,ARM,2004,0,750000,730000,730000,0,0,0,0,0,0,10000
Armenia,ARM,2005,0,750000,760000,730000,0,0,0,0,0,0,10000
Armenia,ARM,2006,0,770000,790000,740000,0,0,0,0,0,0,10000
Armenia,ARM,2007,0,810000,810000,740000,0,0,0,0,0,0,30000
Armenia,ARM,2008,0,810000,840000,740000,0,0,0,0,0,0,40000
Armenia,ARM,2009,0,750000,870000,740000,0,0,0,0,0,0,30000
Armenia,ARM,2010,0,740000,900000,750000,0,0,0,0,0,0,40000
Armenia,ARM,2011,0,730000,1030000,760000,0,0,0,0,0,0,40000
Armenia,ARM,2012,0,770000,1220000,770000,0,0,0,0,0,0,50000
Armenia,ARM,2013,0,850000,1200000,780000,0,0,0,0,0,0,40000
Armenia,ARM,2014,0,870000,1240000,780000,10000,0,10000,0,0,0,50000
Armenia,ARM,2015,0,890000,1020000,790000,0,0,40000,0,0,0,50000
Armenia,ARM,2016,0,910000,1100000,800000,0,0,50000,0,0,0,50000
Armenia,ARM,2017,0,850000,1170000,810000,0,0,50000,0,0,0,50000
Armenia,ARM,2018,0,770000,1230000,810000,0,0,50000,0,0,0,60000
Armenia,ARM,2019,0,740000,1240000,810000,0,0,50000,0,0,0,60000
Armenia,ARM,2020,0,750000,1260000,820000,0,0,50000,0,0,0,50000
Armenia,ARM,2021,0,800000,1350000,820000,0,0,50000,0,0,0,60000
Armenia,ARM,2022,0,740000,1430000,810000,0,0,50000,0,0,0,60000
Armenia,ARM,2023,0,670000,1470000,820000,0,0,50000,0,0,0,60000
Asia,OWID_ASI,1990,83230000,1476630016,823020032,463620000,6950000,190000,414920000,1200000,4750000,250000,4780000
Asia,OWID_ASI,1991,83230000,1483400064,827910016,472549984,7019999,180000,416940000,1170000,4960000,290000,4980000
Asia,OWID_ASI,1992,83240000,1490979968,803459968,519900000,6400000,160000,416460000,1280000,5070000,330000,5230000
Asia,OWID_ASI,1993,83240000,1497650048,828299968,563379968,6250000,140000,418209984,1350000,5220000,320000,5620000
Asia,OWID_ASI,1994,83240000,1516800000,819880000,613550016,6580000,140000,414550016,1470000,5450000,350000,5710000
Asia,OWID_ASI,1995,83240000,1549810048,848030016,624710016,6130000,140000,417380000,1590000,5920000,370000,6040000
Asia,OWID_ASI,1996,36950000,1580579968,859969984,635260032,4340000,130000,410320000,1580000,5710000,400000,6530000
Asia,OWID_ASI,1997,311860000,1539389952,860049984,645060032,5980000,130000,416380000,1680000,5720000,440000,6670000
Asia,OWID_ASI,1998,120120000,1556189952,856600000,652379968,5910000,120000,409680000,1660000,5850000,440000,6700000
Asia,OWID_ASI,1999,54960000,1584409984,866940032,661249984,5749999,130000,409390016,1740000,5490000,450000,6960000
Asia,OWID_ASI,2000,26890000,1578729984,934320000,669720000,4290000,130000,408169984,1830000,5410000,450000,7480000
Asia,OWID_ASI,2001,16480000,1565730048,946920000,650129984,4560000,130000,400609984,1860000,5620000,440000,7720000
Asia,OWID_ASI,2002,149620000,1554050048,965910016,644150016,4930000,130000,399410016,1950000,5810000,430000,8100000
Asia,OWID_ASI,2003,61410000,1556550016,1057770048,638360000,5540000,130000,394790016,2120000,6350000,490000,8560000
Asia,OWID_ASI,2004,165660000,1582030080,1119250048,631139968,6000000,130000,389529984,2290000,7380000,530000,9090000
Asia,OWID_ASI,2005,80920000,1611570048,1188099968,624489984,6430000,130000,384540000,2430000,8690000,580000,9520000
Asia,OWID_ASI,2006,181360000,1636759936,1249880064,630249984,6620000,130000,382989984,2600000,9190000,620000,9950000
Asia,OWID_ASI,2007,40990000,1649510016,1294710016,634440000,6710000,130000,370130016,2840000,9700000,650000,10550000
Asia,OWID_ASI,2008,23340000,1672729984,1328659968,642240000,7660000,120000,356740000,2980000,10120000,690000,11620000
Asia,OWID_ASI,2009,137540000,1671510016,1322489984,648110016,7230000,120000,348700000,3170000,10530000,640000,12420000
Asia,OWID_ASI,2010,34300000,1679929984,1405480064,652689984,7290000,120000,340280000,3710000,11340000,720000,13290000
Asia,OWID_ASI,2011,69920000,1685600000,1495560064,668019968,7190000,120000,331440000,4120000,11780000,740000,14180000
Asia,OWID_ASI,2012,78590000,1690109952,1470940032,684430016,7550000,120000,321820000,4310000,11930000,740000,15010000
Asia,OWID_ASI,2013,68870000,1697529984,1484140032,704830016,7920000,120000,317280000,4560000,11730000,740000,16110000
Asia,OWID_ASI,2014,162310000,1700140032,1482630016,735960000,7840000,120000,315729984,4700000,11920000,740000,16850000
Asia,OWID_ASI,2015,166840000,1707350016,1436150016,754449984,8370000,120000,304869984,4770000,11760000,810000,18000000
Asia,OWID_ASI,2016,34600000,1719559936,1415040000,771220032,8570000,130000,295010016,5400000,11310000,850000,18710000
Asia,OWID_ASI,2017,21340000,1733510016,1416920064,785980032,8500000,130000,292529984,5860000,11040000,870000,19490000
Asia,OWID_ASI,2018,68590000,1726880000,1443500032,799899968,7580000,130000,287449984,6250000,10800000,880000,20560000
Asia,OWID_ASI,2019,131430000,1719740032,1466520064,811520000,7010000,120000,273300000,6530000,10490000,830000,21580000
Asia,OWID_ASI,2020,28970000,1764259968,1384560000,826310016,6980000,110000,263170000,6810000,10450000,840000,20490000
Asia,OWID_ASI,2021,23880000,1792210048,1429680000,838120000,6060000,130000,251850000,7640000,10660000,880000,21980000
Asia,OWID_ASI,2022,10810000,1808700032,1468440064,852160000,5900000,130000,241390000,8390000,10690000,900000,22380000
Asia,OWID_ASI,2023,82860000,1810019968,1522329984,878760000,5800000,130000,233980000,8730000,10970000,920000,23050000
Australia,AUS,1990,2360000,114260000,25300000,19210000,10000,90000,650000,70000,100000,10000,530000
Australia,AUS,1991,2360000,113290000,27150000,19230000,10000,80000,670000,70000,100000,10000,510000
Australia,AUS,1992,2360000,110640000,28050000,19080000,10000,90000,680000,70000,90000,10000,540000
Australia,AUS,1993,2360000,108600000,28920000,19060000,10000,90000,810000,70000,100000,10000,550000
Australia,AUS,1994,2360000,110520000,28720000,18430000,10000,100000,710000,70000,110000,10000,570000
Australia,AUS,1995,2360000,107670000,30680000,18590000,10000,110000,710000,70000,110000,10000,590000
Australia,AUS,1996,4690000,102310000,31220000,17040000,10000,110000,690000,80000,140000,10000,600000
Australia,AUS,1997,7030000,102020000,33400002,16930000,10000,110000,690000,80000,140000,10000,610000
Australia,AUS,1998,5470000,105060000,35560000,16190001,20000,120000,690000,80000,140000,10000,620000
Australia,AUS,1999,7580000,121450000,36020000,16350000,20000,110000,680000,80000,140000,10000,630000
Australia,AUS,2000,2470000,131649992,38970000,16160000,20000,100000,690000,80000,140000,10000,650000
Australia,AUS,2001,1610000,141120000,41940000,16240000,20000,90000,700000,90000,140000,10000,640000
Australia,AUS,2002,2420000,133300000,42560000,16490000,20000,90000,740000,90000,140000,10000,650000
Australia,AUS,2003,3830000,90730000,42600000,15480000,20000,100000,670000,129999,110000,10000,650000
Australia,AUS,2004,430000,113120000,43540000,15040000,20000,100000,590000,129999,110000,10000,680000
Australia,AUS,2005,380000,91220000,46320000,14880000,20000,90000,540000,140000,110000,10000,660000
Australia,AUS,2006,3110000,110870000,47140000,14590000,20000,100000,540000,140000,110000,10000,680000
Australia,AUS,2007,1170000,105910000,50220000,14830000,20000,100000,550000,150000,110000,10000,660000
Australia,AUS,2008,230000,86910000,50390000,15330000,20000,100000,540000,160000,110000,10000,660000
Australia,AUS,2009,1820000,90840000,51020000,15300000,20000,90000,530000,100000,120000,10000,640000
Australia,AUS,2010,290000,76480000,57450000,15650000,20000,100000,500000,100000,140000,10000,650000
Australia,AUS,2011,680000,132070008,54440000,15210000,20000,110000,480000,100000,140000,10000,660000
Australia,AUS,2012,1050000,132259992,56470000,13870000,20000,80000,480000,100000,140000,10000,650000
Australia,AUS,2013,1610000,89900000,61350000,13050000,20000,80000,480000,100000,150000,10000,650000
Australia,AUS,2014,1180000,100660000,66750000,13090000,20000,70000,480000,100000,140000,10000,640000
Australia,AUS,2015,740000,95420000,69830000,12650000,20000,80000,460000,100000,150000,10000,610000
Australia,AUS,2016,960000,76210000,69370000,12980000,30000,80000,450000,110000,150000,10000,600000
Australia,AUS,2017,610000,99820000,67260000,13330000,30000,80000,450000,110000,170000,10000,600000
Australia,AUS,2018,1050000,99320000,65879996,13160000,30000,80000,440000,110000,160000,10000,580000
Australia,AUS,2019,10660000,80730000,65820000,13010000,20000,80000,440000,110000,150000,10000,570000
Australia,AUS,2020,5860000,67030000,62650000,12670000,20000,80000,430000,110000,140000,10000,510000
Australia,AUS,2021,220000,76650000,56150000,12770000,30000,80000,440000,100000,150000,0,500000
Australia,AUS,2022,220000,79240000,54070000,12880000,30000,80000,430000,100000,150000,10000,470000
Australia,AUS,2023,530000,125300000,55540000,13010000,30000,80000,450000,100000,150000,10000,510000
Austria,AUT,1990,0,7360000,670000,4220000,40000,90000,770000,20000,30000,0,100000
Austria,AUT,1991,0,7340000,510000,4300000,50000,90000,850000,20000,30000,0,110000
Austria,AUT,1992,0,7200000,550000,4250000,40000,90000,780000,20000,30000,0,110000
Austria,AUT,1993,0,6930000,530000,4210000,40000,90000,750000,30000,30000,0,100000
Austria,AUT,1994,0,6820000,380000,4080000,40000,90000,690000,30000,30000,0,100000
Austria,AUT,1995,0,6440000,380000,3880000,40000,90000,730000,30000,30000,0,100000
Austria,AUT,1996,0,6430000,360000,3660000,50000,90000,780000,30000,30000,0,100000
Austria,AUT,1997,0,6320000,350000,3490000,50000,90000,700000,30000,30000,0,90000
Austria,AUT,1998,0,6170000,360000,3340000,40000,90000,680000,30000,30000,0,100000
Austria,AUT,1999,0,6150000,370000,3200000,50000,90000,690000,30000,40000,0,90000
Austria,AUT,2000,0,6040000,370000,3060000,50000,90000,640000,30000,40000,0,90000
Austria,AUT,2001,0,5990000,370000,2940000,50000,90000,670000,30000,40000,0,90000
Austria,AUT,2002,0,5920000,370000,2920000,50000,90000,620000,30000,40000,0,100000
Austria,AUT,2003,0,5750000,370000,2910000,50000,90000,620000,40000,40000,0,110000
Austria,AUT,2004,0,5650000,340000,2950000,60000,90000,600000,40000,50000,0,100000
Austria,AUT,2005,0,5620000,310000,2780000,50000,100000,590000,40000,50000,0,110000
Austria,AUT,2006,0,5550000,320000,2640000,50000,120000,620000,50000,60000,0,110000
Austria,AUT,2007,0,5510000,320000,2490000,50000,120000,620000,60000,60000,0,110000
Austria,AUT,2008,0,5550000,300000,2360000,50000,110000,630000,70000,60000,0,100000
Austria,AUT,2009,0,5500000,310000,2170000,50000,110000,630000,70000,60000,0,100000
Austria,AUT,2010,0,5580000,320000,2010000,60000,110000,710000,80000,60000,0,100000
Austria,AUT,2011,0,5560000,320000,1860000,50000,110000,660000,90000,60000,0,100000
Austria,AUT,2012,0,5460000,330000,1730000,60000,110000,690000,90000,60000,0,100000
Austria,AUT,2013,0,5410000,310000,1600000,60000,120000,710000,90000,60000,0,100000
Austria,AUT,2014,0,5410000,300000,1460000,60000,110000,620000,80000,60000,0,100000
Austria,AUT,2015,0,5420000,290000,1360000,60000,110000,660000,90000,60000,0,100000
Austria,AUT,2016,0,5410000,290000,1250000,60000,110000,670000,80000,60000,0,100000
Austria,AUT,2017,0,5410000,320000,1160000,70000,110000,690000,90000,60000,0,100000
Austria,AUT,2018,0,5230000,270000,1080000,60000,110000,630000,80000,60000,0,100000
Austria,AUT,2019,0,5150000,259999,1010000,60000,110000,650000,80000,60000,0,100000
Austria,AUT,2020,0,5160000,250000,960000,60000,120000,650000,80000,60000,0,90000
Austria,AUT,2021,0,5140000,250000,900000,70000,120000,780000,90000,60000,0,90000
Austria,AUT,2022,0,5150000,220000,860000,60000,120000,660000,90000,60000,0,90000
Austria,AUT,2023,0,5060000,220000,820000,60000,120000,620000,80000,60000,0,90000
Azerbaijan,AZE,1990,0,3560000,43080000,2170000,20000,0,20000,20000,10000,0,70000
Azerbaijan,AZE,1991,0,3490000,40460000,2180000,10000,0,20000,20000,10000,0,60000
Azerbaijan,AZE,1992,0,2970000,35420000,2190000,10000,0,20000,20000,10000,0,40000
Azerbaijan,AZE,1993,0,2830000,16420000,2220000,10000,0,10000,20000,0,0,30000
Azerbaijan,AZE,1994,0,2650000,2240000,2230000,0,0,20000,20000,0,0,30000
Azerbaijan,AZE,1995,0,2690000,2280000,2260000,0,0,20000,20000,0,0,30000
Azerbaijan,AZE,1996,0,2770000,2110000,2280000,0,0,20000,10000,0,0,30000
Azerbaijan,AZE,1997,0,2920000,2120000,2300000,0,0,20000,10000,0,0,30000
Azerbaijan,AZE,1998,10000,3050000,2580000,2300000,10000,0,20000,20000,0,0,20000
Azerbaijan,AZE,1999,0,3170000,3020000,2310000,10000,0,20000,20000,0,0,20000
Azerbaijan,AZE,2000,20000,3270000,3070000,2340000,10000,0,20000,20000,0,0,20000
Azerbaijan,AZE,2001,0,3440000,3330000,2370000,10000,0,20000,10000,0,0,20000
Azerbaijan,AZE,2002,0,3540000,3340000,2400000,0,0,20000,10000,0,0,20000
Azerbaijan,AZE,2003,0,3700000,3360000,2430000,0,0,20000,10000,0,0,20000
Azerbaijan,AZE,2004,0,3810000,3340000,2510000,0,0,20000,10000,0,0,30000
Azerbaijan,AZE,2005,0,3920000,4620000,2330000,0,0,20000,10000,0,0,30000
Azerbaijan,AZE,2006,0,4090000,6320000,2150000,0,0,20000,10000,0,0,40000
Azerbaijan,AZE,2007,0,4159999,7980000,1970000,0,0,40000,10000,0,0,30000
Azerbaijan,AZE,2008,0,4270000,9420000,1790000,0,0,50000,10000,0,0,40000
Azerbaijan,AZE,2009,0,4350000,9810000,1610000,0,0,40000,10000,0,0,40000
Azerbaijan,AZE,2010,0,4430000,9620000,1430000,0,0,50000,10000,0,0,40000
Azerbaijan,AZE,2011,0,4420000,8890000,1260000,0,0,50000,10000,0,0,50000
Azerbaijan,AZE,2012,0,4460000,8830000,1080000,0,0,50000,10000,0,0,50000
Azerbaijan,AZE,2013,0,4500000,9060000,900000,0,0,50000,10000,0,0,50000
Azerbaijan,AZE,2014,0,4520000,8530000,920000,0,0,40000,10000,0,0,50000
Azerbaijan,AZE,2015,0,4550000,7930000,950000,0,0,40000,10000,0,0,50000
Azerbaijan,AZE,2016,0,4500000,7800000,970000,0,0,30000,10000,0,0,50000
Azerbaijan,AZE,2017,0,4470000,7270000,990000,0,0,30000,10000,0,0,50000
Azerbaijan,AZE,2018,0,4400000,7460000,1010000,0,0,30000,10000,0,0,60000
Azerbaijan,AZE,2019,0,4370000,7450000,1039999,0,0,30000,10000,0,0,60000
Azerbaijan,AZE,2020,10000,4310000,6950000,1060000,0,0,30000,10000,0,0,50000
Azerbaijan,AZE,2021,0,4290000,7170000,1080000,0,0,30000,10000,0,0,60000
Azerbaijan,AZE,2022,0,4220000,7210000,1090000,0,0,30000,10000,0,0,60000
Azerbaijan,AZE,2023,0,4000000,7160000,1120000,0,0,30000,10000,0,0,70000
Bahamas,BHS,1990,30000,10000,0,0,0,0,0,0,0,0,0
Bahamas,BHS,1991,30000,10000,0,0,0,0,0,0,0,0,0
Bahamas,BHS,1992,30000,10000,0,0,0,0,0,0,0,0,0
Bahamas,BHS,1993,30000,10000,0,0,0,0,0,0,0,0,0
Bahamas,BHS,1994,30000,10000,0,0,0,0,0,0,0,0,0
Bahamas,BHS,1995,30000,10000,0,0,0,0,0,0,0,0,0
Bahamas,BHS,1996,80000,10000,0,0,0,0,0,0,0,0,0
Bahamas,BHS,1997,80000,10000,0,0,0,0,0,0,0,0,0
Bahamas,BHS,1998,90000,10000,0,0,0,0,0,0,0,0,0
Bahamas,BHS,1999,80000,10000,0,0,0,0,0,0,0,0,0
Bahamas,BHS,2000,110000,10000,0,0,0,0,0,0,0,0,0
Bahamas,BHS,2001,10000,10000,0,0,0,0,0,0,0,0,0
Bahamas,BHS,2002,10000,10000,0,0,0,0,0,0,0,0,0
Bahamas,BHS,2003,0,10000,0,0,0,0,0,0,0,0,0
Bahamas,BHS,2004,30000,20000,0,0,0,0,0,0,0,0,0
Bahamas,BHS,2005,20000,10000,0,0,0,0,0,0,0,0,0
Bahamas,BHS,2006,10000,10000,0,0,0,0,0,0,0,0,0
Bahamas,BHS,2007,0,10000,0,0,0,0,0,0,0,0,0
Bahamas,BHS,2008,30000,20000,0,0,0,0,0,0,0,0,0
Bahamas,BHS,2009,20000,10000,0,0,0,0,0,0,0,0,0
Bahamas,BHS,2010,10000,10000,0,0,0,0,0,0,0,0,0
Bahamas,BHS,2011,40000,20000,0,0,0,0,0,0,0,0,0
Bahamas,BHS,2012,0,10000,0,0,0,0,0,0,0,0,0
Bahamas,BHS,2013,40000,20000,0,0,0,0,0,0,0,0,0
Bahamas,BHS,2014,10000,10000,0,0,0,0,0,0,0,0,0
Bahamas,BHS,2015,10000,10000,0,0,0,0,0,0,0,0,0
Bahamas,BHS,2016,20000,10000,0,0,0,0,0,0,0,0,0
Bahamas,BHS,2017,50000,20000,0,0,0,0,0,0,0,0,0
Bahamas,BHS,2018,0,10000,0,0,0,0,0,0,0,0,0
Bahamas,BHS,2019,10000,10000,0,0,0,0,0,0,0,0,0
Bahamas,BHS,2020,20000,10000,0,0,0,0,0,0,0,0,0
Bahamas,BHS,2021,10000,10000,0,0,0,0,0,0,0,0,0
Bahamas,BHS,2022,0,10000,0,0,0,0,0,0,0,0,0
Bahamas,BHS,2023,10000,10000,0,0,0,0,0,0,0,0,0
Bahrain,BHR,1990,0,20000,2560000,2380000,0,0,0,0,0,0,10000
Bahrain,BHR,1991,0,20000,2540000,2460000,0,0,0,0,0,0,10000
Bahrain,BHR,1992,0,20000,2720000,2680000,0,0,0,10000,0,0,10000
Bahrain,BHR,1993,0,20000,2790000,2890000,0,0,0,10000,0,0,10000
Bahrain,BHR,1994,0,20000,2730000,3100000,0,0,0,10000,0,0,10000
Bahrain,BHR,1995,0,20000,2770000,3680000,0,0,0,10000,0,0,10000
Bahrain,BHR,1996,0,20000,2800000,4260000,0,0,0,10000,0,0,10000
Bahrain,BHR,1997,0,20000,2920000,4830000,0,0,0,10000,0,0,10000
Bahrain,BHR,1998,0,20000,2990000,5400000,0,0,0,10000,0,0,10000
Bahrain,BHR,1999,0,20000,2970000,5980000,0,0,0,10000,0,0,10000
Bahrain,BHR,2000,0,20000,3040000,6550000,0,0,0,10000,0,0,10000
Bahrain,BHR,2001,0,20000,3050000,6940000,0,0,0,10000,0,0,10000
Bahrain,BHR,2002,0,30000,3100000,7320000,0,0,0,10000,0,0,20000
Bahrain,BHR,2003,0,20000,3170000,7740000,0,0,0,10000,0,0,20000
Bahrain,BHR,2004,0,20000,3160000,8270000,0,0,0,10000,0,0,20000
Bahrain,BHR,2005,0,20000,3340000,8890000,0,0,0,10000,0,0,20000
Bahrain,BHR,2006,0,20000,3400000,9550000,0,0,0,10000,0,0,20000
Bahrain,BHR,2007,0,20000,3470000,10230000,0,0,0,10000,0,0,20000
Bahrain,BHR,2008,0,20000,3580000,10950000,0,0,0,10000,0,0,20000
Bahrain,BHR,2009,0,20000,3580000,11670000,0,0,0,10000,0,0,20000
Bahrain,BHR,2010,0,20000,3690000,12280000,0,0,0,10000,0,0,20000
Bahrain,BHR,2011,0,20000,3790000,12780000,0,0,0,10000,0,0,20000
Bahrain,BHR,2012,0,20000,3600000,13250000,0,0,0,10000,0,0,30000
Bahrain,BHR,2013,0,20000,4230000,13820000,0,0,0,10000,0,0,30000
Bahrain,BHR,2014,0,20000,4250000,14470000,0,0,0,10000,0,0,30000
Bahrain,BHR,2015,0,20000,4090000,15090000,0,0,0,10000,0,0,30000
Bahrain,BHR,2016,0,20000,4260000,15700000,0,0,0,10000,0,0,30000
Bahrain,BHR,2017,0,20000,4300000,16309999,0,0,0,10000,0,0,30000
Bahrain,BHR,2018,0,30000,4130000,16900000,0,0,0,10000,0,0,30000
Bahrain,BHR,2019,0,30000,4560000,17360000,0,0,0,10000,0,0,30000
Bahrain,BHR,2020,0,20000,4530000,17700000,0,0,0,10000,0,0,30000
Bahrain,BHR,2021,0,30000,4340000,18010000,0,0,0,10000,0,0,30000
Bahrain,BHR,2022,0,30000,4410000,18460000,0,0,0,10000,0,0,30000
Bahrain,BHR,2023,0,30000,4470000,19030000,0,0,0,10000,0,0,40000
Bangladesh,BGD,1990,70000,56380000,1260000,12940000,0,0,7110000,0,0,0,10000
Bangladesh,BGD,1991,70000,56110000,1260000,13170000,0,0,7100000,0,0,0,10000
Bangladesh,BGD,1992,70000,56430000,1410000,13850000,0,0,7210000,0,0,0,10000
Bangladesh,BGD,1993,70000,56160000,1560000,14520000,0,0,7270000,0,0,0,10000
Bangladesh,BGD,1994,70000,57230000,1630000,15180000,0,0,7410000,0,0,0,10000
Bangladesh,BGD,1995,70000,58320000,1760000,15230000,0,0,7450000,0,10000,0,10000
Bangladesh,BGD,1996,80000,58960000,1900000,15270000,0,0,7170000,0,0,0,10000
Bangladesh,BGD,1997,80000,59840000,1880000,15320000,10000,0,7420000,0,10000,0,10000
Bangladesh,BGD,1998,60000,59770000,2030000,15390000,10000,0,7530000,0,0,0,10000
Bangladesh,BGD,1999,90000,61780000,2220000,15470000,10000,0,7690000,10000,0,0,10000
Bangladesh,BGD,2000,60000,62150000,2390000,15550000,10000,0,7850000,10000,0,0,10000
Bangladesh,BGD,2001,90000,61570000,2680000,15640000,10000,0,8000000,10000,10000,0,10000
Bangladesh,BGD,2002,0,61790000,2820000,16190001,10000,0,8130000,10000,10000,0,10000
Bangladesh,BGD,2003,40000,61580000,3030000,16740000,10000,0,8270000,10000,10000,0,20000
Bangladesh,BGD,2004,20000,60150000,3260000,17300000,10000,0,8390000,10000,10000,0,20000
Bangladesh,BGD,2005,50000,60990000,3490000,17850000,10000,0,8490000,10000,10000,0,30000
Bangladesh,BGD,2006,250000,61410000,3920000,18070000,10000,0,8570000,10000,10000,0,30000
Bangladesh,BGD,2007,40000,61680000,4130000,18270000,10000,0,8650000,10000,10000,0,50000
Bangladesh,BGD,2008,110000,63940000,4490000,18440000,10000,0,8710000,10000,10000,0,70000
Bangladesh,BGD,2009,129999,64449996,4860000,18600000,10000,0,8740000,10000,10000,0,90000
Bangladesh,BGD,2010,20000,65230004,5270000,18820000,10000,0,8770000,10000,10000,0,120000
Bangladesh,BGD,2011,20000,65519996,5320000,19040000,10000,0,8770000,20000,10000,0,120000
Bangladesh,BGD,2012,40000,65559996,5920000,19280000,10000,0,8770000,20000,10000,0,120000
Bangladesh,BGD,2013,180000,65680000,6500000,19520000,10000,0,8760000,20000,10000,0,120000
Bangladesh,BGD,2014,150000,66000000,6640000,19760000,10000,0,8720000,20000,10000,0,120000
Bangladesh,BGD,2015,20000,66100000,7230000,19990000,10000,0,8660000,20000,20000,0,129999
Bangladesh,BGD,2016,10000,65239996,7870000,20230000,10000,0,8560000,30000,20000,0,140000
Bangladesh,BGD,2017,0,67200000,7870000,20480000,10000,0,8460000,30000,30000,0,150000
Bangladesh,BGD,2018,30000,67150000,7900000,20710000,10000,0,8279999,30000,30000,0,150000
Bangladesh,BGD,2019,10000,67310000,8109999,20930000,10000,0,8170000,30000,30000,0,150000
Bangladesh,BGD,2020,140000,67330000,7720000,21160000,10000,0,8090000,30000,40000,0,129999
Bangladesh,BGD,2021,129999,68360000,7870000,21400000,20000,0,8040000,40000,30000,0,129999
Bangladesh,BGD,2022,10000,68550000,7660000,21620000,20000,0,7990000,40000,30000,0,140000
Bangladesh,BGD,2023,30000,68640000,7080000,21840000,20000,0,7930000,40000,30000,0,160000
Barbados,BRB,1990,0,60000,40000,2180000,0,0,0,0,0,0,0
Barbados,BRB,1991,0,60000,40000,2230000,0,0,0,0,0,0,0
Barbados,BRB,1992,0,60000,50000,2270000,0,0,0,0,0,0,0
Barbados,BRB,1993,0,60000,50000,2310000,0,0,0,0,0,0,0
Barbados,BRB,1994,0,60000,50000,2350000,0,0,0,0,0,0,0
Barbados,BRB,1995,0,60000,50000,2360000,0,0,0,0,0,0,0
Barbados,BRB,1996,0,60000,50000,2370000,0,0,0,0,0,0,0
Barbados,BRB,1997,0,50000,50000,2380000,0,0,0,0,0,0,0
Barbados,BRB,1998,0,50000,40000,2130000,0,0,0,0,0,0,0
Barbados,BRB,1999,0,50000,50000,2130000,0,0,0,0,0,0,0
Barbados,BRB,2000,0,50000,40000,2130000,0,0,0,0,0,0,0
Barbados,BRB,2001,0,40000,40000,2140000,0,0,0,0,0,0,0
Barbados,BRB,2002,0,40000,40000,2150000,0,0,0,0,0,0,0
Barbados,BRB,2003,0,40000,40000,2160000,0,0,0,0,0,0,0
Barbados,BRB,2004,0,30000,30000,2160000,0,0,0,0,0,0,0
Barbados,BRB,2005,0,30000,30000,2170000,0,0,0,0,0,0,0
Barbados,BRB,2006,0,30000,30000,2180000,0,0,0,0,0,0,0
Barbados,BRB,2007,0,20000,30000,2180000,0,0,0,0,0,0,0
Barbados,BRB,2008,0,30000,30000,2190000,0,0,0,0,0,0,0
Barbados,BRB,2009,0,30000,30000,2200000,0,0,0,0,0,0,0
Barbados,BRB,2010,0,30000,30000,2210000,0,0,0,0,0,0,0
Barbados,BRB,2011,0,30000,30000,2210000,0,0,0,0,0,0,0
Barbados,BRB,2012,0,30000,30000,2220000,0,0,0,0,0,0,0
Barbados,BRB,2013,0,30000,30000,2220000,0,0,0,0,0,0,0
Barbados,BRB,2014,0,30000,30000,2230000,0,0,0,0,0,0,0
Barbados,BRB,2015,0,30000,30000,2230000,0,0,0,0,0,0,0
Barbados,BRB,2016,0,30000,30000,2240000,0,0,0,0,0,0,0
Barbados,BRB,2017,0,30000,20000,2240000,0,0,0,0,0,0,0
Barbados,BRB,2018,0,30000,40000,2240000,0,0,0,0,0,0,0
Barbados,BRB,2019,0,30000,40000,2250000,0,0,0,0,0,0,0
Barbados,BRB,2020,0,30000,30000,2250000,0,0,0,0,0,0,0
Barbados,BRB,2021,0,30000,20000,2260000,0,0,0,0,0,0,0
Barbados,BRB,2022,0,30000,20000,2260000,0,0,0,0,0,0,0
Barbados,BRB,2023,0,30000,20000,2260000,0,0,0,0,0,0,0
Belarus,BLR,1990,10000,18070000,3290000,6770000,30000,80000,460000,50000,10000,0,90000
Belarus,BLR,1991,10000,17720000,3130000,6730000,30000,80000,450000,50000,10000,0,100000
Belarus,BLR,1992,10000,15640000,3170000,6510000,20000,70000,400000,40000,0,0,90000
Belarus,BLR,1993,10000,14960000,3090000,6390000,20000,60000,350000,30000,0,0,60000
Belarus,BLR,1994,10000,14180000,2960000,6350000,20000,60000,340000,30000,0,0,50000
Belarus,BLR,1995,10000,13300000,2820000,6330000,10000,60000,320000,30000,0,0,50000
Belarus,BLR,1996,30000,12530000,2830000,6380000,10000,60000,320000,30000,0,0,50000
Belarus,BLR,1997,30000,12120000,2940000,6520000,10000,80000,330000,30000,0,0,50000
Belarus,BLR,1998,30000,11960000,2890000,6660000,20000,90000,340000,30000,0,0,50000
Belarus,BLR,1999,40000,11670000,2910000,6780000,20000,90000,340000,30000,0,0,50000
Belarus,BLR,2000,10000,10920000,3080000,6940000,10000,100000,390000,30000,0,0,40000
Belarus,BLR,2001,10000,10660000,3040000,6910000,10000,110000,380000,30000,0,0,40000
Belarus,BLR,2002,90000,10330000,3070000,7010000,10000,110000,370000,30000,0,0,40000
Belarus,BLR,2003,30000,10100000,3110000,7140000,20000,110000,350000,30000,0,0,40000
Belarus,BLR,2004,10000,9860000,3200000,7330000,20000,120000,340000,30000,0,0,40000
Belarus,BLR,2005,10000,9880000,3130000,7650000,20000,129999,380000,30000,0,0,50000
Belarus,BLR,2006,20000,9890000,3230000,7780000,20000,150000,410000,40000,0,0,50000
Belarus,BLR,2007,0,9840000,3150000,7970000,20000,150000,390000,40000,0,0,50000
Belarus,BLR,2008,0,9810000,3200000,8080000,20000,170000,370000,40000,0,0,60000
Belarus,BLR,2009,0,10030000,3010000,8020000,20000,150000,340000,40000,0,0,60000
Belarus,BLR,2010,0,10080000,3170000,8250000,20000,170000,360000,40000,0,0,60000
Belarus,BLR,2011,0,10160000,3040000,8390000,20000,180000,360000,40000,10000,0,60000
Belarus,BLR,2012,20000,10390000,3090000,8560000,30000,180000,350000,40000,10000,0,60000
Belarus,BLR,2013,0,10540000,3000000,8950000,30000,150000,320000,40000,10000,0,60000
Belarus,BLR,2014,30000,10520000,3080000,9080000,20000,170000,270000,40000,10000,0,60000
Belarus,BLR,2015,10000,10530000,3000000,9040000,20000,160000,230000,40000,10000,0,60000
Belarus,BLR,2016,10000,10380000,2950000,8990000,20000,140000,230000,40000,10000,0,60000
Belarus,BLR,2017,0,10490000,3060000,9140000,20000,150000,259999,40000,10000,0,60000
Belarus,BLR,2018,30000,10420000,3080000,9410000,20000,150000,259999,50000,10000,0,60000
Belarus,BLR,2019,0,10330000,3100000,9480000,20000,170000,250000,50000,10000,0,60000
Belarus,BLR,2020,20000,10300000,3190000,9440000,20000,160000,230000,50000,10000,0,60000
Belarus,BLR,2021,0,10110000,3140000,9540000,20000,160000,240000,60000,10000,0,50000
Belarus,BLR,2022,0,10060000,2960000,9530000,20000,160000,250000,50000,10000,0,50000
Belarus,BLR,2023,0,10020000,3030000,9560000,20000,160000,250000,50000,10000,0,50000
Belgium,BEL,1990,0,8710000,1250000,4370000,10000,70000,320000,20000,40000,30000,120000
Belgium,BEL,1991,0,8780000,1090000,4510000,10000,70000,350000,30000,40000,30000,120000
Belgium,BEL,1992,0,8640000,930000,4620000,10000,70000,320000,30000,40000,30000,129999
Belgium,BEL,1993,0,8580000,980000,4260000,10000,80000,300000,30000,30000,40000,120000
Belgium,BEL,1994,0,8550000,850000,4470000,10000,80000,259999,30000,40000,30000,129999
Belgium,BEL,1995,0,8680000,860000,4460000,10000,70000,259999,30000,40000,30000,129999
Belgium,BEL,1996,0,8640000,840000,4350000,10000,80000,290000,30000,40000,40000,120000
Belgium,BEL,1997,0,8460000,800000,4380000,10000,80000,259999,30000,40000,40000,120000
Belgium,BEL,1998,0,8350000,770000,4250000,10000,80000,220000,30000,40000,50000,120000
Belgium,BEL,1999,0,8730000,770000,3960000,10000,90000,210000,30000,40000,40000,120000
Belgium,BEL,2000,0,8420000,760000,3780000,10000,90000,200000,30000,50000,40000,110000
Belgium,BEL,2001,0,8319999,750000,3330000,10000,90000,220000,30000,50000,40000,110000
Belgium,BEL,2002,0,7990000,720000,3130000,10000,100000,190000,30000,40000,60000,110000
Belgium,BEL,2003,0,7650000,690000,2760000,20000,100000,200000,40000,40000,60000,110000
Belgium,BEL,2004,0,7510000,680000,2740000,20000,129999,200000,40000,40000,60000,110000
Belgium,BEL,2005,0,7380000,700000,2520000,20000,200000,200000,40000,40000,60000,100000
Belgium,BEL,2006,0,7290000,690000,2430000,10000,240000,190000,50000,40000,70000,100000
Belgium,BEL,2007,0,7230000,690000,2240000,20000,240000,230000,50000,30000,80000,90000
Belgium,BEL,2008,0,7190000,670000,2079999,20000,210000,280000,60000,40000,80000,90000
Belgium,BEL,2009,0,7210000,670000,2000000,20000,90000,300000,60000,40000,60000,90000
Belgium,BEL,2010,0,7160000,730000,1800000,20000,100000,350000,60000,40000,60000,90000
Belgium,BEL,2011,0,7100000,680000,1730000,10000,70000,270000,60000,40000,60000,90000
Belgium,BEL,2012,0,6990000,650000,1660000,10000,80000,310000,70000,40000,50000,90000
Belgium,BEL,2013,0,6870000,640000,1490000,10000,80000,360000,60000,50000,50000,80000
Belgium,BEL,2014,0,6980000,640000,1400000,10000,100000,270000,60000,50000,40000,90000
Belgium,BEL,2015,0,7060000,650000,1260000,10000,90000,310000,70000,50000,50000,90000
Belgium,BEL,2016,0,7020000,630000,1190000,20000,100000,330000,60000,50000,60000,100000
Belgium,BEL,2017,0,6770000,620000,1150000,20000,90000,320000,70000,50000,60000,100000
Belgium,BEL,2018,0,6800000,600000,1060000,10000,90000,310000,60000,50000,80000,100000
Belgium,BEL,2019,0,6780000,600000,990000,10000,70000,300000,60000,50000,70000,110000
Belgium,BEL,2020,0,6720000,570000,920000,10000,60000,280000,60000,40000,50000,100000
Belgium,BEL,2021,0,6640000,560000,840000,10000,50000,330000,60000,50000,60000,120000
Belgium,BEL,2022,0,6580000,430000,800000,10000,50000,290000,60000,50000,60000,129999
Belgium,BEL,2023,0,6370000,430000,780000,10000,50000,290000,50000,40000,60000,129999
Belize,BLZ,1990,60000,120000,0,6680000,,0,0,0,0,0,0
Belize,BLZ,1991,60000,110000,0,6820000,,0,0,0,0,0,0
Belize,BLZ,1992,60000,129999,0,6970000,,0,0,0,0,0,0
Belize,BLZ,1993,60000,110000,0,7110000,,0,0,0,0,0,0
Belize,BLZ,1994,60000,120000,0,7270000,,0,0,0,0,0,0
Belize,BLZ,1995,60000,90000,0,6070000,,0,0,0,0,0,0
Belize,BLZ,1996,60000,90000,0,4880000,,0,0,0,0,0,0
Belize,BLZ,1997,40000,90000,0,3680000,,0,0,0,0,0,0
Belize,BLZ,1998,110000,100000,0,2490000,,0,0,0,0,0,0
Belize,BLZ,1999,60000,110000,0,1290000,,0,0,0,0,0,0
Belize,BLZ,2000,90000,100000,0,100000,,0,0,0,0,0,0
Belize,BLZ,2001,20000,110000,10000,110000,,0,0,0,0,0,0
Belize,BLZ,2002,40000,110000,10000,129999,,0,0,0,0,0,0
Belize,BLZ,2003,160000,120000,20000,150000,,0,0,0,0,0,0
Belize,BLZ,2004,0,110000,0,160000,,0,0,0,0,0,0
Belize,BLZ,2005,60000,120000,0,170000,,0,0,0,0,0,0
Belize,BLZ,2006,20000,120000,40000,180000,,0,0,0,0,0,0
Belize,BLZ,2007,80000,140000,50000,180000,,0,0,0,0,0,0
Belize,BLZ,2008,40000,150000,60000,190000,,0,0,0,0,0,0
Belize,BLZ,2009,20000,170000,60000,190000,,0,0,0,0,0,0
Belize,BLZ,2010,40000,170000,70000,190000,,0,0,0,0,0,0
Belize,BLZ,2011,240000,190000,60000,200000,,0,0,0,0,0,0
Belize,BLZ,2012,10000,180000,40000,200000,,0,0,0,0,0,0
Belize,BLZ,2013,80000,210000,30000,210000,,0,0,0,0,0,0
Belize,BLZ,2014,10000,170000,30000,210000,,0,0,0,0,0,0
Belize,BLZ,2015,40000,180000,30000,220000,,0,0,0,0,0,0
Belize,BLZ,2016,30000,180000,30000,220000,,0,0,0,0,0,0
Belize,BLZ,2017,60000,190000,20000,230000,,0,0,0,0,0,0
Belize,BLZ,2018,10000,190000,10000,230000,,0,0,0,0,0,0
Belize,BLZ,2019,50000,190000,20000,240000,,0,0,0,0,0,0
Belize,BLZ,2020,100000,190000,30000,240000,,0,0,0,0,0,0
Belize,BLZ,2021,20000,190000,0,250000,,0,0,0,0,0,0
Belize,BLZ,2022,10000,180000,0,250000,,0,0,0,0,0,0
Belize,BLZ,2023,60000,200000,0,250000,,0,0,0,0,0,0
Benin,BEN,1990,440000,1840000,30000,100000,90000,0,500000,0,0,0,0
Benin,BEN,1991,440000,1920000,30000,100000,90000,0,510000,0,0,0,0
Benin,BEN,1992,440000,1960000,30000,150000,90000,0,519999,0,0,0,0
Benin,BEN,1993,440000,1960000,30000,190000,100000,0,530000,0,0,0,0
Benin,BEN,1994,440000,2130000,20000,220000,100000,0,550000,0,0,0,0
Benin,BEN,1995,440000,1930000,10000,250000,100000,0,550000,0,0,0,0
Benin,BEN,1996,530000,2450000,10000,220000,110000,0,620000,0,0,0,0
Benin,BEN,1997,440000,2560000,10000,190000,110000,0,660000,0,0,0,10000
Benin,BEN,1998,1100000,2740000,10000,160000,90000,0,710000,0,0,0,10000
Benin,BEN,1999,930000,2620000,0,129999,50000,0,970000,0,0,0,10000
Benin,BEN,2000,640000,2950000,0,100000,0,0,1000000,0,0,0,10000
Benin,BEN,2001,50000,2410000,10000,100000,0,0,1030000,0,0,0,10000
Benin,BEN,2002,40000,2690000,10000,100000,0,0,1070000,0,0,0,10000
Benin,BEN,2003,40000,2600000,10000,110000,0,0,1100000,0,0,0,10000
Benin,BEN,2004,20000,2570000,10000,110000,0,0,1130000,0,0,0,10000
Benin,BEN,2005,80000,2980000,10000,110000,0,0,1160000,0,0,0,10000
Benin,BEN,2006,50000,2800000,10000,120000,0,0,1290000,0,0,0,20000
Benin,BEN,2007,50000,2880000,10000,120000,0,0,1320000,0,0,0,20000
Benin,BEN,2008,20000,2740000,10000,129999,0,0,1360000,0,0,0,20000
Benin,BEN,2009,30000,2820000,10000,129999,0,0,1400000,0,0,0,20000
Benin,BEN,2010,10000,2840000,20000,129999,0,0,1130000,0,0,0,20000
Benin,BEN,2011,40000,2970000,20000,140000,0,0,1150000,0,0,0,20000
Benin,BEN,2012,20000,3020000,10000,140000,0,0,1190000,0,0,0,20000
Benin,BEN,2013,20000,3200000,20000,150000,0,0,1320000,0,0,0,30000
Benin,BEN,2014,0,3130000,20000,150000,0,0,1360000,0,0,0,30000
Benin,BEN,2015,20000,3180000,20000,160000,0,0,1390000,0,0,0,30000
Benin,BEN,2016,10000,3320000,20000,160000,0,0,1450000,0,0,0,50000
Benin,BEN,2017,20000,3330000,20000,170000,0,0,1470000,0,0,0,50000
Benin,BEN,2018,10000,3410000,20000,170000,0,0,1530000,0,0,0,50000
Benin,BEN,2019,20000,3550000,30000,180000,0,0,1630000,0,0,0,50000
Benin,BEN,2020,20000,3280000,40000,180000,0,0,1670000,0,0,0,50000
Benin,BEN,2021,10000,3550000,30000,190000,0,0,1670000,0,0,0,40000
Benin,BEN,2022,0,3700000,30000,190000,0,0,1700000,0,0,0,40000
Benin,BEN,2023,10000,4050000,30000,200000,0,0,1730000,0,0,0,50000
Bhutan,BTN,1990,10000,590000,0,10000,0,0,0,0,0,0,0
Bhutan,BTN,1991,10000,480000,0,10000,0,0,0,0,0,0,0
Bhutan,BTN,1992,10000,440000,0,20000,0,0,0,0,0,0,0
Bhutan,BTN,1993,10000,440000,0,20000,0,0,0,0,0,0,0
Bhutan,BTN,1994,10000,440000,0,30000,0,0,0,0,0,0,0
Bhutan,BTN,1995,10000,480000,0,30000,0,0,0,,0,0,0
Bhutan,BTN,1996,10000,470000,0,40000,0,0,0,,0,0,0
Bhutan,BTN,1997,10000,460000,0,40000,0,0,0,,0,0,0
Bhutan,BTN,1998,30000,450000,0,50000,0,0,0,,0,0,0
Bhutan,BTN,1999,50000,470000,0,50000,0,0,0,,0,0,0
Bhutan,BTN,2000,20000,450000,0,60000,0,0,0,,0,0,0
Bhutan,BTN,2001,10000,410000,0,60000,0,0,0,0,0,0,0
Bhutan,BTN,2002,0,390000,0,70000,,0,0,0,0,0,0
Bhutan,BTN,2003,0,400000,0,80000,,0,0,0,0,0,0
Bhutan,BTN,2004,10000,400000,0,80000,,0,0,0,0,0,0
Bhutan,BTN,2005,0,460000,0,90000,,0,0,0,0,0,0
Bhutan,BTN,2006,10000,490000,0,100000,,0,0,0,0,0,0
Bhutan,BTN,2007,40000,490000,0,110000,,0,0,0,0,0,0
Bhutan,BTN,2008,10000,510000,0,110000,,0,0,0,0,0,0
Bhutan,BTN,2009,10000,460000,0,120000,,0,0,0,0,0,0
Bhutan,BTN,2010,30000,460000,0,129999,,0,0,0,0,0,0
Bhutan,BTN,2011,10000,470000,0,140000,,0,0,0,0,0,0
Bhutan,BTN,2012,50000,450000,0,140000,,0,0,0,0,0,0
Bhutan,BTN,2013,10000,460000,0,150000,,0,0,0,0,0,0
Bhutan,BTN,2014,20000,460000,0,160000,,0,0,0,0,0,0
Bhutan,BTN,2015,20000,470000,0,160000,,0,0,0,0,0,0
Bhutan,BTN,2016,10000,490000,0,170000,,0,0,0,0,0,0
Bhutan,BTN,2017,10000,490000,0,170000,,0,0,0,0,0,0
Bhutan,BTN,2018,0,490000,0,170000,,0,0,0,0,0,0
Bhutan,BTN,2019,0,470000,0,170000,,0,0,0,0,0,0
Bhutan,BTN,2020,0,450000,0,170000,,0,0,0,0,0,0
Bhutan,BTN,2021,0,440000,0,180000,,0,0,0,0,0,0
Bhutan,BTN,2022,10000,420000,0,180000,,0,0,0,0,0,0
Bhutan,BTN,2023,10000,390000,0,180000,,0,0,0,0,0,0
Bolivia,BOL,1990,4710000,12570000,9190000,120000,0,0,600000,0,10000,0,10000
Bolivia,BOL,1991,4710000,12760000,10070000,230000,0,0,610000,0,10000,0,10000
Bolivia,BOL,1992,4710000,13040000,10160000,340000,0,0,590000,0,10000,0,10000
Bolivia,BOL,1993,4710000,13280000,7390000,460000,0,0,620000,0,10000,0,10000
Bolivia,BOL,1994,4710000,13590000,5030000,570000,0,0,600000,0,10000,0,20000
Bolivia,BOL,1995,4710000,13870000,2530000,750000,0,0,580000,0,10000,0,20000
Bolivia,BOL,1996,5510000,13800000,2480000,940000,0,0,580000,0,10000,0,20000
Bolivia,BOL,1997,5860000,14170000,3420000,1120000,0,0,550000,0,10000,0,20000
Bolivia,BOL,1998,5820000,14710000,2430000,1310000,0,0,530000,0,10000,0,20000
Bolivia,BOL,1999,10190000,15380000,2300000,1390000,0,0,510000,0,10000,0,20000
Bolivia,BOL,2000,2470000,15670000,2000000,1480000,0,0,230000,0,20000,0,20000
Bolivia,BOL,2001,1660000,15140000,2089999,1730000,0,0,220000,0,20000,0,20000
Bolivia,BOL,2002,3760000,16270000,2390000,1980000,0,0,210000,0,20000,0,20000
Bolivia,BOL,2003,1400000,16209999,2610000,2030000,0,0,190000,0,20000,0,20000
Bolivia,BOL,2004,8210000,17290000,3010000,2069999,0,0,180000,0,20000,0,30000
Bolivia,BOL,2005,3860000,18010000,3310000,2120000,0,0,170000,0,20000,0,30000
Bolivia,BOL,2006,4420000,17870000,3500000,2180000,0,0,160000,0,20000,0,40000
Bolivia,BOL,2007,6940000,18000000,3560000,2220000,0,0,150000,0,20000,0,50000
Bolivia,BOL,2008,2790000,18180000,3650000,2260000,0,0,140000,0,20000,0,60000
Bolivia,BOL,2009,1190000,18630000,3260000,2320000,0,0,140000,10000,20000,0,60000
Bolivia,BOL,2010,12790000,20420000,3660000,2360000,0,0,129999,10000,20000,0,70000
Bolivia,BOL,2011,2870000,19880000,3930000,2410000,0,0,110000,10000,20000,0,80000
Bolivia,BOL,2012,2140000,20160000,4400000,2440000,0,0,90000,10000,20000,0,90000
Bolivia,BOL,2013,880000,20410000,4890000,2500000,0,0,110000,10000,20000,0,100000
Bolivia,BOL,2014,530000,19860000,5200000,2550000,0,0,120000,10000,20000,0,100000
Bolivia,BOL,2015,1680000,20400000,5120000,2600000,0,0,100000,10000,20000,0,110000
Bolivia,BOL,2016,2150000,21060000,4940000,2650000,0,0,100000,10000,20000,0,110000
Bolivia,BOL,2017,1130000,21020000,4790000,2700000,0,0,90000,10000,30000,0,120000
Bolivia,BOL,2018,1310000,21110000,4570000,2760000,0,0,90000,10000,30000,0,129999
Bolivia,BOL,2019,7400000,22200000,4139999,2810000,0,0,60000,10000,20000,0,129999
Bolivia,BOL,2020,4870000,22700000,3850000,2860000,0,0,70000,10000,20000,0,100000
Bolivia,BOL,2021,5580000,23100000,3980000,2900000,0,0,50000,20000,20000,0,129999
Bolivia,BOL,2022,3690000,23870000,3790000,2950000,0,0,50000,10000,20000,0,140000
Bolivia,BOL,2023,4930000,24810000,3440000,3130000,0,0,40000,10000,30000,0,150000
Bosnia and Herzegovina,BIH,1990,10000,2150000,2130000,1320000,90000,0,60000,0,10000,0,10000
Bosnia and Herzegovina,BIH,1991,10000,2079999,2079999,1340000,90000,0,60000,0,10000,0,10000
Bosnia and Herzegovina,BIH,1992,10000,2060000,2030000,930000,80000,0,60000,0,10000,0,0
Bosnia and Herzegovina,BIH,1993,10000,1940000,1980000,540000,70000,0,60000,0,10000,0,0
Bosnia and Herzegovina,BIH,1994,10000,1850000,1930000,660000,10000,0,60000,0,0,0,10000
Bosnia and Herzegovina,BIH,1995,10000,1520000,1880000,740000,10000,0,50000,0,0,0,10000
Bosnia and Herzegovina,BIH,1996,10000,1280000,1830000,1080000,0,0,60000,0,0,0,10000
Bosnia and Herzegovina,BIH,1997,10000,1560000,1780000,1080000,10000,0,60000,0,0,0,10000
Bosnia and Herzegovina,BIH,1998,40000,1620000,1730000,1200000,10000,0,60000,0,0,0,10000
Bosnia and Herzegovina,BIH,1999,20000,1690000,1680000,1330000,10000,0,60000,0,0,0,10000
Bosnia and Herzegovina,BIH,2000,100000,1760000,1630000,1420000,0,0,60000,0,0,0,10000
Bosnia and Herzegovina,BIH,2001,0,1700000,1580000,1460000,0,0,60000,0,0,0,10000
Bosnia and Herzegovina,BIH,2002,0,1610000,1530000,780000,10000,0,60000,0,0,0,10000
Bosnia and Herzegovina,BIH,2003,20000,1740000,1480000,860000,20000,0,60000,0,0,0,10000
Bosnia and Herzegovina,BIH,2004,10000,1810000,1470000,940000,20000,0,60000,0,0,0,10000
Bosnia and Herzegovina,BIH,2005,0,1850000,1430000,1000000,20000,0,60000,0,0,0,10000
Bosnia and Herzegovina,BIH,2006,0,2020000,1370000,1010000,20000,0,60000,0,0,0,10000
Bosnia and Herzegovina,BIH,2007,0,1900000,1310000,1240000,30000,0,60000,0,0,0,10000
Bosnia and Herzegovina,BIH,2008,10000,1850000,1250000,1400000,30000,0,60000,0,0,0,10000
Bosnia and Herzegovina,BIH,2009,0,1850000,1190000,1530000,10000,0,90000,0,0,0,10000
Bosnia and Herzegovina,BIH,2010,0,1830000,1140000,1330000,10000,0,100000,0,0,0,10000
Bosnia and Herzegovina,BIH,2011,10000,1780000,1090000,1400000,10000,0,100000,10000,0,0,10000
Bosnia and Herzegovina,BIH,2012,10000,1740000,1050000,1520000,10000,0,100000,0,0,0,10000
Bosnia and Herzegovina,BIH,2013,0,1730000,980000,1430000,10000,0,80000,10000,0,0,10000
Bosnia and Herzegovina,BIH,2014,0,1720000,810000,1270000,0,0,150000,0,0,0,10000
Bosnia and Herzegovina,BIH,2015,0,1740000,810000,1280000,0,0,190000,0,0,0,10000
Bosnia and Herzegovina,BIH,2016,0,1730000,830000,1290000,0,0,200000,10000,0,0,20000
Bosnia and Herzegovina,BIH,2017,0,1700000,940000,1300000,0,0,170000,10000,0,0,20000
Bosnia and Herzegovina,BIH,2018,0,1660000,970000,1310000,0,0,420000,10000,0,0,20000
Bosnia and Herzegovina,BIH,2019,0,1620000,890000,1310000,0,0,430000,10000,0,0,20000
Bosnia and Herzegovina,BIH,2020,10000,1610000,880000,1320000,0,0,450000,10000,0,0,10000
Bosnia and Herzegovina,BIH,2021,0,1310000,900000,1330000,0,0,440000,10000,0,0,20000
Bosnia and Herzegovina,BIH,2022,10000,1290000,1420000,1330000,0,0,470000,10000,0,0,20000
Bosnia and Herzegovina,BIH,2023,0,1240000,1380000,1360000,0,0,440000,10000,0,0,20000
Botswana,BWA,1990,30000,6170000,0,60000,0,0,450000,0,0,0,0
Botswana,BWA,1991,30000,5640000,0,60000,0,0,480000,0,0,0,10000
Botswana,BWA,1992,30000,5420000,0,110000,0,0,510000,0,0,0,10000
Botswana,BWA,1993,30000,5220000,0,170000,0,0,519999,0,0,0,10000
Botswana,BWA,1994,30000,5480000,0,220000,0,0,540000,0,0,0,10000
Botswana,BWA,1995,30000,6010000,0,210000,0,0,530000,0,0,0,10000
Botswana,BWA,1996,220000,6500000,0,200000,0,0,540000,0,0,0,10000
Botswana,BWA,1997,190000,6200000,0,190000,0,0,550000,0,0,0,10000
Botswana,BWA,1998,250000,5700000,0,180000,0,0,540000,0,0,0,10000
Botswana,BWA,1999,180000,5660000,0,170000,0,0,580000,0,0,0,10000
Botswana,BWA,2000,50000,5450000,0,150000,0,0,550000,0,0,0,10000
Botswana,BWA,2001,0,7040000,0,150000,0,0,580000,0,0,0,10000
Botswana,BWA,2002,0,7070000,0,150000,0,0,570000,0,0,0,10000
Botswana,BWA,2003,0,2770000,0,150000,0,0,560000,0,0,0,10000
Botswana,BWA,2004,0,3000000,0,150000,0,0,490000,0,0,0,10000
Botswana,BWA,2005,0,3690000,0,150000,0,0,490000,0,0,0,10000
Botswana,BWA,2006,0,4870000,0,150000,0,0,500000,0,0,0,10000
Botswana,BWA,2007,0,3880000,0,150000,0,0,510000,0,0,0,10000
Botswana,BWA,2008,0,8870000,0,150000,0,0,519999,0,0,0,10000
Botswana,BWA,2009,0,3650000,0,150000,0,0,530000,0,0,0,10000
Botswana,BWA,2010,0,10490000,0,150000,0,0,540000,0,0,0,10000
Botswana,BWA,2011,0,13380000,0,150000,0,0,560000,0,0,0,10000
Botswana,BWA,2012,0,5560000,0,150000,0,0,570000,0,0,0,10000
Botswana,BWA,2013,0,4680000,0,150000,0,0,580000,0,0,0,10000
Botswana,BWA,2014,0,3030000,0,150000,0,0,590000,0,0,0,10000
Botswana,BWA,2015,0,2800000,0,150000,0,0,600000,0,0,0,20000
Botswana,BWA,2016,0,2270000,0,150000,0,0,610000,0,0,0,20000
Botswana,BWA,2017,0,3930000,0,160000,0,0,620000,0,0,0,20000
Botswana,BWA,2018,0,2660000,0,160000,0,0,640000,0,0,0,20000
Botswana,BWA,2019,0,1600000,0,160000,0,0,650000,0,0,0,20000
Botswana,BWA,2020,0,3350000,0,170000,0,0,660000,0,0,0,20000
Botswana,BWA,2021,0,7740000,0,170000,0,0,670000,0,0,0,20000
Botswana,BWA,2022,0,6000000,0,170000,0,0,680000,0,0,0,20000
Botswana,BWA,2023,0,7860000,0,180000,0,0,690000,0,0,0,20000
Brazil,BRA,1990,8290000,270960000,8069999,32860000,2330000,340000,8650000,280000,1730000,0,380000
Brazil,BRA,1991,8290000,280070016,7900000,34160000,2270000,340000,8600000,310000,1570000,10000,410000
Brazil,BRA,1992,8290000,284769984,7910000,35570000,2069999,340000,8610000,300000,1510000,10000,410000
Brazil,BRA,1993,8290000,284910016,7920000,36800000,2030000,340000,7540000,290000,1600000,10000,430000
Brazil,BRA,1994,8290000,290369984,8100000,38110000,2000000,340000,7330000,320000,1690000,10000,470000
Brazil,BRA,1995,8290000,295560000,8420000,39720000,2040000,340000,6640000,310000,1610000,10000,550000
Brazil,BRA,1996,10000000,281920000,9590000,41180000,2030000,340000,6510000,340000,1550000,10000,620000
Brazil,BRA,1997,12220000,287149984,10120000,42840000,2010000,340000,6590000,380000,1540000,10000,680000
Brazil,BRA,1998,21630000,293489984,11550000,44440000,1930000,340000,6740000,340000,1510000,10000,710000
Brazil,BRA,1999,16530001,295529984,12710000,47150000,1880000,340000,6960000,320000,1660000,20000,690000
Brazil,BRA,2000,2440000,300820000,14130000,49120000,1780000,340000,7120000,280000,1690000,20000,680000
Brazil,BRA,2001,4570000,313410016,14460000,50380000,1790000,340000,7430000,300000,1650000,30000,700000
Brazil,BRA,2002,9140000,330549984,15940000,52840000,1950000,340000,8290000,320000,1750000,30000,740000
Brazil,BRA,2003,8140000,344580000,16309999,56060000,2160000,340000,8610000,370000,1980000,30000,790000
Brazil,BRA,2004,9700000,361829984,16540001,56520000,2310000,340000,8720000,380000,2240000,30000,850000
Brazil,BRA,2005,12210000,367510016,18740000,57740000,2360000,340000,8900000,410000,2230000,30000,890000
Brazil,BRA,2006,5330000,360649984,19050000,61010000,2430000,340000,8940000,450000,2290000,30000,920000
Brazil,BRA,2007,13700000,359340000,19100000,62770000,2550000,340000,8450000,519999,2390000,30000,980000
Brazil,BRA,2008,4650000,356450016,20460000,63770000,2750000,340000,8350000,630000,2370000,40000,1020000
Brazil,BRA,2009,1810000,359470016,21260000,65410004,2610000,340000,8170000,620000,1860000,30000,1000000
Brazil,BRA,2010,13930000,375750016,22320000,68960000,2730000,340000,7890000,690000,2130000,30000,1130000
Brazil,BRA,2011,3260000,373860000,23400000,70880000,2650000,340000,7080000,600000,2170000,40000,1240000
Brazil,BRA,2012,6540000,374180000,24150000,72140000,2630000,340000,7040000,640000,2160000,30000,1360000
Brazil,BRA,2013,1830000,369809984,24320000,77750000,2860000,340000,6250000,740000,2069999,30000,1400000
Brazil,BRA,2014,3850000,373240000,26800000,78820000,2900000,340000,6660000,800000,2050000,30000,1460000
Brazil,BRA,2015,7500000,378269984,27910000,79500000,3050000,340000,6890000,830000,2010000,30000,1390000
Brazil,BRA,2016,5580000,380460000,27830000,82990000,2840000,340000,6590000,790000,1990000,30000,1410000
Brazil,BRA,2017,8520000,376209984,29180000,84020000,3390000,340000,7030000,800000,2030000,30000,1460000
Brazil,BRA,2018,2510000,369980000,28310000,85070000,3300000,340000,7840000,880000,1980000,30000,1390000
Brazil,BRA,2019,7200000,375630016,30180000,86130000,3430000,340000,7660000,910000,1990000,30000,1410000
Brazil,BRA,2020,11170000,380570016,30770000,86420000,3460000,340000,7790000,890000,2180000,30000,1320000
Brazil,BRA,2021,5680000,389890016,31030000,86480000,3420000,340000,8040000,840000,2010000,30000,1440000
Brazil,BRA,2022,6840000,405020000,30980000,86600000,3380000,340000,8109999,790000,2200000,30000,1540000
Brazil,BRA,2023,5480000,411340000,33320000,91570000,3660000,340000,8120000,850000,2300000,20000,1600000
Brunei,BRN,1990,60000,10000,1410000,160000,0,0,0,0,0,0,10000
Brunei,BRN,1991,60000,20000,1500000,170000,0,0,0,0,0,0,10000
Brunei,BRN,1992,60000,20000,1610000,240000,0,0,0,0,0,0,10000
Brunei,BRN,1993,60000,20000,1730000,300000,0,0,0,0,0,0,10000
Brunei,BRN,1994,60000,20000,1710000,340000,0,0,0,0,0,0,10000
Brunei,BRN,1995,60000,20000,1730000,380000,0,0,0,0,0,0,10000
Brunei,BRN,1996,40000,20000,1680000,410000,0,0,0,0,0,0,10000
Brunei,BRN,1997,100000,20000,1700000,430000,0,0,0,0,0,0,10000
Brunei,BRN,1998,1340000,20000,1660000,450000,0,0,0,0,0,0,10000
Brunei,BRN,1999,20000,20000,1850000,470000,0,0,0,0,0,0,10000
Brunei,BRN,2000,20000,20000,1980000,490000,0,0,0,0,0,0,10000
Brunei,BRN,2001,10000,20000,1940000,510000,0,0,0,0,0,0,10000
Brunei,BRN,2002,0,20000,2010000,530000,0,0,0,0,0,0,10000
Brunei,BRN,2003,40000,20000,2120000,550000,0,0,0,0,0,0,10000
Brunei,BRN,2004,0,20000,2069999,560000,0,0,0,0,0,0,10000
Brunei,BRN,2005,10000,20000,2000000,580000,0,0,0,0,0,0,10000
Brunei,BRN,2006,0,20000,2250000,600000,0,0,0,0,0,0,10000
Brunei,BRN,2007,0,30000,2079999,610000,0,0,0,0,0,0,10000
Brunei,BRN,2008,0,30000,2370000,630000,0,0,0,0,0,0,10000
Brunei,BRN,2009,0,20000,2050000,640000,0,0,0,0,0,0,10000
Brunei,BRN,2010,0,30000,1940000,650000,0,0,0,0,0,0,10000
Brunei,BRN,2011,0,20000,2010000,660000,0,0,0,0,0,0,10000
Brunei,BRN,2012,0,20000,1950000,670000,0,0,0,0,0,0,10000
Brunei,BRN,2013,0,20000,1780000,690000,0,0,0,0,0,0,10000
Brunei,BRN,2014,20000,20000,1780000,700000,0,0,0,0,0,0,10000
Brunei,BRN,2015,0,20000,1710000,710000,0,0,0,0,0,0,10000
Brunei,BRN,2016,20000,20000,1710000,710000,0,0,0,0,0,0,10000
Brunei,BRN,2017,0,20000,1910000,720000,0,0,0,0,0,0,10000
Brunei,BRN,2018,0,20000,1740000,730000,0,0,0,0,0,0,10000
Brunei,BRN,2019,10000,20000,1940000,730000,0,0,0,0,0,0,10000
Brunei,BRN,2020,30000,20000,1620000,740000,0,0,0,0,0,0,10000
Brunei,BRN,2021,0,20000,1650000,750000,0,0,0,0,0,0,10000
Brunei,BRN,2022,0,20000,1340000,760000,0,0,0,0,0,0,10000
Brunei,BRN,2023,0,20000,1330000,880000,0,0,0,0,0,0,10000
Bulgaria,BGR,1990,0,6610000,2340000,5060000,20000,90000,300000,20000,10000,0,50000
Bulgaria,BGR,1991,0,6270000,2010000,4690000,20000,70000,259999,20000,10000,0,30000
Bulgaria,BGR,1992,0,5450000,2200000,4650000,10000,60000,320000,20000,10000,0,30000
Bulgaria,BGR,1993,0,4230000,2210000,4420000,0,70000,340000,20000,10000,0,40000
Bulgaria,BGR,1994,0,3400000,2079999,3640000,10000,100000,259999,20000,10000,0,40000
Bulgaria,BGR,1995,0,3140000,2170000,4270000,0,110000,240000,20000,10000,0,40000
Bulgaria,BGR,1996,10000,3180000,2130000,4430000,0,110000,290000,20000,10000,0,40000
Bulgaria,BGR,1997,10000,2920000,1930000,4410000,10000,120000,270000,10000,20000,0,30000
Bulgaria,BGR,1998,10000,2930000,1640000,4139999,0,100000,330000,10000,10000,0,40000
Bulgaria,BGR,1999,10000,3090000,1350000,4040000,10000,80000,259999,10000,10000,0,40000
Bulgaria,BGR,2000,30000,3060000,1440000,3980000,10000,80000,259999,10000,10000,0,40000
Bulgaria,BGR,2001,0,2840000,1310000,3740000,0,80000,230000,10000,10000,0,50000
Bulgaria,BGR,2002,0,2500000,1590000,3610000,0,80000,300000,10000,10000,0,50000
Bulgaria,BGR,2003,0,2650000,1760000,3980000,0,90000,330000,10000,10000,0,50000
Bulgaria,BGR,2004,0,2690000,1300000,3990000,0,80000,310000,10000,10000,0,50000
Bulgaria,BGR,2005,0,2590000,1320000,3700000,10000,80000,300000,10000,10000,0,60000
Bulgaria,BGR,2006,0,2450000,1160000,3670000,10000,80000,320000,10000,10000,0,60000
Bulgaria,BGR,2007,20000,2500000,1310000,3680000,10000,80000,300000,10000,10000,0,60000
Bulgaria,BGR,2008,0,2380000,1320000,3640000,0,40000,300000,10000,10000,0,60000
Bulgaria,BGR,2009,0,2250000,1290000,3570000,0,20000,280000,10000,10000,0,60000
Bulgaria,BGR,2010,10000,2120000,1360000,3590000,0,20000,320000,10000,10000,0,60000
Bulgaria,BGR,2011,0,2120000,1620000,3580000,0,20000,350000,10000,10000,0,60000
Bulgaria,BGR,2012,0,2130000,1450000,3500000,0,20000,370000,10000,10000,0,60000
Bulgaria,BGR,2013,0,2010000,1270000,3550000,10000,20000,340000,10000,10000,0,60000
Bulgaria,BGR,2014,0,2120000,1300000,3470000,10000,20000,310000,10000,10000,0,70000
Bulgaria,BGR,2015,0,2069999,1440000,3360000,10000,20000,310000,10000,10000,0,70000
Bulgaria,BGR,2016,0,2040000,1330000,3300000,10000,20000,320000,10000,10000,0,70000
Bulgaria,BGR,2017,0,2040000,1440000,3070000,10000,20000,340000,10000,10000,0,70000
Bulgaria,BGR,2018,0,1970000,1270000,2960000,10000,20000,340000,20000,10000,0,70000
Bulgaria,BGR,2019,0,1900000,1180000,2830000,10000,20000,330000,30000,20000,0,70000
Bulgaria,BGR,2020,0,2069999,1050000,2750000,10000,20000,360000,20000,20000,0,70000
Bulgaria,BGR,2021,0,2000000,1180000,2700000,10000,20000,360000,30000,20000,0,70000
Bulgaria,BGR,2022,0,1870000,1360000,2700000,10000,20000,290000,30000,20000,0,70000
Bulgaria,BGR,2023,0,1860000,1330000,2760000,10000,20000,240000,20000,10000,0,70000
Burkina Faso,BFA,1990,620000,6590000,0,100000,0,0,370000,0,0,0,0
Burkina Faso,BFA,1991,620000,6800000,0,100000,0,0,380000,0,0,0,0
Burkina Faso,BFA,1992,620000,6990000,0,170000,0,0,390000,0,0,0,0
Burkina Faso,BFA,1993,620000,7130000,0,220000,0,0,400000,0,0,0,0
Burkina Faso,BFA,1994,620000,7330000,0,259999,0,0,400000,0,0,0,0
Burkina Faso,BFA,1995,620000,7570000,0,360000,0,0,410000,0,0,0,0
Burkina Faso,BFA,1996,970000,7960000,0,450000,0,0,370000,0,0,0,0
Burkina Faso,BFA,1997,910000,8279999,0,550000,0,0,380000,0,0,0,0
Burkina Faso,BFA,1998,1440000,8330000,0,640000,0,0,380000,0,0,0,0
Burkina Faso,BFA,1999,1090000,8500000,0,740000,0,0,220000,0,0,0,0
Burkina Faso,BFA,2000,1270000,9120000,0,830000,0,0,230000,0,0,0,0
Burkina Faso,BFA,2001,0,8720000,0,930000,0,0,310000,0,0,0,0
Burkina Faso,BFA,2002,0,9050000,0,1030000,0,0,370000,0,0,0,0
Burkina Faso,BFA,2003,0,11240000,0,1120000,0,0,420000,0,0,0,0
Burkina Faso,BFA,2004,0,11610000,0,1220000,0,0,480000,0,0,0,0
Burkina Faso,BFA,2005,0,11930000,0,1310000,0,0,540000,0,0,0,0
Burkina Faso,BFA,2006,0,11790000,0,1410000,0,0,600000,0,0,0,10000
Burkina Faso,BFA,2007,0,12060000,0,1500000,0,0,660000,0,0,0,10000
Burkina Faso,BFA,2008,0,12430000,0,1600000,0,0,710000,0,0,0,10000
Burkina Faso,BFA,2009,0,12840000,0,1660000,0,0,770000,0,0,0,10000
Burkina Faso,BFA,2010,0,13450000,0,1720000,0,0,860000,0,0,0,10000
Burkina Faso,BFA,2011,0,13690000,0,1790000,0,0,900000,0,0,0,10000
Burkina Faso,BFA,2012,0,13720000,0,1850000,0,0,950000,0,0,0,10000
Burkina Faso,BFA,2013,0,14110000,0,1890000,0,0,1000000,0,0,0,10000
Burkina Faso,BFA,2014,0,14390000,0,1990000,0,0,1039999,0,0,0,10000
Burkina Faso,BFA,2015,0,14560000,0,2100000,0,0,1100000,0,0,0,10000
Burkina Faso,BFA,2016,0,15290000,0,2140000,0,0,1150000,0,0,0,10000
Burkina Faso,BFA,2017,0,15490000,0,2180000,0,0,1210000,0,0,0,20000
Burkina Faso,BFA,2018,0,15620000,0,2240000,0,0,1270000,0,0,0,20000
Burkina Faso,BFA,2019,0,16070000,0,2310000,0,0,1170000,0,0,0,20000
Burkina Faso,BFA,2020,0,13420000,0,2380000,0,0,1320000,0,0,0,20000
Burkina Faso,BFA,2021,0,15450000,0,2450000,0,0,1240000,0,0,0,20000
Burkina Faso,BFA,2022,0,15400000,0,2520000,0,0,1260000,0,0,0,30000
Burkina Faso,BFA,2023,0,16100000,0,2590000,0,0,1350000,0,0,0,30000
Burundi,BDI,1990,0,670000,0,0,,0,0,0,0,0,0
Burundi,BDI,1991,0,680000,0,0,,0,0,0,0,0,0
Burundi,BDI,1992,0,680000,0,0,,0,0,0,0,0,0
Burundi,BDI,1993,0,660000,0,0,,0,0,0,0,0,0
Burundi,BDI,1994,0,600000,0,0,,0,0,0,0,0,0
Burundi,BDI,1995,0,610000,0,0,,0,0,0,0,0,0
Burundi,BDI,1996,20000,600000,0,10000,,0,0,0,0,0,0
Burundi,BDI,1997,20000,630000,0,10000,,0,0,0,0,0,0
Burundi,BDI,1998,10000,560000,0,10000,,0,0,0,0,0,0
Burundi,BDI,1999,20000,560000,0,10000,,0,0,0,0,0,0
Burundi,BDI,2000,10000,570000,0,20000,,0,0,0,0,0,0
Burundi,BDI,2001,0,590000,0,20000,,0,0,0,0,0,0
Burundi,BDI,2002,0,570000,0,20000,,0,0,0,0,0,0
Burundi,BDI,2003,0,590000,0,30000,,0,0,0,0,0,0
Burundi,BDI,2004,0,630000,0,30000,,0,0,0,0,0,0
Burundi,BDI,2005,0,660000,0,40000,,0,0,0,0,0,0
Burundi,BDI,2006,0,720000,0,30000,,0,0,0,0,0,0
Burundi,BDI,2007,0,760000,0,20000,,0,0,0,0,0,0
Burundi,BDI,2008,0,830000,0,20000,,0,0,0,0,0,0
Burundi,BDI,2009,0,910000,0,10000,,0,0,0,0,0,0
Burundi,BDI,2010,10000,1020000,0,0,,0,0,0,0,0,0
Burundi,BDI,2011,0,1110000,0,20000,,0,0,0,0,0,0
Burundi,BDI,2012,0,1110000,0,30000,,0,0,0,0,0,0
Burundi,BDI,2013,0,1330000,0,40000,,0,0,0,0,0,0
Burundi,BDI,2014,0,1290000,0,50000,,0,0,0,0,0,0
Burundi,BDI,2015,0,1280000,0,60000,,0,0,0,0,0,0
Burundi,BDI,2016,0,1460000,0,60000,,0,0,0,0,0,0
Burundi,BDI,2017,0,1800000,0,60000,,0,0,0,0,0,0
Burundi,BDI,2018,0,1780000,0,60000,,0,0,0,0,0,0
Burundi,BDI,2019,0,2060000,0,60000,,0,0,0,0,0,0
Burundi,BDI,2020,0,1660000,0,70000,,0,0,0,0,0,0
Burundi,BDI,2021,0,2370000,0,70000,,0,0,0,0,0,0
Burundi,BDI,2022,0,2420000,0,70000,,0,0,0,0,0,0
Burundi,BDI,2023,0,2310000,0,70000,,0,0,0,0,0,0
Cambodia,KHM,1990,2660000,13430000,0,80000,0,0,0,0,0,0,0
Cambodia,KHM,1991,2660000,12970000,0,80000,0,0,0,0,0,0,0
Cambodia,KHM,1992,2660000,13300000,0,129999,0,0,0,0,0,0,0
Cambodia,KHM,1993,2660000,14060000,0,160000,0,0,0,0,0,0,0
Cambodia,KHM,1994,2660000,12680000,0,190000,0,0,0,0,0,0,0
Cambodia,KHM,1995,2660000,14730000,0,210000,0,0,1560000,0,20000,0,10000
Cambodia,KHM,1996,410000,14720000,0,220000,0,0,1610000,0,20000,0,10000
Cambodia,KHM,1997,1340000,14880000,0,240000,0,0,1650000,0,20000,0,10000
Cambodia,KHM,1998,4190000,14780000,0,250000,0,0,1690000,0,20000,0,10000
Cambodia,KHM,1999,2800000,15710000,0,270000,0,0,1730000,0,20000,0,10000
Cambodia,KHM,2000,2340000,14750000,0,290000,0,0,1760000,0,20000,0,10000
Cambodia,KHM,2001,1730000,14810000,0,290000,0,0,1780000,0,20000,0,10000
Cambodia,KHM,2002,3200000,15010000,0,300000,0,0,1810000,0,20000,0,10000
Cambodia,KHM,2003,3760000,16290001,0,310000,0,0,1830000,0,20000,0,10000
Cambodia,KHM,2004,4390000,15920000,0,320000,0,0,1840000,0,20000,0,10000
Cambodia,KHM,2005,2850000,17190000,0,320000,0,0,1860000,0,20000,0,10000
Cambodia,KHM,2006,4060000,18190000,0,330000,0,0,1870000,0,20000,0,10000
Cambodia,KHM,2007,3990000,18510000,0,340000,0,0,1890000,0,20000,0,10000
Cambodia,KHM,2008,3530000,18700000,0,340000,0,0,1900000,0,20000,0,10000
Cambodia,KHM,2009,3500000,19190000,0,350000,0,0,1900000,0,20000,0,10000
Cambodia,KHM,2010,2690000,19370000,0,360000,0,0,1900000,0,20000,0,20000
Cambodia,KHM,2011,4030000,20170000,0,360000,0,0,1920000,0,20000,0,20000
Cambodia,KHM,2012,2880000,19580000,0,370000,0,0,1920000,0,30000,0,20000
Cambodia,KHM,2013,3170000,19390000,0,370000,0,0,1930000,0,30000,0,20000
Cambodia,KHM,2014,2890000,19590000,0,380000,0,0,1930000,0,30000,0,20000
Cambodia,KHM,2015,2980000,19720000,0,390000,0,0,1850000,0,30000,0,30000
Cambodia,KHM,2016,2750000,19870000,0,390000,0,0,1820000,0,40000,0,30000
Cambodia,KHM,2017,2470000,20430000,0,400000,0,0,1770000,0,40000,0,30000
Cambodia,KHM,2018,2020000,20700000,0,400000,0,0,1690000,0,40000,0,30000
Cambodia,KHM,2019,1690000,20630000,0,410000,0,0,1610000,0,40000,0,40000
Cambodia,KHM,2020,1870000,20530000,0,410000,0,0,1490000,0,50000,0,40000
Cambodia,KHM,2021,1930000,21500000,0,420000,0,0,1360000,0,50000,0,40000
Cambodia,KHM,2022,1010000,20430000,0,430000,0,0,1210000,0,50000,0,40000
Cambodia,KHM,2023,1070000,21660000,0,430000,0,0,1080000,0,50000,0,40000
Cameroon,CMR,1990,800000,6630000,4580000,770000,0,0,3330000,0,0,0,10000
Cameroon,CMR,1991,800000,6590000,6030000,780000,0,0,3430000,0,0,0,10000
Cameroon,CMR,1992,800000,6610000,5740000,1170000,0,0,3520000,0,0,0,10000
Cameroon,CMR,1993,800000,6610000,4950000,1470000,0,0,3620000,0,0,0,10000
Cameroon,CMR,1994,800000,6630000,4100000,1700000,0,0,3750000,0,0,0,10000
Cameroon,CMR,1995,800000,6590000,3630000,1800000,0,0,3880000,0,0,0,10000
Cameroon,CMR,1996,1460000,6840000,3900000,1900000,0,0,3990000,0,0,0,10000
Cameroon,CMR,1997,1410000,7070000,4170000,2000000,0,0,4100000,0,0,0,10000
Cameroon,CMR,1998,3330000,7650000,4380000,2100000,0,0,4220000,0,0,0,10000
Cameroon,CMR,1999,2440000,7910000,4220000,2200000,0,0,4330000,0,0,0,10000
Cameroon,CMR,2000,1900000,8820000,4270000,2300000,0,0,4420000,0,0,0,10000
Cameroon,CMR,2001,460000,8170000,3980000,2390000,0,0,4520000,0,0,0,10000
Cameroon,CMR,2002,430000,8140000,3860000,2480000,0,0,5170000,0,0,0,10000
Cameroon,CMR,2003,1310000,8920000,3780000,2580000,0,0,5320000,0,0,0,10000
Cameroon,CMR,2004,600000,8120000,3630000,2670000,0,0,5460000,0,0,0,10000
Cameroon,CMR,2005,1250000,9000000,3350000,2760000,0,0,5610000,0,0,0,10000
Cameroon,CMR,2006,440000,8370000,3410000,2860000,0,0,4770000,10000,0,0,10000
Cameroon,CMR,2007,450000,8240000,3300000,2960000,0,0,3910000,0,0,0,10000
Cameroon,CMR,2008,630000,7610000,3390000,3060000,0,0,4000000,0,0,0,10000
Cameroon,CMR,2009,400000,7310000,3020000,3160000,0,0,4150000,0,0,0,10000
Cameroon,CMR,2010,560000,7590000,2660000,3260000,0,0,4150000,0,0,0,10000
Cameroon,CMR,2011,530000,7440000,2440000,3370000,0,0,4270000,0,0,0,20000
Cameroon,CMR,2012,450000,7710000,2360000,3470000,0,0,4380000,0,0,0,20000
Cameroon,CMR,2013,450000,7990000,2610000,3580000,0,0,4500000,0,0,0,20000
Cameroon,CMR,2014,240000,8170000,2920000,3700000,0,0,4610000,0,0,0,20000
Cameroon,CMR,2015,259999,8319999,3460000,3820000,0,0,4740000,0,0,0,20000
Cameroon,CMR,2016,430000,8069999,3450000,3940000,0,0,4880000,0,0,0,20000
Cameroon,CMR,2017,380000,7980000,2940000,4070000,0,0,5020000,0,0,0,20000
Cameroon,CMR,2018,300000,7940000,2800000,4200000,0,0,5160000,0,0,0,20000
Cameroon,CMR,2019,640000,7900000,2900000,4330000,0,0,5310000,0,0,0,20000
Cameroon,CMR,2020,880000,8210000,2810000,4460000,0,0,5450000,0,0,0,20000
Cameroon,CMR,2021,380000,8130000,2660000,4590000,0,0,5600000,0,0,0,20000
Cameroon,CMR,2022,510000,8250000,2600000,4720000,0,0,5750000,0,0,0,20000
Cameroon,CMR,2023,340000,8050000,2660000,4860000,0,0,5900000,0,0,0,20000
Canada,CAN,1990,1380000,26780000,34620000,19910000,30000,300000,1670000,100000,259999,10000,1020000
Canada,CAN,1991,1380000,26680000,36120000,19910000,30000,280000,1650000,100000,259999,10000,990000
Canada,CAN,1992,1380000,27490000,37980000,20010000,30000,259999,1590000,110000,270000,10000,1020000
Canada,CAN,1993,1380000,27300000,39990000,20330000,30000,250000,1660000,110000,259999,10000,1020000
Canada,CAN,1994,1380000,27410000,41700000,20570000,30000,259999,1690000,110000,310000,10000,1050000
Canada,CAN,1995,1380000,28820000,44350000,20580000,30000,270000,1620000,120000,330000,10000,1060000
Canada,CAN,1996,3770000,29800000,46000000,20330000,30000,280000,1620000,120000,310000,10000,1070000
Canada,CAN,1997,1910000,29700000,47690000,20320000,40000,270000,1560000,129999,300000,10000,1090000
Canada,CAN,1998,7210000,30740000,49330000,20730000,30000,259999,1620000,140000,310000,10000,1110000
Canada,CAN,1999,3010000,29710000,49190000,21600000,30000,290000,1570000,150000,340000,10000,1130000
Canada,CAN,2000,1540000,29390000,50920000,22060000,40000,310000,990000,150000,350000,10000,1120000
Canada,CAN,2001,60000,30150000,51940000,21710000,30000,300000,870000,160000,320000,10000,1130000
Canada,CAN,2002,280000,31030000,52540000,22110000,30000,310000,870000,160000,350000,10000,1160000
Canada,CAN,2003,690000,30520000,54180000,22220000,30000,300000,850000,170000,360000,0,1180000
Canada,CAN,2004,460000,32250000,55640000,22280000,30000,350000,880000,160000,400000,10000,1200000
Canada,CAN,2005,270000,32570000,56140000,22390000,60000,310000,900000,160000,380000,10000,1170000
Canada,CAN,2006,400000,32259998,59710000,22550000,60000,310000,890000,160000,360000,10000,1170000
Canada,CAN,2007,200000,30940000,61020000,22090000,60000,320000,1010000,170000,340000,10000,1220000
Canada,CAN,2008,80000,29850000,59640000,22130000,70000,310000,1020000,160000,310000,10000,1220000
Canada,CAN,2009,240000,28430000,57690000,21140000,60000,280000,1039999,160000,290000,10000,1230000
Canada,CAN,2010,540000,28270000,60640000,20550000,70000,280000,940000,170000,270000,10000,1260000
Canada,CAN,2011,510000,27350000,63970000,20540000,70000,290000,1010000,170000,259999,10000,1250000
Canada,CAN,2012,680000,27520000,65290000,20950000,70000,300000,970000,180000,259999,10000,1260000
Canada,CAN,2013,670000,28140000,68990000,21860000,70000,320000,1070000,180000,270000,10000,1280000
Canada,CAN,2014,440000,27730000,73510000,21640000,70000,330000,1100000,180000,280000,10000,1270000
Canada,CAN,2015,1590000,26940000,72860000,21730000,80000,310000,1080000,180000,259999,0,1290000
Canada,CAN,2016,570000,26680000,75510000,21580000,80000,320000,1030000,200000,250000,0,1320000
Canada,CAN,2017,730000,27070000,81650000,21700000,80000,340000,1050000,200000,270000,10000,1340000
Canada,CAN,2018,1780000,27210000,84500000,21660000,80000,340000,1020000,200000,270000,10000,1380000
Canada,CAN,2019,790000,27120000,84880000,21370000,80000,310000,930000,190000,270000,10000,1370000
Canada,CAN,2020,110000,26750000,74580000,21290000,70000,330000,860000,190000,240000,0,1150000
Canada,CAN,2021,1700000,27330000,75290000,21310000,70000,310000,810000,180000,259999,0,1200000
Canada,CAN,2022,490000,26940000,75800000,21700000,70000,310000,860000,180000,259999,0,1240000
Canada,CAN,2023,7470000,28940000,74630000,22290000,70000,310000,820000,180000,240000,0,1270000
Cape Verde,CPV,1990,0,50000,0,0,,0,0,0,0,0,0
Cape Verde,CPV,1991,0,50000,0,0,,0,0,0,0,0,0
Cape Verde,CPV,1992,0,60000,0,0,,0,0,0,0,0,0
Cape Verde,CPV,1993,0,60000,0,0,,0,0,0,0,0,0
Cape Verde,CPV,1994,0,50000,0,0,,0,0,0,0,0,0
Cape Verde,CPV,1995,0,60000,0,40000,,0,0,0,0,0,0
Cape Verde,CPV,1996,0,50000,0,40000,,0,0,0,0,0,0
Cape Verde,CPV,1997,0,60000,0,40000,,0,0,0,0,0,0
Cape Verde,CPV,1998,0,60000,0,30000,,0,0,0,0,0,0
Cape Verde,CPV,1999,0,60000,0,30000,,0,0,0,0,0,0
Cape Verde,CPV,2000,0,60000,0,30000,,0,0,0,0,0,0
Cape Verde,CPV,2001,0,60000,0,0,,0,0,0,0,0,0
Cape Verde,CPV,2002,0,60000,0,0,,0,0,0,0,0,0
Cape Verde,CPV,2003,0,60000,0,0,,0,0,0,0,0,0
Cape Verde,CPV,2004,0,60000,0,0,,0,0,0,0,0,0
Cape Verde,CPV,2005,0,60000,0,0,,0,0,0,0,0,0
Cape Verde,CPV,2006,0,60000,0,0,,0,0,0,0,0,0
Cape Verde,CPV,2007,0,60000,0,0,,0,0,0,0,0,0
Cape Verde,CPV,2008,0,60000,0,0,,0,0,0,0,0,0
Cape Verde,CPV,2009,0,60000,0,0,,0,0,0,0,0,0
Cape Verde,CPV,2010,0,60000,0,0,,0,0,0,0,0,0
Cape Verde,CPV,2011,0,60000,0,0,,0,0,0,0,0,0
Cape Verde,CPV,2012,0,60000,0,0,,0,0,0,0,0,0
Cape Verde,CPV,2013,0,70000,0,0,,0,0,0,0,0,0
Cape Verde,CPV,2014,0,70000,0,0,,0,0,0,0,0,0
Cape Verde,CPV,2015,0,70000,0,0,,0,0,0,0,0,0
Cape Verde,CPV,2016,0,70000,0,0,0,0,0,0,0,0,0
Cape Verde,CPV,2017,0,60000,0,0,0,0,0,0,0,0,0
Cape Verde,CPV,2018,0,60000,0,0,0,0,0,0,0,0,0
Cape Verde,CPV,2019,0,60000,0,0,0,0,0,0,0,0,0
Cape Verde,CPV,2020,0,60000,0,0,0,0,0,0,0,0,0
Cape Verde,CPV,2021,0,60000,0,0,0,0,0,0,0,0,0
Cape Verde,CPV,2022,0,60000,0,0,0,0,0,0,,0,0
Cape Verde,CPV,2023,0,70000,0,0,,0,0,0,,0,0
Central African Republic,CAF,1990,10170000,9110000,0,270000,,0,0,0,0,0,0
Central African Republic,CAF,1991,10170000,9320000,0,270000,,0,0,0,0,0,0
Central African Republic,CAF,1992,10170000,9340000,0,310000,,0,0,0,0,0,0
Central African Republic,CAF,1993,10170000,9350000,0,340000,,0,0,0,0,0,0
Central African Republic,CAF,1994,10170000,9430000,0,370000,,0,0,0,0,0,0
Central African Republic,CAF,1995,10170000,9500000,0,390000,,0,0,0,0,0,0
Central African Republic,CAF,1996,1970000,10840000,0,410000,,0,0,0,0,0,0
Central African Republic,CAF,1997,4550000,10950000,0,430000,,0,0,0,0,0,0
Central African Republic,CAF,1998,7180000,12020000,0,450000,0,0,0,0,0,0,0
Central African Republic,CAF,1999,6020000,10780000,0,460000,0,0,0,0,0,0,0
Central African Republic,CAF,2000,4570000,12370000,0,480000,0,0,0,0,0,0,0
Central African Republic,CAF,2001,10610000,10360000,0,490000,0,0,0,0,0,0,0
Central African Republic,CAF,2002,8700000,9270000,0,510000,0,0,0,0,0,0,0
Central African Republic,CAF,2003,14160000,12090000,0,519999,0,0,0,0,0,0,0
Central African Republic,CAF,2004,9960000,10590000,0,540000,0,0,0,0,0,0,0
Central African Republic,CAF,2005,13820000,11210000,0,550000,0,0,0,0,0,0,0
Central African Republic,CAF,2006,12130000,11420000,0,570000,0,0,0,0,0,0,0
Central African Republic,CAF,2007,14110000,11560000,0,580000,0,0,0,0,0,0,0
Central African Republic,CAF,2008,12420000,12270000,0,590000,,0,0,0,0,0,0
Central African Republic,CAF,2009,8100000,9870000,0,610000,,0,0,0,0,0,0
Central African Republic,CAF,2010,11870000,11040000,0,620000,,0,0,0,0,0,0
Central African Republic,CAF,2011,13210000,11740000,0,630000,,0,0,0,0,0,0
Central African Republic,CAF,2012,12740000,10110000,0,640000,,0,0,0,0,0,0
Central African Republic,CAF,2013,10970000,10780000,0,650000,,0,0,0,0,0,0
Central African Republic,CAF,2014,9300000,10540000,0,660000,,0,0,0,0,0,0
Central African Republic,CAF,2015,9470000,10790000,0,660000,,0,0,0,0,0,0
Central African Republic,CAF,2016,13550000,11760000,10000,670000,,0,0,0,0,0,0
Central African Republic,CAF,2017,11490000,10670000,0,690000,,0,0,0,0,0,0
Central African Republic,CAF,2018,11730000,10930000,0,700000,,0,0,0,0,0,0
Central African Republic,CAF,2019,11530000,10070000,0,710000,,0,0,0,0,0,0
Central African Republic,CAF,2020,10960000,10720000,0,730000,,0,0,0,0,0,0
Central African Republic,CAF,2021,11320000,10750000,0,750000,,0,0,0,0,0,0
Central African Republic,CAF,2022,11590000,11160000,0,760000,,0,0,0,0,0,0
Central African Republic,CAF,2023,8440000,9420000,0,790000,,0,0,0,0,0,0
Chad,TCD,1990,1240000,12670000,0,230000,20000,0,440000,0,0,0,0
Chad,TCD,1991,1240000,13240000,0,230000,20000,0,440000,0,0,0,0
Chad,TCD,1992,1240000,13840000,0,360000,20000,0,450000,0,0,0,0
Chad,TCD,1993,1240000,14420000,0,450000,20000,0,490000,0,0,0,0
Chad,TCD,1994,1240000,15120000,0,400000,20000,0,490000,0,0,0,0
Chad,TCD,1995,1240000,15840000,0,360000,20000,0,500000,0,0,0,0
Chad,TCD,1996,1730000,18050000,0,310000,20000,0,519999,0,0,0,0
Chad,TCD,1997,2640000,18590000,0,259999,20000,0,490000,0,0,0,0
Chad,TCD,1998,5730000,19210000,510000,210000,20000,0,500000,0,0,0,0
Chad,TCD,1999,5580000,20510000,1250000,220000,20000,0,500000,0,0,0,0
Chad,TCD,2000,3480000,22240000,1530000,230000,20000,0,530000,0,0,0,0
Chad,TCD,2001,570000,20670000,1670000,240000,30000,0,550000,0,0,0,0
Chad,TCD,2002,600000,22280000,1730000,250000,30000,0,560000,0,0,0,0
Chad,TCD,2003,670000,23510000,400000,259999,30000,0,570000,0,0,0,0
Chad,TCD,2004,680000,24680000,2150000,240000,30000,0,560000,0,0,0,0
Chad,TCD,2005,540000,26170000,2079999,220000,30000,0,610000,0,0,0,0
Chad,TCD,2006,950000,27160000,1960000,210000,30000,0,620000,0,0,0,0
Chad,TCD,2007,1300000,28740000,1790000,190000,30000,0,630000,0,0,0,0
Chad,TCD,2008,820000,29910000,1660000,170000,30000,0,650000,0,0,0,0
Chad,TCD,2009,340000,30970000,1500000,160000,30000,0,680000,0,0,0,0
Chad,TCD,2010,820000,32950000,1510000,140000,30000,0,690000,0,0,0,10000
Chad,TCD,2011,830000,34780000,1490000,150000,30000,0,690000,0,0,0,10000
Chad,TCD,2012,1200000,36720000,1430000,150000,30000,0,710000,0,0,0,10000
Chad,TCD,2013,720000,38510000,1540000,160000,30000,0,720000,0,0,0,10000
Chad,TCD,2014,650000,40390000,1560000,160000,40000,0,730000,0,0,0,10000
Chad,TCD,2015,660000,43730000,2180000,170000,40000,0,740000,0,0,0,10000
Chad,TCD,2016,1130000,46650000,2100000,170000,0,0,780000,0,0,0,10000
Chad,TCD,2017,790000,48670000,1790000,180000,0,0,770000,0,0,0,10000
Chad,TCD,2018,760000,51710000,1910000,190000,0,0,780000,0,0,0,0
Chad,TCD,2019,610000,54070000,1900000,190000,0,0,740000,0,0,0,10000
Chad,TCD,2020,640000,57690000,1780000,200000,0,0,810000,0,0,0,10000
Chad,TCD,2021,540000,60200000,1690000,200000,0,0,860000,0,0,0,10000
Chad,TCD,2022,300000,63630000,1840000,210000,0,0,860000,0,0,0,10000
Chad,TCD,2023,320000,67520000,2000000,220000,0,0,860000,0,0,0,10000
Chile,CHL,1990,140000,7130000,480000,830000,20000,0,720000,10000,30000,0,60000
Chile,CHL,1991,140000,7210000,430000,920000,30000,0,750000,10000,40000,0,60000
Chile,CHL,1992,140000,7390000,440000,1010000,30000,0,790000,10000,50000,0,70000
Chile,CHL,1993,140000,7640000,450000,1090000,20000,0,820000,10000,40000,0,70000
Chile,CHL,1994,140000,7910000,490000,1180000,20000,0,870000,10000,40000,0,80000
Chile,CHL,1995,140000,8040000,470000,1320000,10000,0,910000,10000,40000,0,90000
Chile,CHL,1996,90000,8140000,480000,1470000,30000,0,960000,20000,40000,0,90000
Chile,CHL,1997,170000,8410000,480000,1610000,20000,0,1010000,20000,40000,0,100000
Chile,CHL,1998,129999,8510000,500000,1760000,10000,0,1010000,20000,40000,0,100000
Chile,CHL,1999,150000,8420000,580000,1900000,10000,0,1030000,20000,50000,0,100000
Chile,CHL,2000,70000,8180000,650000,2050000,10000,0,1039999,20000,50000,10000,100000
Chile,CHL,2001,20000,8069999,690000,2230000,0,0,1060000,20000,50000,10000,90000
Chile,CHL,2002,80000,7970000,670000,2410000,10000,0,1060000,20000,50000,10000,100000
Chile,CHL,2003,70000,7910000,660000,2590000,0,0,1060000,20000,40000,10000,90000
Chile,CHL,2004,60000,7980000,700000,2780000,10000,0,1070000,20000,50000,10000,100000
Chile,CHL,2005,90000,7840000,710000,2960000,10000,0,1030000,30000,50000,10000,100000
Chile,CHL,2006,50000,7660000,720000,3140000,10000,0,1030000,30000,60000,10000,100000
Chile,CHL,2007,90000,7360000,600000,3040000,0,0,1039999,30000,70000,10000,100000
Chile,CHL,2008,129999,7450000,500000,2940000,10000,0,1039999,40000,70000,10000,110000
Chile,CHL,2009,70000,7510000,560000,2840000,0,0,1050000,40000,70000,10000,110000
Chile,CHL,2010,50000,7480000,620000,2740000,0,0,1110000,30000,50000,0,120000
Chile,CHL,2011,110000,7360000,590000,3070000,10000,0,1180000,40000,70000,0,120000
Chile,CHL,2012,110000,7380000,540000,3400000,0,0,1290000,150000,70000,0,120000
Chile,CHL,2013,30000,6080000,510000,3730000,0,0,1300000,160000,90000,0,129999
Chile,CHL,2014,120000,5830000,460000,3920000,0,0,650000,129999,90000,0,140000
Chile,CHL,2015,320000,5500000,480000,4110000,0,0,610000,140000,80000,0,140000
Chile,CHL,2016,60000,5640000,510000,4300000,0,0,630000,160000,90000,0,150000
Chile,CHL,2017,710000,5760000,519999,4800000,10000,0,640000,170000,80000,0,150000
Chile,CHL,2018,30000,5890000,540000,5300000,10000,0,670000,170000,90000,0,150000
Chile,CHL,2019,80000,6050000,630000,5530000,10000,0,670000,170000,90000,0,150000
Chile,CHL,2020,110000,6180000,540000,5760000,10000,0,670000,160000,80000,0,129999
Chile,CHL,2021,90000,5820000,580000,5960000,10000,0,660000,190000,60000,0,150000
Chile,CHL,2022,170000,5750000,620000,6180000,10000,0,910000,170000,70000,0,160000
Chile,CHL,2023,890000,5680000,650000,6710000,10000,0,900000,180000,80000,0,160000
China,CHN,1990,460000,377360000,169240000,165070000,4930000,0,240150000,280000,2160000,10000,650000
China,CHN,1991,460000,382130016,170250000,167750000,4970000,0,241760000,300000,2250000,20000,750000
China,CHN,1992,460000,382260000,174520000,184240000,4390000,0,240310000,330000,2350000,30000,860000
China,CHN,1993,460000,379380000,183220000,200340000,4430000,0,241110000,380000,2500000,20000,1030000
China,CHN,1994,460000,387910016,197850000,216160000,4810000,0,237910000,410000,2650000,20000,940000
China,CHN,1995,460000,410190016,225200000,206230000,4770000,0,238430000,470000,3000000,20000,1020000
China,CHN,1996,860000,433190016,231170000,196310000,2950000,0,231150000,480000,2710000,30000,1230000
China,CHN,1997,910000,391709984,226370000,186380000,4570000,0,235450000,510000,2650000,20000,1180000
China,CHN,1998,1090000,410950016,224180000,176450000,4760000,0,227700000,540000,2850000,20000,1180000
China,CHN,1999,990000,418750016,221770000,166520000,4490000,0,226070000,550000,2400000,20000,1230000
China,CHN,2000,1110000,417640000,234810000,156600000,3070000,0,222010000,590000,2240000,30000,1460000
China,CHN,2001,350000,406049984,250470000,146670000,3290000,0,213040000,620000,2310000,30000,1510000
China,CHN,2002,190000,395760000,262620000,136740000,3640000,0,210070000,670000,2410000,30000,1630000
China,CHN,2003,640000,385800000,309260000,126810000,4179999,0,203800000,780000,2790000,30000,1870000
China,CHN,2004,560000,395750016,359480000,116890000,4620000,0,196450000,840000,3690000,40000,2089999
China,CHN,2005,330000,399180000,406960000,106960000,5000000,0,189210000,910000,4800000,40000,2250000
China,CHN,2006,240000,397380000,444480000,110210000,5170000,0,186230000,1020000,5100000,50000,2490000
China,CHN,2007,350000,387450016,484220000,113470000,5360000,0,171050000,1130000,5380000,60000,2630000
China,CHN,2008,950000,393040000,496920000,116720000,5510000,0,155150000,1200000,5770000,60000,3220000
China,CHN,2009,420000,391070016,527340032,119970000,5650000,0,145690000,1340000,6100000,60000,3400000
China,CHN,2010,480000,388680000,578520000,123230000,5790000,0,134930000,1650000,6600000,70000,3710000
China,CHN,2011,290000,383340000,619280000,137540000,6010000,0,125260000,1850000,6930000,80000,4250000
China,CHN,2012,220000,380829984,606489984,151840000,6240000,0,116940000,1910000,7010000,80000,4620000
China,CHN,2013,230000,380070016,617240000,167800000,6710000,0,107580000,2089999,6780000,70000,5270000
China,CHN,2014,430000,380720000,615000000,183760000,6620000,0,105450000,2160000,6750000,60000,5770000
China,CHN,2015,250000,382340000,593830016,191010000,6940000,0,103130000,2210000,6530000,80000,6520000
China,CHN,2016,280000,382549984,539289984,198250000,7150000,0,96930000,2390000,6000000,80000,6800000
China,CHN,2017,140000,375960000,539900032,205490000,7000000,0,95740000,2690000,5350000,90000,7220000
China,CHN,2018,300000,374320000,558169984,212010000,6050000,0,92070000,2910000,4840000,100000,7870000
China,CHN,2019,310000,364429984,568950016,218700000,5480000,0,80220000,3170000,4570000,100000,8600000
China,CHN,2020,330000,381840000,574299968,225510000,5460000,0,72690000,3440000,4430000,100000,8620000
China,CHN,2021,250000,390950016,588469952,232070000,4460000,0,63990000,3980000,4290000,110000,9390000
China,CHN,2022,150000,396240000,606770048,239030000,4200000,0,55590000,4250000,4130000,100000,8890000
China,CHN,2023,360000,396709984,609419968,253530000,4050000,0,48550000,4590000,4130000,110000,9190000
Colombia,COL,1990,220000,46820000,11680000,9030000,360000,0,1260000,10000,60000,0,160000
Colombia,COL,1991,220000,46370000,11120000,9390000,270000,0,1270000,10000,60000,0,170000
Colombia,COL,1992,220000,47030000,11830000,9760000,390000,0,1070000,10000,50000,0,180000
Colombia,COL,1993,220000,47770000,12010000,10120000,300000,0,1120000,10000,60000,0,180000
Colombia,COL,1994,220000,48540000,12690000,10480000,360000,0,1140000,10000,60000,0,160000
Colombia,COL,1995,220000,48550000,15280000,10650000,350000,0,1160000,10000,60000,0,200000
Colombia,COL,1996,190000,49180000,16660000,10820000,330000,0,1160000,10000,60000,0,200000
Colombia,COL,1997,500000,48440000,18490000,10990000,290000,0,610000,10000,60000,0,210000
Colombia,COL,1998,519999,48780000,20030000,11160000,290000,0,600000,10000,60000,0,200000
Colombia,COL,1999,320000,46810000,20100000,11330000,290000,0,660000,10000,60000,0,180000
Colombia,COL,2000,630000,47250000,20000000,11500000,240000,0,640000,10000,60000,0,170000
Colombia,COL,2001,80000,48110000,20780000,11800000,230000,0,580000,10000,60000,0,150000
Colombia,COL,2002,30000,48120000,19390000,12090000,259999,0,570000,10000,60000,0,150000
Colombia,COL,2003,160000,49080000,21190000,12380000,259999,0,660000,10000,50000,0,150000
Colombia,COL,2004,580000,49660000,21850000,12670000,310000,0,490000,10000,50000,0,170000
Colombia,COL,2005,50000,49810000,22980000,13490000,310000,0,500000,10000,50000,0,160000
Colombia,COL,2006,110000,49520000,24620000,15070000,270000,0,570000,10000,50000,0,180000
Colombia,COL,2007,490000,50780000,25810000,16780000,240000,0,610000,10000,60000,0,180000
Colombia,COL,2008,140000,50970000,27390000,19980000,240000,0,610000,10000,60000,0,220000
Colombia,COL,2009,60000,50650000,28110000,22400000,250000,0,620000,10000,60000,0,170000
Colombia,COL,2010,50000,51780000,29900000,25900000,230000,0,610000,30000,50000,10000,180000
Colombia,COL,2011,70000,48390000,34300000,26550000,210000,0,610000,30000,70000,10000,200000
Colombia,COL,2012,70000,45350000,35730000,27790000,200000,0,640000,20000,50000,10000,210000
Colombia,COL,2013,90000,44740000,36000000,27940000,170000,0,1090000,20000,90000,0,220000
Colombia,COL,2014,210000,44100000,36510000,28380000,170000,0,1070000,20000,90000,0,240000
Colombia,COL,2015,180000,42290000,35790000,28750000,180000,0,1030000,20000,90000,0,250000
Colombia,COL,2016,190000,44190000,35310000,30150000,170000,0,990000,30000,90000,0,259999
Colombia,COL,2017,120000,46540000,34900000,32340000,60000,0,900000,20000,90000,0,250000
Colombia,COL,2018,560000,49720000,33560000,32970002,60000,0,910000,20000,80000,0,259999
Colombia,COL,2019,120000,51620000,34200000,34290000,110000,0,840000,20000,90000,0,270000
Colombia,COL,2020,220000,53540000,25180000,35460000,180000,0,810000,30000,70000,0,230000
Colombia,COL,2021,120000,55550000,25980000,36480000,120000,0,810000,30000,70000,0,290000
Colombia,COL,2022,350000,55810000,25970000,37370000,120000,0,800000,30000,70000,0,320000
Colombia,COL,2023,100000,55620000,23430000,38150000,110000,0,850000,40000,70000,0,330000
Comoros,COM,1990,0,170000,0,0,,0,0,0,0,0,0
Comoros,COM,1991,0,100000,0,0,,0,0,0,0,0,0
Comoros,COM,1992,0,100000,0,0,,0,0,0,0,0,0
Comoros,COM,1993,0,100000,0,0,,0,0,0,0,0,0
Comoros,COM,1994,0,100000,0,0,,0,0,0,0,0,0
Comoros,COM,1995,0,100000,0,0,,0,0,0,0,0,0
Comoros,COM,1996,0,100000,0,0,,0,0,0,0,0,0
Comoros,COM,1997,0,100000,0,0,,0,0,0,0,0,0
Comoros,COM,1998,0,100000,0,0,,0,0,0,0,0,0
Comoros,COM,1999,0,110000,0,0,,0,0,0,0,0,0
Comoros,COM,2000,0,100000,0,0,,0,0,0,0,0,0
Comoros,COM,2001,0,100000,0,0,,0,0,0,0,0,0
Comoros,COM,2002,0,100000,0,0,,0,0,0,0,0,0
Comoros,COM,2003,0,90000,0,0,,0,0,0,0,0,0
Comoros,COM,2004,0,100000,0,0,,0,0,0,0,0,0
Comoros,COM,2005,20000,90000,0,0,,0,0,0,0,0,0
Comoros,COM,2006,0,90000,0,0,,0,0,0,0,0,0
Comoros,COM,2007,0,80000,0,0,,0,0,0,0,0,0
Comoros,COM,2008,0,80000,0,0,,0,0,0,0,0,0
Comoros,COM,2009,0,80000,0,0,,0,0,0,0,0,0
Comoros,COM,2010,0,70000,0,0,,0,0,0,0,0,0
Comoros,COM,2011,0,70000,0,0,,0,0,0,0,0,0
Comoros,COM,2012,0,70000,0,0,0,0,0,0,0,0,0
Comoros,COM,2013,0,70000,0,0,0,0,0,0,0,0,0
Comoros,COM,2014,0,70000,0,0,0,0,0,0,0,0,0
Comoros,COM,2015,0,70000,0,0,0,0,0,0,0,0,0
Comoros,COM,2016,0,70000,0,0,0,0,0,0,0,0,0
Comoros,COM,2017,0,70000,0,0,0,0,0,0,0,0,0
Comoros,COM,2018,0,70000,0,0,0,0,0,0,0,0,0
Comoros,COM,2019,0,80000,0,0,0,0,0,0,0,0,0
Comoros,COM,2020,0,70000,0,0,0,0,0,0,0,0,0
Comoros,COM,2021,0,70000,0,0,0,0,0,0,0,0,0
Comoros,COM,2022,0,70000,0,0,0,0,0,0,0,0,0
Comoros,COM,2023,0,70000,0,0,0,0,0,0,0,0,0
Congo,COG,1990,220000,1120000,5370000,270000,0,0,340000,0,0,0,0
Congo,COG,1991,220000,1120000,5210000,270000,0,0,350000,0,0,0,0
Congo,COG,1992,220000,1120000,5520000,330000,0,0,360000,0,0,0,0
Congo,COG,1993,220000,1120000,5290000,370000,0,0,360000,0,0,0,0
Congo,COG,1994,220000,1120000,4720000,400000,0,0,350000,0,0,0,0
Congo,COG,1995,220000,1120000,5100000,400000,0,0,340000,0,0,0,0
Congo,COG,1996,390000,460000,6090000,400000,0,0,350000,0,0,0,0
Congo,COG,1997,370000,490000,6770000,400000,0,0,360000,0,0,0,0
Congo,COG,1998,300000,519999,7820000,400000,0,0,350000,0,0,0,0
Congo,COG,1999,330000,519999,8250000,400000,0,0,330000,0,0,0,0
Congo,COG,2000,259999,430000,8530000,410000,0,0,220000,0,0,0,0
Congo,COG,2001,100000,480000,8029999,420000,0,0,240000,0,0,0,0
Congo,COG,2002,50000,750000,6250000,440000,0,0,270000,0,0,0,0
Congo,COG,2003,240000,1200000,6280000,450000,0,0,300000,0,0,0,0
Congo,COG,2004,180000,1280000,6670000,470000,0,0,330000,0,0,0,0
Congo,COG,2005,180000,1520000,7650000,490000,0,0,360000,0,0,0,0
Congo,COG,2006,230000,1570000,8550000,510000,0,0,650000,0,0,0,0
Congo,COG,2007,160000,1440000,6930000,530000,0,0,430000,0,0,0,0
Congo,COG,2008,120000,1470000,7180000,550000,0,0,470000,0,0,0,0
Congo,COG,2009,129999,1370000,8050000,570000,0,0,510000,0,0,0,10000
Congo,COG,2010,220000,1590000,9020000,590000,0,0,560000,0,0,0,10000
Congo,COG,2011,280000,1650000,8420000,620000,0,0,1000000,0,0,0,10000
Congo,COG,2012,170000,1570000,6870000,640000,0,0,1060000,0,0,0,10000
Congo,COG,2013,150000,1660000,6870000,660000,0,0,1080000,0,0,0,10000
Congo,COG,2014,80000,1420000,6770000,670000,0,0,1110000,0,0,0,10000
Congo,COG,2015,180000,1630000,6150000,690000,0,0,990000,0,0,0,10000
Congo,COG,2016,310000,1640000,5790000,710000,0,0,1020000,0,0,0,10000
Congo,COG,2017,110000,1610000,6550000,730000,0,0,1050000,0,0,0,10000
Congo,COG,2018,240000,1650000,8300000,750000,0,0,1070000,0,0,0,10000
Congo,COG,2019,259999,1640000,8660000,770000,0,0,1080000,0,0,0,10000
Congo,COG,2020,210000,1420000,8109999,790000,0,0,1100000,0,0,0,10000
Congo,COG,2021,150000,1390000,7170000,810000,0,0,1110000,0,0,0,10000
Congo,COG,2022,250000,1670000,7600000,830000,0,0,1130000,0,0,0,10000
Congo,COG,2023,150000,1380000,7920000,850000,0,0,1150000,0,0,0,10000
Cook Islands,COK,1990,0,10000,0,0,,0,,0,,0,0
Cook Islands,COK,1991,0,10000,0,0,,0,,0,,0,0
Cook Islands,COK,1992,0,10000,0,0,,0,,0,,0,0
Cook Islands,COK,1993,0,10000,0,0,,0,,0,,0,0
Cook Islands,COK,1994,0,10000,0,0,,0,,0,,0,0
Cook Islands,COK,1995,0,10000,0,0,,0,,0,,0,0
Cook Islands,COK,1996,0,20000,0,0,,0,,0,,0,0
Cook Islands,COK,1997,0,20000,0,0,,0,,0,,0,0
Cook Islands,COK,1998,0,20000,0,0,,0,,0,,0,0
Cook Islands,COK,1999,0,20000,0,0,,0,,0,,0,0
Cook Islands,COK,2000,0,20000,0,0,,0,,0,,0,0
Cook Islands,COK,2001,0,10000,0,0,,0,,0,,0,0
Cook Islands,COK,2002,0,10000,0,0,,0,,0,,0,0
Cook Islands,COK,2003,0,10000,0,0,,0,,0,,0,0
Cook Islands,COK,2004,0,10000,0,0,,0,,0,,0,0
Cook Islands,COK,2005,0,10000,0,0,,0,,0,,0,0
Cook Islands,COK,2006,0,10000,0,0,,0,,0,,0,0
Cook Islands,COK,2007,0,10000,0,0,,0,,0,,0,0
Cook Islands,COK,2008,0,10000,0,0,,0,,0,,0,0
Cook Islands,COK,2009,0,10000,0,0,,0,,0,,0,0
Cook Islands,COK,2010,0,10000,0,0,,0,,0,,0,0
Cook Islands,COK,2011,0,10000,0,0,,0,,0,,0,0
Cook Islands,COK,2012,0,10000,0,0,,0,,0,,0,0
Cook Islands,COK,2013,0,10000,0,0,,0,,0,,0,0
Cook Islands,COK,2014,0,10000,0,0,,0,,0,,0,0
Cook Islands,COK,2015,0,10000,0,0,,0,,0,,0,0
Cook Islands,COK,2016,0,10000,0,0,,0,,0,,0,0
Cook Islands,COK,2017,0,10000,0,0,,0,,0,,0,0
Cook Islands,COK,2018,0,10000,0,0,,0,,0,,0,0
Cook Islands,COK,2019,0,10000,0,0,,0,,0,,0,0
Cook Islands,COK,2020,0,10000,0,0,,0,,0,,0,0
Cook Islands,COK,2021,0,10000,0,0,,0,,0,,0,0
Cook Islands,COK,2022,0,10000,0,0,,0,,0,,0,0
Cook Islands,COK,2023,0,10000,0,0,,0,,0,,0,0
Costa Rica,CRI,1990,20000,3800000,0,570000,0,0,60000,0,10000,0,10000
Costa Rica,CRI,1991,20000,3770000,0,670000,0,0,60000,0,10000,0,10000
Costa Rica,CRI,1992,20000,3710000,0,770000,0,0,60000,0,10000,0,20000
Costa Rica,CRI,1993,20000,3700000,0,870000,0,0,60000,0,10000,0,20000
Costa Rica,CRI,1994,20000,3340000,0,960000,0,0,60000,0,10000,0,20000
Costa Rica,CRI,1995,20000,2950000,0,1060000,0,0,70000,0,10000,0,20000
Costa Rica,CRI,1996,10000,2870000,0,1160000,0,0,70000,0,10000,0,20000
Costa Rica,CRI,1997,20000,2790000,0,1280000,0,0,30000,0,10000,0,20000
Costa Rica,CRI,1998,40000,2810000,0,1400000,0,0,20000,0,10000,0,20000
Costa Rica,CRI,1999,20000,2670000,0,1530000,0,0,20000,0,10000,0,20000
Costa Rica,CRI,2000,20000,2560000,0,1650000,0,0,20000,0,10000,0,20000
Costa Rica,CRI,2001,20000,2460000,0,1670000,0,0,30000,0,10000,0,20000
Costa Rica,CRI,2002,10000,2350000,0,1690000,0,0,40000,0,10000,0,20000
Costa Rica,CRI,2003,20000,2250000,0,1720000,0,0,40000,0,10000,0,20000
Costa Rica,CRI,2004,10000,2150000,0,1740000,0,0,90000,0,10000,0,20000
Costa Rica,CRI,2005,0,2250000,0,1760000,0,0,110000,0,10000,0,20000
Costa Rica,CRI,2006,0,2180000,0,1810000,0,0,129999,0,10000,0,30000
Costa Rica,CRI,2007,30000,2370000,0,1850000,0,0,110000,0,20000,0,30000
Costa Rica,CRI,2008,0,2510000,0,1900000,0,0,100000,0,20000,0,30000
Costa Rica,CRI,2009,10000,2560000,0,1950000,0,0,80000,0,20000,0,30000
Costa Rica,CRI,2010,10000,2590000,0,2000000,0,0,90000,0,20000,0,30000
Costa Rica,CRI,2011,0,2670000,0,2040000,0,0,70000,0,20000,0,30000
Costa Rica,CRI,2012,20000,2570000,0,2100000,0,0,70000,0,20000,0,30000
Costa Rica,CRI,2013,30000,2620000,0,2160000,0,0,60000,0,20000,0,30000
Costa Rica,CRI,2014,10000,2570000,0,2220000,0,0,60000,0,20000,0,30000
Costa Rica,CRI,2015,40000,2620000,0,2300000,0,0,50000,0,20000,0,40000
Costa Rica,CRI,2016,30000,2770000,0,2460000,0,0,30000,0,10000,0,40000
Costa Rica,CRI,2017,10000,2900000,0,2420000,0,0,30000,0,10000,0,40000
Costa Rica,CRI,2018,10000,3060000,0,2420000,0,0,30000,0,10000,0,40000
Costa Rica,CRI,2019,30000,3140000,0,2490000,0,0,30000,0,10000,0,40000
Costa Rica,CRI,2020,30000,2810000,0,2520000,0,0,30000,0,10000,0,30000
Costa Rica,CRI,2021,0,3930000,0,2550000,0,0,30000,0,10000,0,40000
Costa Rica,CRI,2022,50000,3380000,0,2600000,0,0,30000,0,10000,0,40000
Costa Rica,CRI,2023,0,4010000,0,2710000,0,0,30000,0,10000,0,40000
Cote d'Ivoire,CIV,1990,100000,2910000,20000,770000,0,0,1650000,0,0,0,10000
Cote d'Ivoire,CIV,1991,100000,3000000,10000,3530000,0,0,1710000,0,0,0,10000
Cote d'Ivoire,CIV,1992,100000,3060000,50000,6280000,0,0,1760000,0,0,0,10000
Cote d'Ivoire,CIV,1993,100000,2970000,50000,9030000,0,0,1820000,0,0,0,10000
Cote d'Ivoire,CIV,1994,100000,3110000,60000,11780000,0,0,1870000,0,0,0,10000
Cote d'Ivoire,CIV,1995,100000,3160000,160000,12020000,0,0,1920000,0,0,0,10000
Cote d'Ivoire,CIV,1996,110000,2980000,360000,12260000,0,0,1990000,0,0,0,10000
Cote d'Ivoire,CIV,1997,270000,3040000,400000,12500000,0,0,2040000,0,0,0,10000
Cote d'Ivoire,CIV,1998,600000,3040000,380000,12740000,0,0,2079999,0,0,0,10000
Cote d'Ivoire,CIV,1999,600000,3000000,450000,12980000,10000,0,2140000,0,0,0,10000
Cote d'Ivoire,CIV,2000,460000,3100000,450000,13220000,10000,0,2200000,0,0,0,10000
Cote d'Ivoire,CIV,2001,350000,3310000,519999,12290000,10000,0,2200000,0,0,0,10000
Cote d'Ivoire,CIV,2002,30000,3730000,810000,11360000,10000,0,2250000,0,0,0,10000
Cote d'Ivoire,CIV,2003,50000,3670000,540000,10440000,10000,0,2290000,0,0,0,0
Cote d'Ivoire,CIV,2004,20000,2950000,480000,9510000,10000,0,3210000,0,0,0,0
Cote d'Ivoire,CIV,2005,20000,3840000,640000,8580000,0,0,3280000,0,0,0,10000
Cote d'Ivoire,CIV,2006,20000,3680000,840000,7650000,10000,0,3360000,0,0,0,10000
Cote d'Ivoire,CIV,2007,80000,3710000,750000,6720000,10000,0,3440000,0,0,0,10000
Cote d'Ivoire,CIV,2008,20000,3490000,760000,5790000,0,0,3370000,0,0,0,10000
Cote d'Ivoire,CIV,2009,20000,3400000,750000,4860000,0,0,3210000,0,0,0,10000
Cote d'Ivoire,CIV,2010,10000,3350000,730000,3940000,0,0,3610000,0,0,0,10000
Cote d'Ivoire,CIV,2011,20000,3500000,690000,3010000,0,0,4210000,0,0,0,10000
Cote d'Ivoire,CIV,2012,70000,3640000,690000,2079999,0,0,4320000,0,0,0,10000
Cote d'Ivoire,CIV,2013,20000,3920000,660000,2130000,0,0,4440000,0,0,0,10000
Cote d'Ivoire,CIV,2014,10000,3450000,620000,2180000,0,0,4560000,0,0,0,10000
Cote d'Ivoire,CIV,2015,10000,3580000,680000,2230000,0,0,3450000,0,0,0,20000
Cote d'Ivoire,CIV,2016,20000,4190000,760000,2290000,0,0,3320000,0,0,0,20000
Cote d'Ivoire,CIV,2017,10000,3790000,830000,2350000,0,0,3570000,0,0,0,20000
Cote d'Ivoire,CIV,2018,0,3780000,700000,2410000,0,0,3200000,10000,0,0,20000
Cote d'Ivoire,CIV,2019,10000,3670000,750000,2470000,0,0,3440000,0,0,0,30000
Cote d'Ivoire,CIV,2020,20000,3810000,670000,2540000,0,0,3540000,10000,0,0,30000
Cote d'Ivoire,CIV,2021,0,3840000,640000,2600000,0,0,4270000,10000,0,0,40000
Cote d'Ivoire,CIV,2022,10000,4030000,680000,2670000,0,0,4330000,10000,0,0,40000
Cote d'Ivoire,CIV,2023,10000,4030000,710000,2740000,0,0,4380000,10000,0,0,50000
Croatia,HRV,1990,0,2620000,490000,1030000,0,20000,350000,10000,10000,0,30000
Croatia,HRV,1991,0,2540000,400000,1050000,0,20000,450000,0,0,0,20000
Croatia,HRV,1992,0,2330000,510000,1060000,0,20000,380000,0,0,0,20000
Croatia,HRV,1993,0,2230000,380000,1080000,0,10000,400000,10000,0,0,20000
Croatia,HRV,1994,0,2120000,340000,1100000,0,10000,360000,0,0,0,20000
Croatia,HRV,1995,0,2000000,340000,1120000,0,10000,380000,0,0,0,20000
Croatia,HRV,1996,0,1890000,320000,1130000,0,10000,420000,0,0,0,30000
Croatia,HRV,1997,10000,1860000,320000,1160000,0,10000,390000,0,10000,0,30000
Croatia,HRV,1998,50000,1820000,300000,1180000,0,10000,390000,10000,10000,0,30000
Croatia,HRV,1999,0,1850000,280000,1220000,0,10000,390000,10000,0,0,30000
Croatia,HRV,2000,10000,1780000,270000,1270000,0,10000,340000,0,0,0,30000
Croatia,HRV,2001,0,1800000,280000,1280000,0,10000,380000,0,0,0,30000
Croatia,HRV,2002,0,1790000,290000,1320000,0,10000,360000,0,0,0,30000
Croatia,HRV,2003,0,1810000,290000,1360000,0,10000,420000,10000,10000,0,30000
Croatia,HRV,2004,0,1920000,290000,1420000,0,10000,410000,0,10000,0,30000
Croatia,HRV,2005,0,1880000,290000,1410000,0,10000,430000,0,10000,0,30000
Croatia,HRV,2006,0,1930000,310000,1500000,0,10000,400000,0,10000,0,30000
Croatia,HRV,2007,0,1860000,320000,1580000,0,10000,380000,10000,10000,0,40000
Croatia,HRV,2008,0,1750000,310000,1660000,0,10000,380000,0,10000,0,40000
Croatia,HRV,2009,0,1750000,300000,1720000,0,10000,400000,0,10000,0,40000
Croatia,HRV,2010,0,1670000,300000,1770000,0,10000,430000,0,10000,0,30000
Croatia,HRV,2011,10000,1680000,270000,1810000,0,0,420000,0,0,0,30000
Croatia,HRV,2012,0,1690000,240000,1800000,0,0,420000,0,0,0,30000
Croatia,HRV,2013,0,1600000,230000,1780000,0,0,410000,0,0,0,30000
Croatia,HRV,2014,0,1620000,210000,1830000,0,0,360000,0,0,0,30000
Croatia,HRV,2015,0,1580000,230000,1880000,0,0,420000,0,0,0,30000
Croatia,HRV,2016,0,1570000,230000,1910000,0,0,410000,10000,0,0,30000
Croatia,HRV,2017,0,1590000,220000,1930000,0,0,390000,10000,0,0,30000
Croatia,HRV,2018,0,1470000,210000,1910000,0,0,370000,10000,0,0,30000
Croatia,HRV,2019,0,1460000,190000,1880000,0,0,360000,10000,0,0,30000
Croatia,HRV,2020,10000,1430000,180000,1890000,0,0,370000,10000,10000,0,30000
Croatia,HRV,2021,0,1410000,170000,1760000,0,0,400000,10000,10000,0,30000
Croatia,HRV,2022,0,1340000,160000,1780000,0,0,360000,10000,0,0,30000
Croatia,HRV,2023,0,1260000,160000,1820000,0,0,350000,10000,0,0,30000
Cuba,CUB,1990,40000,10190000,259999,3320000,30000,0,30000,40000,160000,0,40000
Cuba,CUB,1991,40000,10060000,200000,3250000,40000,0,30000,40000,140000,0,30000
Cuba,CUB,1992,40000,10190000,259999,3170000,80000,0,40000,40000,129999,0,20000
Cuba,CUB,1993,40000,9390000,300000,3100000,80000,0,40000,30000,90000,0,10000
Cuba,CUB,1994,40000,10020000,340000,3020000,50000,0,30000,30000,90000,0,10000
Cuba,CUB,1995,40000,9610000,370000,2950000,40000,0,30000,20000,80000,0,10000
Cuba,CUB,1996,50000,10140000,420000,2870000,40000,0,40000,30000,90000,0,20000
Cuba,CUB,1997,40000,9990000,400000,2800000,50000,0,30000,30000,90000,0,20000
Cuba,CUB,1998,80000,9890000,470000,2730000,40000,0,30000,20000,80000,0,20000
Cuba,CUB,1999,90000,9420000,620000,2650000,50000,0,30000,30000,80000,0,20000
Cuba,CUB,2000,110000,9280000,760000,2580000,40000,0,30000,30000,90000,0,20000
Cuba,CUB,2001,10000,9030000,820000,2630000,40000,0,30000,30000,90000,0,20000
Cuba,CUB,2002,30000,9080000,960000,2690000,40000,0,30000,30000,70000,0,10000
Cuba,CUB,2003,10000,9210000,1010000,1200000,40000,0,20000,30000,50000,0,10000
Cuba,CUB,2004,20000,8730000,920000,1200000,40000,0,20000,30000,50000,0,10000
Cuba,CUB,2005,50000,8029999,830000,1200000,40000,0,20000,30000,40000,0,10000
Cuba,CUB,2006,40000,8279999,900000,1210000,30000,0,20000,20000,40000,0,10000
Cuba,CUB,2007,20000,8300000,900000,1210000,30000,0,20000,20000,40000,0,10000
Cuba,CUB,2008,10000,8530000,900000,1210000,30000,0,10000,20000,30000,0,10000
Cuba,CUB,2009,50000,9160000,860000,1220000,40000,0,20000,20000,30000,0,10000
Cuba,CUB,2010,20000,8950000,900000,1220000,20000,0,10000,20000,30000,10000,10000
Cuba,CUB,2011,50000,9270000,910000,1220000,30000,0,10000,20000,30000,0,10000
Cuba,CUB,2012,20000,9230000,890000,1220000,40000,0,10000,30000,40000,10000,10000
Cuba,CUB,2013,30000,9240000,900000,1220000,30000,0,10000,30000,30000,10000,10000
Cuba,CUB,2014,10000,9140000,910000,1220000,30000,0,10000,30000,40000,10000,10000
Cuba,CUB,2015,40000,8560000,880000,1220000,30000,0,10000,30000,40000,10000,10000
Cuba,CUB,2016,10000,8750000,800000,1220000,20000,0,10000,30000,30000,0,10000
Cuba,CUB,2017,30000,8300000,750000,1220000,30000,0,10000,30000,40000,0,10000
Cuba,CUB,2018,10000,8370000,730000,1220000,20000,0,10000,30000,50000,0,10000
Cuba,CUB,2019,0,8210000,680000,1230000,30000,0,10000,30000,30000,0,10000
Cuba,CUB,2020,70000,7720000,620000,1230000,20000,0,10000,20000,40000,0,10000
Cuba,CUB,2021,30000,7460000,620000,1230000,20000,0,10000,20000,30000,0,10000
Cuba,CUB,2022,10000,7130000,610000,1230000,20000,0,10000,20000,20000,0,10000
Cuba,CUB,2023,80000,6900000,560000,1230000,20000,0,10000,10000,20000,0,10000
Cyprus,CYP,1990,0,160000,0,430000,0,0,0,0,0,0,10000
Cyprus,CYP,1991,0,170000,0,430000,0,0,0,0,0,0,10000
Cyprus,CYP,1992,0,170000,0,440000,0,0,0,0,0,0,10000
Cyprus,CYP,1993,0,180000,0,450000,0,0,0,0,0,0,10000
Cyprus,CYP,1994,0,180000,0,460000,0,0,0,0,0,0,10000
Cyprus,CYP,1995,0,190000,0,470000,0,0,0,0,0,0,10000
Cyprus,CYP,1996,0,190000,0,480000,0,0,0,0,0,0,10000
Cyprus,CYP,1997,0,190000,0,490000,0,0,0,0,0,0,10000
Cyprus,CYP,1998,0,190000,0,490000,0,0,0,0,0,0,10000
Cyprus,CYP,1999,0,190000,0,500000,0,0,0,0,0,0,10000
Cyprus,CYP,2000,0,200000,0,510000,0,0,0,0,0,0,10000
Cyprus,CYP,2001,0,220000,0,519999,0,0,0,0,0,0,10000
Cyprus,CYP,2002,0,230000,0,530000,0,0,0,0,0,0,10000
Cyprus,CYP,2003,0,220000,0,530000,0,0,0,0,0,0,10000
Cyprus,CYP,2004,0,220000,0,540000,0,0,0,0,0,0,10000
Cyprus,CYP,2005,0,200000,0,550000,0,0,0,0,0,0,10000
Cyprus,CYP,2006,0,200000,0,550000,0,0,0,0,0,0,10000
Cyprus,CYP,2007,0,200000,0,550000,0,0,0,0,0,0,10000
Cyprus,CYP,2008,0,200000,0,560000,0,0,10000,0,0,0,20000
Cyprus,CYP,2009,0,200000,0,560000,0,0,10000,0,0,0,20000
Cyprus,CYP,2010,0,210000,0,570000,0,0,10000,0,0,0,20000
Cyprus,CYP,2011,0,210000,0,570000,0,0,10000,0,0,0,20000
Cyprus,CYP,2012,0,200000,0,580000,0,0,10000,0,0,0,20000
Cyprus,CYP,2013,0,190000,0,590000,0,0,10000,0,0,0,10000
Cyprus,CYP,2014,0,190000,0,600000,0,0,10000,0,0,0,10000
Cyprus,CYP,2015,0,180000,0,600000,0,0,10000,0,0,0,10000
Cyprus,CYP,2016,0,190000,0,600000,0,0,10000,0,0,0,10000
Cyprus,CYP,2017,0,200000,0,610000,0,0,10000,0,0,0,10000
Cyprus,CYP,2018,0,200000,0,610000,0,0,10000,0,0,0,10000
Cyprus,CYP,2019,0,200000,0,620000,0,0,10000,0,0,0,10000
Cyprus,CYP,2020,0,220000,0,620000,0,0,10000,0,0,0,10000
Cyprus,CYP,2021,0,220000,0,630000,0,0,10000,0,0,0,10000
Cyprus,CYP,2022,0,210000,0,640000,0,0,10000,0,0,0,10000
Cyprus,CYP,2023,0,129999,0,650000,0,0,10000,0,0,0,10000
Czechia,CZE,1990,0,8670000,13380000,3090000,160000,110000,1470000,20000,90000,0,50000
Czechia,CZE,1991,0,8290000,12340000,3280000,129999,90000,1360000,20000,70000,0,40000
Czechia,CZE,1992,0,7390000,11360000,3270000,70000,90000,1200000,20000,90000,0,60000
Czechia,CZE,1993,0,6450000,11710000,3320000,160000,90000,1100000,20000,70000,0,50000
Czechia,CZE,1994,0,5600000,11040000,3460000,129999,100000,1010000,20000,60000,0,60000
Czechia,CZE,1995,0,5280000,10900000,3430000,110000,110000,930000,30000,50000,0,60000
Czechia,CZE,1996,0,5160000,10940000,3450000,30000,110000,980000,30000,50000,0,70000
Czechia,CZE,1997,0,4860000,10630000,3570000,30000,110000,910000,30000,50000,0,80000
Czechia,CZE,1998,0,4510000,10160000,3680000,20000,120000,750000,30000,40000,0,80000
Czechia,CZE,1999,0,4400000,9180000,3690000,40000,120000,680000,30000,40000,0,80000
Czechia,CZE,2000,0,4170000,8220000,3750000,50000,120000,700000,30000,40000,0,80000
Czechia,CZE,2001,0,4130000,7470000,3870000,20000,120000,730000,30000,40000,0,80000
Czechia,CZE,2002,0,3930000,7190000,3950000,20000,120000,710000,30000,40000,0,90000
Czechia,CZE,2003,0,3810000,7070000,4040000,30000,120000,730000,30000,40000,0,100000
Czechia,CZE,2004,0,3670000,6770000,3980000,20000,140000,740000,30000,40000,0,100000
Czechia,CZE,2005,0,3580000,7310000,4000000,20000,140000,700000,30000,50000,0,100000
Czechia,CZE,2006,0,3520000,7540000,4040000,20000,140000,750000,30000,50000,0,100000
Czechia,CZE,2007,0,3540000,7040000,3980000,20000,129999,720000,30000,40000,0,100000
Czechia,CZE,2008,0,3510000,6930000,4139999,20000,129999,740000,30000,40000,0,100000
Czechia,CZE,2009,0,3370000,6120000,4250000,10000,120000,800000,30000,40000,0,100000
Czechia,CZE,2010,0,3300000,6170000,4400000,10000,129999,910000,40000,30000,0,90000
Czechia,CZE,2011,0,3270000,6120000,4410000,10000,129999,900000,40000,30000,0,90000
Czechia,CZE,2012,0,3260000,5870000,4450000,10000,140000,940000,40000,30000,0,90000
Czechia,CZE,2013,0,3270000,4900000,4490000,10000,129999,980000,40000,30000,0,90000
Czechia,CZE,2014,0,3310000,4900000,4420000,10000,150000,940000,40000,30000,0,90000
Czechia,CZE,2015,0,3360000,4740000,4480000,10000,110000,950000,40000,40000,0,90000
Czechia,CZE,2016,0,3380000,4280000,4470000,10000,80000,960000,40000,40000,0,100000
Czechia,CZE,2017,0,3370000,3930000,4490000,10000,150000,970000,50000,40000,0,100000
Czechia,CZE,2018,0,3270000,3670000,4550000,10000,140000,980000,40000,40000,0,100000
Czechia,CZE,2019,0,3270000,3290000,4590000,10000,140000,980000,50000,40000,0,100000
Czechia,CZE,2020,0,3220000,2570000,4580000,10000,120000,990000,50000,40000,0,90000
Czechia,CZE,2021,0,3190000,2560000,4620000,10000,129999,1070000,50000,40000,0,100000
Czechia,CZE,2022,0,3280000,2330000,4690000,10000,129999,1030000,50000,40000,0,100000
Czechia,CZE,2023,0,3220000,2310000,4810000,10000,129999,860000,50000,30000,0,100000
Democratic Republic of Congo,COD,1990,17610000,13950000,710000,2900000,0,0,7840000,0,70000,0,10000
Democratic Republic of Congo,COD,1991,17610000,13820000,660000,2900000,0,0,8069999,0,70000,0,0
Democratic Republic of Congo,COD,1992,17610000,13910000,590000,5020000,0,0,8340000,0,80000,0,0
Democratic Republic of Congo,COD,1993,17610000,13820000,1640000,6610000,0,0,8610000,0,80000,0,0
Democratic Republic of Congo,COD,1994,17610000,13770000,3090000,7850000,0,0,8890000,0,80000,0,0
Democratic Republic of Congo,COD,1995,17610000,13670000,2920000,8100000,0,0,9160000,0,80000,0,0
Democratic Republic of Congo,COD,1996,21290000,10730000,3400000,8340000,0,0,9460000,0,90000,0,0
Democratic Republic of Congo,COD,1997,26830000,10510000,3560000,8590000,0,0,9760000,0,90000,0,0
Democratic Republic of Congo,COD,1998,27560000,10940000,3170000,8830000,0,0,10080000,0,90000,0,0
Democratic Republic of Congo,COD,1999,22570000,9970000,2590000,9070000,0,0,10370000,0,90000,0,0
Democratic Republic of Congo,COD,2000,19980000,9760000,2370000,9330000,80000,0,10460000,0,100000,0,0
Democratic Republic of Congo,COD,2001,10360000,10410000,2560000,9580000,80000,0,10870000,0,100000,0,0
Democratic Republic of Congo,COD,2002,15250000,13090000,2560000,9860000,70000,0,11260000,0,100000,0,0
Democratic Republic of Congo,COD,2003,17500000,14310000,3080000,10220000,70000,0,11660000,0,110000,0,0
Democratic Republic of Congo,COD,2004,18470000,15320000,2580000,10630000,80000,0,12060000,0,110000,0,10000
Democratic Republic of Congo,COD,2005,18350000,14970000,2410000,11040000,120000,0,12440000,0,110000,0,10000
Democratic Republic of Congo,COD,2006,18610000,15330000,2300000,11450000,129999,0,12870000,0,120000,0,10000
Democratic Republic of Congo,COD,2007,15610000,13510000,2620000,11890000,140000,0,13300000,0,120000,0,10000
Democratic Republic of Congo,COD,2008,17610000,14210000,2470000,12330000,150000,0,13750000,0,129999,0,10000
Democratic Republic of Congo,COD,2009,17420000,14100000,2150000,12790000,160000,0,14210000,0,129999,0,10000
Democratic Republic of Congo,COD,2010,18570000,15000000,2170000,13260000,160000,0,14250000,0,129999,0,10000
Democratic Republic of Congo,COD,2011,19930000,14060000,1870000,13740000,160000,0,14980000,0,140000,0,10000
Democratic Republic of Congo,COD,2012,18380000,13730000,1360000,14240000,170000,0,10730000,0,100000,0,10000
Democratic Republic of Congo,COD,2013,18060000,14650000,1260000,14760000,180000,0,12570000,0,100000,0,10000
Democratic Republic of Congo,COD,2014,16549999,14340000,1360000,15300000,180000,0,14770000,0,100000,0,20000
Democratic Republic of Congo,COD,2015,17370000,14910000,1310000,15850000,190000,0,15290000,0,110000,0,10000
Democratic Republic of Congo,COD,2016,17270000,15040000,1270000,16430000,200000,0,15810000,0,110000,0,10000
Democratic Republic of Congo,COD,2017,17520000,15430000,1260000,17030000,210000,0,18750000,0,10000,0,10000
Democratic Republic of Congo,COD,2018,14940000,14620000,1110000,17650000,210000,0,15950000,0,10000,0,10000
Democratic Republic of Congo,COD,2019,16730000,14960000,1290000,18280000,220000,0,16150000,0,10000,0,10000
Democratic Republic of Congo,COD,2020,16170000,15160000,1390000,18920000,250000,0,18570000,0,10000,0,10000
Democratic Republic of Congo,COD,2021,15130000,15490000,1350000,19580000,270000,0,20430000,0,20000,0,20000
Democratic Republic of Congo,COD,2022,12680000,16139999,1240000,20250000,300000,0,22470000,0,20000,0,20000
Democratic Republic of Congo,COD,2023,11880000,15600000,940000,20940000,300000,0,22780000,0,20000,0,20000
Denmark,DNK,1990,0,7670000,580000,1610000,60000,0,160000,30000,10000,10000,60000
Denmark,DNK,1991,0,7730000,790000,1600000,60000,0,170000,30000,10000,10000,70000
Denmark,DNK,1992,0,7710000,830000,1570000,60000,0,170000,30000,10000,10000,70000
Denmark,DNK,1993,0,7840000,860000,1540000,50000,0,180000,40000,10000,10000,70000
Denmark,DNK,1994,0,7660000,890000,1430000,50000,0,170000,40000,10000,10000,70000
Denmark,DNK,1995,0,7680000,930000,1330000,50000,0,170000,40000,10000,10000,80000
Denmark,DNK,1996,0,7640000,1030000,1270000,40000,0,170000,50000,10000,10000,80000
Denmark,DNK,1997,0,7580000,1130000,1170000,40000,0,170000,50000,10000,10000,80000
Denmark,DNK,1998,0,7640000,1140000,1080000,40000,0,160000,50000,10000,10000,80000
Denmark,DNK,1999,0,7320000,1410000,1090000,30000,0,160000,50000,10000,10000,80000
Denmark,DNK,2000,0,7340000,1510000,1070000,40000,0,180000,50000,10000,10000,80000
Denmark,DNK,2001,0,7530000,1510000,1070000,30000,0,200000,50000,10000,10000,80000
Denmark,DNK,2002,0,7370000,1500000,980000,30000,0,210000,60000,10000,10000,80000
Denmark,DNK,2003,0,7260000,1530000,1000000,30000,0,240000,60000,10000,10000,80000
Denmark,DNK,2004,0,7130000,1620000,860000,40000,0,240000,70000,10000,10000,80000
Denmark,DNK,2005,0,7020000,1550000,830000,40000,0,280000,70000,10000,10000,80000
Denmark,DNK,2006,0,6890000,1450000,890000,40000,0,300000,70000,10000,10000,80000
Denmark,DNK,2007,0,7020000,1300000,840000,40000,0,350000,70000,10000,10000,80000
Denmark,DNK,2008,0,6820000,1220000,810000,40000,0,340000,70000,10000,10000,70000
Denmark,DNK,2009,0,6710000,1100000,770000,30000,0,340000,70000,10000,0,70000
Denmark,DNK,2010,0,6960000,1070000,710000,40000,0,360000,90000,10000,10000,70000
Denmark,DNK,2011,0,6900000,930000,720000,30000,0,320000,80000,10000,10000,70000
Denmark,DNK,2012,0,6880000,850000,710000,30000,0,310000,80000,10000,0,60000
Denmark,DNK,2013,0,6830000,790000,680000,40000,0,320000,90000,10000,10000,60000
Denmark,DNK,2014,0,6750000,750000,680000,30000,0,320000,90000,10000,10000,60000
Denmark,DNK,2015,0,6770000,700000,640000,30000,0,360000,90000,10000,10000,70000
Denmark,DNK,2016,0,6780000,700000,610000,30000,0,380000,90000,10000,10000,70000
Denmark,DNK,2017,0,6730000,660000,590000,30000,0,370000,100000,10000,0,70000
Denmark,DNK,2018,0,6770000,590000,580000,30000,0,350000,100000,10000,10000,60000
Denmark,DNK,2019,0,6730000,510000,570000,30000,0,320000,100000,10000,10000,60000
Denmark,DNK,2020,0,6870000,390000,560000,20000,0,300000,100000,10000,0,60000
Denmark,DNK,2021,0,6770000,380000,540000,30000,0,310000,129999,10000,0,60000
Denmark,DNK,2022,0,6400000,340000,519999,20000,0,250000,110000,10000,0,60000
Denmark,DNK,2023,0,6260000,350000,500000,20000,0,270000,110000,10000,0,60000
Djibouti,DJI,1990,0,400000,0,60000,,0,0,0,0,0,0
Djibouti,DJI,1991,0,400000,0,70000,,0,0,0,0,0,0
Djibouti,DJI,1992,0,410000,0,80000,,0,0,0,0,0,0
Djibouti,DJI,1993,0,420000,0,90000,,0,0,0,0,0,0
Djibouti,DJI,1994,0,430000,0,100000,,0,0,0,0,0,0
Djibouti,DJI,1995,0,460000,0,100000,,0,0,0,0,0,0
Djibouti,DJI,1996,0,480000,0,110000,,0,0,0,0,0,0
Djibouti,DJI,1997,0,480000,0,120000,,0,0,0,0,0,0
Djibouti,DJI,1998,0,490000,0,120000,,0,0,0,0,0,0
Djibouti,DJI,1999,0,510000,0,129999,,0,0,0,0,0,0
Djibouti,DJI,2000,0,510000,0,140000,,0,0,0,0,0,0
Djibouti,DJI,2001,0,519999,0,150000,,0,0,0,0,0,0
Djibouti,DJI,2002,0,519999,0,160000,,0,0,0,0,0,0
Djibouti,DJI,2003,0,519999,0,160000,,0,0,0,0,0,0
Djibouti,DJI,2004,0,519999,0,170000,,0,0,0,0,0,0
Djibouti,DJI,2005,0,519999,0,180000,,0,0,0,0,0,0
Djibouti,DJI,2006,0,510000,0,180000,,0,0,0,0,0,0
Djibouti,DJI,2007,0,519999,0,190000,,0,0,0,0,0,0
Djibouti,DJI,2008,0,519999,0,200000,,0,0,0,0,0,0
Djibouti,DJI,2009,0,519999,0,200000,,0,0,0,0,0,0
Djibouti,DJI,2010,0,519999,0,210000,,0,0,0,0,0,0
Djibouti,DJI,2011,0,519999,0,220000,,0,0,0,0,0,0
Djibouti,DJI,2012,0,519999,0,220000,,0,0,0,0,0,0
Djibouti,DJI,2013,0,519999,0,230000,0,0,0,0,0,0,0
Djibouti,DJI,2014,0,519999,0,240000,0,0,0,0,0,0,0
Djibouti,DJI,2015,0,519999,0,240000,0,0,0,0,0,0,0
Djibouti,DJI,2016,0,530000,0,250000,0,0,0,0,0,0,0
Djibouti,DJI,2017,0,530000,0,250000,0,0,0,0,0,0,0
Djibouti,DJI,2018,0,530000,0,259999,0,0,0,0,0,0,0
Djibouti,DJI,2019,0,530000,0,270000,0,0,0,0,0,0,0
Djibouti,DJI,2020,0,530000,0,270000,0,0,0,0,0,0,0
Djibouti,DJI,2021,0,530000,0,280000,0,0,0,0,0,0,0
Djibouti,DJI,2022,0,530000,0,280000,0,0,0,0,0,0,0
Djibouti,DJI,2023,0,530000,0,290000,0,0,0,0,0,0,0
Dominica,DMA,1990,0,30000,0,10000,,0,0,0,0,0,0
Dominica,DMA,1991,0,30000,0,10000,,0,0,0,0,0,0
Dominica,DMA,1992,0,30000,0,10000,,0,0,0,0,0,0
Dominica,DMA,1993,0,30000,0,10000,,0,0,0,0,0,0
Dominica,DMA,1994,0,30000,0,80000,,0,0,0,0,0,0
Dominica,DMA,1995,0,30000,0,70000,,0,0,0,0,0,0
Dominica,DMA,1996,0,30000,0,60000,,0,0,0,0,0,0
Dominica,DMA,1997,0,30000,0,50000,,0,0,0,0,0,0
Dominica,DMA,1998,0,30000,0,40000,,0,0,0,0,0,0
Dominica,DMA,1999,0,30000,0,30000,,0,0,0,0,0,0
Dominica,DMA,2000,0,30000,0,20000,,0,0,0,0,0,0
Dominica,DMA,2001,0,30000,0,20000,,0,0,0,0,0,0
Dominica,DMA,2002,0,30000,0,20000,,0,0,0,0,0,0
Dominica,DMA,2003,0,30000,0,20000,,0,0,0,0,0,0
Dominica,DMA,2004,0,30000,0,20000,0,0,0,0,0,0,0
Dominica,DMA,2005,0,30000,0,20000,0,0,0,0,0,0,0
Dominica,DMA,2006,0,30000,0,40000,0,0,0,0,0,0,0
Dominica,DMA,2007,0,30000,0,40000,0,0,0,0,0,0,0
Dominica,DMA,2008,0,30000,0,40000,0,0,0,0,0,0,0
Dominica,DMA,2009,0,30000,0,40000,0,0,0,0,0,0,0
Dominica,DMA,2010,0,30000,0,40000,0,0,0,0,0,0,0
Dominica,DMA,2011,0,30000,0,40000,0,0,0,0,0,0,0
Dominica,DMA,2012,0,30000,0,40000,0,0,0,0,0,0,0
Dominica,DMA,2013,0,30000,0,40000,0,0,0,0,0,0,0
Dominica,DMA,2014,0,30000,0,40000,0,0,0,0,0,0,0
Dominica,DMA,2015,0,30000,0,40000,0,0,0,0,0,0,0
Dominica,DMA,2016,0,30000,0,40000,0,0,0,0,0,0,0
Dominica,DMA,2017,0,30000,0,40000,0,0,0,0,0,0,0
Dominica,DMA,2018,0,30000,0,30000,0,0,0,0,0,0,0
Dominica,DMA,2019,0,30000,0,30000,0,0,0,0,0,0,0
Dominica,DMA,2020,0,30000,0,30000,0,0,0,0,0,0,0
Dominica,DMA,2021,0,30000,0,30000,0,0,0,0,0,0,0
Dominica,DMA,2022,0,30000,0,30000,0,0,0,0,0,0,0
Dominica,DMA,2023,0,30000,0,30000,0,0,0,0,0,0,0
Dominican Republic,DOM,1990,10000,4740000,0,1740000,0,0,430000,0,10000,0,20000
Dominican Republic,DOM,1991,10000,5020000,0,2150000,0,0,420000,0,10000,0,20000
Dominican Republic,DOM,1992,10000,4740000,0,2550000,0,0,410000,10000,10000,0,20000
Dominican Republic,DOM,1993,10000,4980000,0,2950000,0,0,400000,0,10000,0,20000
Dominican Republic,DOM,1994,10000,4910000,0,3360000,0,0,390000,10000,10000,0,30000
Dominican Republic,DOM,1995,10000,4990000,0,3020000,0,0,390000,10000,10000,0,30000
Dominican Republic,DOM,1996,20000,5210000,0,2680000,0,0,380000,10000,10000,0,30000
Dominican Republic,DOM,1997,40000,5300000,0,2340000,0,0,370000,10000,10000,0,30000
Dominican Republic,DOM,1998,30000,5400000,0,1990000,0,0,450000,10000,10000,0,50000
Dominican Republic,DOM,1999,30000,4900000,0,2030000,0,0,470000,10000,10000,0,50000
Dominican Republic,DOM,2000,30000,4700000,0,2069999,0,0,490000,10000,10000,0,50000
Dominican Republic,DOM,2001,0,5030000,0,2440000,0,0,480000,10000,10000,0,50000
Dominican Republic,DOM,2002,0,5220000,0,2800000,0,0,490000,10000,10000,0,50000
Dominican Republic,DOM,2003,0,5080000,0,3170000,0,0,470000,10000,10000,0,50000
Dominican Republic,DOM,2004,0,5610000,0,3540000,0,0,460000,10000,10000,0,50000
Dominican Republic,DOM,2005,40000,5340000,0,3910000,0,0,470000,10000,10000,0,50000
Dominican Republic,DOM,2006,0,5390000,0,4280000,0,0,480000,10000,10000,0,50000
Dominican Republic,DOM,2007,0,6110000,0,4650000,0,0,490000,10000,10000,0,60000
Dominican Republic,DOM,2008,0,6280000,0,5020000,0,0,480000,10000,10000,0,50000
Dominican Republic,DOM,2009,0,6550000,0,5390000,0,0,460000,10000,10000,0,50000
Dominican Republic,DOM,2010,0,6670000,0,5750000,0,0,470000,10000,10000,0,60000
Dominican Republic,DOM,2011,0,6710000,0,1580000,0,0,460000,10000,10000,0,60000
Dominican Republic,DOM,2012,0,6690000,0,1600000,0,0,450000,10000,10000,0,70000
Dominican Republic,DOM,2013,0,6720000,0,1620000,0,0,450000,10000,10000,0,60000
Dominican Republic,DOM,2014,10000,6740000,0,1620000,0,0,460000,10000,10000,0,60000
Dominican Republic,DOM,2015,20000,6720000,0,1650000,0,0,470000,10000,10000,0,60000
Dominican Republic,DOM,2016,0,6770000,0,1720000,0,0,470000,10000,10000,0,70000
Dominican Republic,DOM,2017,0,6890000,0,1730000,0,0,470000,10000,10000,0,70000
Dominican Republic,DOM,2018,0,7050000,0,1750000,0,0,480000,10000,10000,0,70000
Dominican Republic,DOM,2019,0,6970000,0,1760000,0,0,490000,10000,10000,0,80000
Dominican Republic,DOM,2020,0,7060000,0,1770000,0,0,490000,10000,10000,0,70000
Dominican Republic,DOM,2021,0,7160000,0,1790000,0,0,500000,10000,10000,0,80000
Dominican Republic,DOM,2022,0,7240000,0,1810000,0,0,500000,10000,10000,0,80000
Dominican Republic,DOM,2023,20000,7180000,0,1820000,0,0,510000,10000,10000,0,80000
East Timor,TLS,1990,0,350000,0,10000,,0,,,,,
East Timor,TLS,1991,0,420000,0,10000,,0,,,,,
East Timor,TLS,1992,0,410000,0,20000,,0,,,,,
East Timor,TLS,1993,0,430000,0,20000,,0,,,,,
East Timor,TLS,1994,0,490000,0,20000,,0,,,,,
East Timor,TLS,1995,0,510000,0,20000,,0,,,,,
East Timor,TLS,1996,0,530000,0,20000,,0,,,,,
East Timor,TLS,1997,10000,519999,0,20000,,0,,,,,
East Timor,TLS,1998,0,540000,0,20000,,0,,,,,
East Timor,TLS,1999,0,450000,20000,20000,,0,,,,,
East Timor,TLS,2000,0,519999,480000,20000,,0,,,,,
East Timor,TLS,2001,0,690000,1010000,20000,,0,,,,,
East Timor,TLS,2002,20000,700000,1380000,20000,,0,,0,,0,0
East Timor,TLS,2003,0,710000,910000,20000,,0,,0,,0,0
East Timor,TLS,2004,10000,590000,20000,20000,,0,,0,,0,0
East Timor,TLS,2005,10000,690000,1400000,20000,,0,,0,,0,0
East Timor,TLS,2006,10000,730000,3670000,20000,,0,,0,,0,0
East Timor,TLS,2007,0,710000,4170000,20000,,0,,0,,0,0
East Timor,TLS,2008,10000,750000,4710000,20000,,0,,0,,0,0
East Timor,TLS,2009,0,730000,4670000,30000,,0,,0,,0,0
East Timor,TLS,2010,0,700000,4240000,30000,,0,,0,,0,0
East Timor,TLS,2011,0,710000,4220000,30000,,0,,0,,0,0
East Timor,TLS,2012,0,770000,4320000,30000,,0,,0,,0,0
East Timor,TLS,2013,0,710000,4179999,30000,0,0,,0,,0,0
East Timor,TLS,2014,10000,730000,3710000,30000,0,0,,0,,0,0
East Timor,TLS,2015,0,790000,4380000,30000,0,0,,0,,0,0
East Timor,TLS,2016,0,770000,3480000,30000,0,0,,0,,0,0
East Timor,TLS,2017,0,780000,3090000,30000,0,0,,0,,0,0
East Timor,TLS,2018,0,750000,3220000,30000,0,0,,0,,0,0
East Timor,TLS,2019,10000,870000,2990000,30000,0,0,,0,,0,0
East Timor,TLS,2020,10000,780000,3420000,30000,0,0,,0,,0,0
East Timor,TLS,2021,0,770000,3080000,30000,0,0,,0,,0,0
East Timor,TLS,2022,0,880000,1550000,30000,0,0,,0,,0,0
East Timor,TLS,2023,0,890000,1570000,30000,0,0,,0,,0,0
Ecuador,ECU,1990,10000,9710000,6500000,6040000,0,0,700000,0,10000,0,50000
Ecuador,ECU,1991,10000,9620000,6660000,5940000,0,0,720000,0,10000,0,60000
Ecuador,ECU,1992,10000,10530000,7190000,5850000,0,0,519999,0,10000,0,60000
Ecuador,ECU,1993,10000,11040000,8260000,5750000,0,0,510000,0,10000,0,50000
Ecuador,ECU,1994,10000,11440000,9560000,5660000,0,0,510000,0,10000,0,50000
Ecuador,ECU,1995,10000,11600000,9550000,5560000,0,0,540000,0,10000,0,50000
Ecuador,ECU,1996,10000,11920000,10250000,5470000,0,0,530000,0,10000,0,60000
Ecuador,ECU,1997,10000,12460000,10220000,5380000,0,0,500000,10000,10000,0,60000
Ecuador,ECU,1998,10000,11470000,9760000,5280000,0,0,470000,10000,20000,0,60000
Ecuador,ECU,1999,10000,11750000,9760000,5190000,0,0,420000,0,10000,0,50000
Ecuador,ECU,2000,0,10220000,10270000,5090000,0,0,390000,0,10000,0,50000
Ecuador,ECU,2001,10000,10990000,10900000,5000000,10000,0,390000,10000,10000,0,50000
Ecuador,ECU,2002,0,11320000,10160000,4900000,10000,0,380000,10000,10000,0,50000
Ecuador,ECU,2003,0,11180000,11030000,4810000,10000,0,370000,0,10000,0,50000
Ecuador,ECU,2004,0,11740000,13220000,4710000,10000,0,360000,10000,10000,10000,50000
Ecuador,ECU,2005,10000,11270000,13180000,4620000,10000,0,350000,10000,20000,10000,60000
Ecuador,ECU,2006,0,11280000,13350000,4530000,10000,0,340000,10000,10000,10000,60000
Ecuador,ECU,2007,10000,10940000,12660000,4430000,10000,0,340000,10000,20000,10000,50000
Ecuador,ECU,2008,0,10940000,12840000,4340000,20000,0,320000,10000,10000,10000,50000
Ecuador,ECU,2009,0,11710000,12140000,4240000,20000,0,310000,10000,10000,10000,60000
Ecuador,ECU,2010,0,11840000,12720000,4150000,10000,0,290000,10000,10000,0,80000
Ecuador,ECU,2011,0,11650000,12870000,4130000,10000,0,290000,10000,10000,10000,80000
Ecuador,ECU,2012,20000,11600000,12430000,4120000,10000,0,270000,10000,10000,0,90000
Ecuador,ECU,2013,0,11620000,12990000,4230000,10000,0,259999,10000,10000,0,90000
Ecuador,ECU,2014,0,10390000,13710000,4340000,20000,0,259999,10000,10000,0,90000
Ecuador,ECU,2015,10000,9640000,13340000,4460000,10000,0,230000,10000,10000,0,100000
Ecuador,ECU,2016,0,9600000,13330000,4570000,10000,0,220000,10000,10000,0,100000
Ecuador,ECU,2017,0,9600000,12590000,4670000,10000,0,220000,10000,10000,0,110000
Ecuador,ECU,2018,10000,9010000,12140000,4770000,20000,0,210000,10000,10000,10000,110000
Ecuador,ECU,2019,10000,9270000,12770000,4870000,20000,0,200000,10000,10000,0,120000
Ecuador,ECU,2020,10000,9610000,11120000,4970000,10000,0,190000,10000,10000,0,90000
Ecuador,ECU,2021,10000,9310000,12010000,5060000,10000,0,180000,10000,10000,10000,120000
Ecuador,ECU,2022,0,8930000,12260000,5140000,10000,0,170000,10000,10000,10000,129999
Ecuador,ECU,2023,0,8730000,11580000,5590000,10000,0,160000,10000,10000,10000,140000
Egypt,EGY,1990,0,12620000,15440000,7580000,0,0,650000,20000,30000,10000,90000
Egypt,EGY,1991,0,13420000,16700001,9160000,0,0,660000,20000,20000,10000,90000
Egypt,EGY,1992,0,13990000,15240000,10730000,0,0,670000,20000,20000,10000,90000
Egypt,EGY,1993,0,14290000,16420000,12300000,0,0,680000,20000,30000,10000,90000
Egypt,EGY,1994,0,14560000,16680000,13870000,0,0,700000,20000,20000,20000,90000
Egypt,EGY,1995,0,14710000,16580000,15440000,0,0,710000,20000,20000,20000,100000
Egypt,EGY,1996,0,15000000,16500000,17010000,0,0,710000,20000,30000,20000,100000
Egypt,EGY,1997,0,15790000,16059999,18580000,10000,0,720000,20000,30000,20000,100000
Egypt,EGY,1998,0,14790000,15350000,20150000,0,0,730000,30000,20000,20000,110000
Egypt,EGY,1999,0,16400000,16080000,21720000,0,0,730000,30000,20000,20000,120000
Egypt,EGY,2000,0,16910000,14690000,23300000,0,0,740000,20000,20000,20000,120000
Egypt,EGY,2001,0,16530001,14830000,23760000,0,0,750000,20000,30000,20000,129999
Egypt,EGY,2002,0,17850000,15340000,24210000,0,0,760000,30000,30000,20000,140000
Egypt,EGY,2003,0,17970000,16020000,24670000,0,0,760000,30000,30000,20000,150000
Egypt,EGY,2004,0,18320000,15790000,25130000,10000,0,770000,40000,20000,20000,150000
Egypt,EGY,2005,0,18310000,17280000,25590000,20000,0,780000,40000,30000,10000,160000
Egypt,EGY,2006,0,18980000,17700000,26580000,20000,0,780000,40000,30000,10000,180000
Egypt,EGY,2007,0,19750000,18050000,27550000,20000,0,790000,40000,30000,10000,210000
Egypt,EGY,2008,0,19960000,18760000,28510000,20000,0,800000,50000,30000,0,240000
Egypt,EGY,2009,0,17710000,18880000,29460000,30000,0,810000,50000,30000,0,250000
Egypt,EGY,2010,0,16670000,18610000,30410000,30000,0,810000,50000,30000,0,270000
Egypt,EGY,2011,0,18050000,18680000,31380000,30000,0,820000,50000,30000,0,290000
Egypt,EGY,2012,0,18740000,20160000,32349998,30000,0,820000,60000,20000,0,310000
Egypt,EGY,2013,0,18020000,19190000,33340000,10000,0,820000,60000,30000,0,300000
Egypt,EGY,2014,0,17910000,19620000,34340000,10000,0,820000,60000,30000,0,320000
Egypt,EGY,2015,0,17220000,18980000,35340000,10000,0,830000,70000,20000,0,330000
Egypt,EGY,2016,0,17440000,19220000,36320000,10000,0,830000,70000,30000,0,340000
Egypt,EGY,2017,0,16549999,19600000,37300000,10000,0,840000,70000,50000,0,340000
Egypt,EGY,2018,0,14740000,20830000,38270000,10000,0,840000,50000,50000,0,350000
Egypt,EGY,2019,0,10940000,21120000,39230000,10000,0,840000,50000,40000,0,340000
Egypt,EGY,2020,0,10380000,20340000,40180000,20000,0,830000,50000,30000,0,360000
Egypt,EGY,2021,0,10530000,20470000,41120000,10000,0,840000,60000,40000,0,400000
Egypt,EGY,2022,0,11240000,20040000,42050000,20000,0,840000,60000,40000,0,390000
Egypt,EGY,2023,0,12160000,18850000,42980000,20000,0,840000,70000,50000,0,400000
El Salvador,SLV,1990,0,2190000,0,710000,0,0,930000,0,10000,0,10000
El Salvador,SLV,1991,0,2240000,0,710000,0,0,940000,0,10000,0,10000
El Salvador,SLV,1992,0,2260000,0,910000,0,0,1010000,0,10000,0,10000
El Salvador,SLV,1993,0,2160000,0,1060000,0,0,1020000,0,10000,0,10000
El Salvador,SLV,1994,0,2260000,0,1170000,0,0,1030000,0,10000,0,10000
El Salvador,SLV,1995,0,2020000,0,1240000,0,0,1039999,0,10000,0,10000
El Salvador,SLV,1996,0,2300000,0,1320000,0,0,1039999,0,10000,0,10000
El Salvador,SLV,1997,0,2110000,0,1390000,0,0,1050000,0,10000,0,10000
El Salvador,SLV,1998,0,1920000,0,1470000,0,0,1060000,0,10000,0,10000
El Salvador,SLV,1999,0,2060000,0,1540000,0,0,1070000,0,10000,0,20000
El Salvador,SLV,2000,0,1920000,0,1620000,0,0,259999,0,10000,0,10000
El Salvador,SLV,2001,0,2190000,0,1690000,0,0,280000,0,10000,0,10000
El Salvador,SLV,2002,0,2340000,0,1760000,0,0,310000,0,10000,0,10000
El Salvador,SLV,2003,0,2240000,0,1840000,0,0,330000,0,10000,0,20000
El Salvador,SLV,2004,0,2250000,0,1910000,0,0,360000,0,10000,0,20000
El Salvador,SLV,2005,0,2250000,0,1990000,0,0,390000,0,10000,0,20000
El Salvador,SLV,2006,0,2360000,0,2010000,0,0,430000,0,10000,0,20000
El Salvador,SLV,2007,0,2450000,0,2040000,0,0,320000,0,10000,0,20000
El Salvador,SLV,2008,0,2500000,0,2060000,0,0,360000,0,10000,0,20000
El Salvador,SLV,2009,0,2390000,0,2089999,0,0,390000,10000,10000,0,20000
El Salvador,SLV,2010,0,2220000,0,2110000,0,0,390000,10000,10000,0,20000
El Salvador,SLV,2011,0,1880000,0,2130000,0,0,330000,10000,10000,0,20000
El Salvador,SLV,2012,0,2040000,0,2150000,0,0,350000,10000,10000,0,20000
El Salvador,SLV,2013,20000,1650000,0,2170000,0,0,320000,10000,0,0,20000
El Salvador,SLV,2014,0,1900000,0,2200000,0,0,240000,10000,0,0,20000
El Salvador,SLV,2015,20000,1850000,0,2220000,0,0,210000,10000,0,0,20000
El Salvador,SLV,2016,0,1700000,0,2240000,0,0,200000,10000,0,0,20000
El Salvador,SLV,2017,20000,1630000,0,2260000,0,0,220000,10000,0,0,30000
El Salvador,SLV,2018,0,1450000,0,2280000,0,0,190000,10000,0,0,30000
El Salvador,SLV,2019,10000,1380000,0,2300000,0,0,170000,10000,0,0,30000
El Salvador,SLV,2020,0,1480000,0,2320000,0,0,150000,10000,0,0,20000
El Salvador,SLV,2021,0,1540000,0,2330000,0,0,140000,10000,0,0,30000
El Salvador,SLV,2022,0,1480000,60000,2350000,0,0,120000,10000,0,0,30000
El Salvador,SLV,2023,0,1470000,60000,2440000,0,0,110000,10000,0,0,30000
Equatorial Guinea,GNQ,1990,0,10000,0,10000,0,60000,100000,0,0,0,0
Equatorial Guinea,GNQ,1991,0,10000,180000,10000,0,60000,100000,0,0,0,0
Equatorial Guinea,GNQ,1992,0,10000,7660000,20000,0,60000,100000,0,0,0,0
Equatorial Guinea,GNQ,1993,0,10000,5590000,30000,0,60000,100000,0,0,0,0
Equatorial Guinea,GNQ,1994,0,10000,6270000,40000,0,60000,100000,0,0,0,0
Equatorial Guinea,GNQ,1995,0,10000,4500000,40000,0,60000,100000,0,0,0,0
Equatorial Guinea,GNQ,1996,0,10000,3110000,40000,0,60000,100000,0,0,0,0
Equatorial Guinea,GNQ,1997,0,10000,3940000,50000,0,60000,100000,0,0,0,0
Equatorial Guinea,GNQ,1998,0,10000,5050000,50000,0,60000,100000,0,0,0,0
Equatorial Guinea,GNQ,1999,0,10000,5510000,50000,0,60000,100000,0,0,0,0
Equatorial Guinea,GNQ,2000,0,10000,6190000,60000,0,60000,100000,0,0,0,0
Equatorial Guinea,GNQ,2001,0,10000,7950000,60000,0,60000,100000,0,0,0,0
Equatorial Guinea,GNQ,2002,0,10000,7300000,60000,0,60000,100000,0,0,0,0
Equatorial Guinea,GNQ,2003,0,10000,8410000,70000,0,60000,100000,0,0,0,0
Equatorial Guinea,GNQ,2004,0,10000,10260000,70000,0,60000,100000,0,0,0,0
Equatorial Guinea,GNQ,2005,0,10000,10760000,70000,0,60000,100000,0,0,0,0
Equatorial Guinea,GNQ,2006,0,10000,10610000,80000,0,60000,100000,0,0,0,0
Equatorial Guinea,GNQ,2007,0,10000,10760000,80000,0,60000,100000,0,0,0,0
Equatorial Guinea,GNQ,2008,0,10000,10770000,90000,0,60000,100000,0,0,0,0
Equatorial Guinea,GNQ,2009,0,10000,9670000,90000,0,60000,100000,0,0,0,0
Equatorial Guinea,GNQ,2010,0,10000,9910000,100000,0,60000,100000,0,0,0,0
Equatorial Guinea,GNQ,2011,0,10000,9050000,100000,0,60000,100000,0,0,0,0
Equatorial Guinea,GNQ,2012,0,10000,9050000,110000,0,60000,100000,0,0,0,0
Equatorial Guinea,GNQ,2013,0,10000,8870000,110000,0,60000,100000,0,0,0,0
Equatorial Guinea,GNQ,2014,0,10000,8680000,120000,0,60000,100000,0,0,0,0
Equatorial Guinea,GNQ,2015,0,10000,7860000,120000,0,60000,100000,0,0,0,0
Equatorial Guinea,GNQ,2016,0,10000,6920000,129999,0,60000,100000,0,0,0,0
Equatorial Guinea,GNQ,2017,0,10000,6140000,129999,0,60000,100000,0,0,0,0
Equatorial Guinea,GNQ,2018,0,10000,5870000,140000,0,60000,100000,0,0,0,0
Equatorial Guinea,GNQ,2019,0,10000,5300000,140000,0,60000,100000,0,0,0,0
Equatorial Guinea,GNQ,2020,0,10000,5070000,150000,0,60000,100000,0,0,0,0
Equatorial Guinea,GNQ,2021,0,10000,4400000,150000,0,60000,100000,0,0,0,0
Equatorial Guinea,GNQ,2022,0,10000,4170000,160000,0,60000,100000,0,0,0,0
Equatorial Guinea,GNQ,2023,0,10000,3580000,170000,0,60000,100000,0,0,0,0
Eritrea,ERI,1990,0,2440000,0,180000,0,0,0,0,0,0,0
Eritrea,ERI,1991,0,2450000,0,180000,0,0,0,0,0,0,0
Eritrea,ERI,1992,0,2510000,0,190000,0,0,510000,0,0,0,0
Eritrea,ERI,1993,0,2069999,0,210000,0,0,510000,0,0,0,0
Eritrea,ERI,1994,0,2100000,0,230000,0,0,510000,0,0,0,0
Eritrea,ERI,1995,0,2130000,0,240000,0,0,519999,0,0,0,0
Eritrea,ERI,1996,0,2430000,0,270000,0,0,530000,0,0,0,0
Eritrea,ERI,1997,0,2790000,0,290000,0,0,550000,0,0,0,0
Eritrea,ERI,1998,0,2930000,0,300000,0,0,350000,0,0,0,0
Eritrea,ERI,1999,10000,3010000,0,320000,0,0,360000,0,0,0,0
Eritrea,ERI,2000,30000,3120000,0,240000,0,0,370000,0,0,0,0
Eritrea,ERI,2001,0,2900000,0,250000,0,0,390000,0,0,0,0
Eritrea,ERI,2002,0,2870000,0,259999,0,0,400000,0,0,0,0
Eritrea,ERI,2003,0,2970000,0,280000,0,0,410000,0,0,0,0
Eritrea,ERI,2004,0,3010000,0,290000,0,0,270000,0,0,0,0
Eritrea,ERI,2005,0,3050000,0,300000,0,0,290000,0,0,0,0
Eritrea,ERI,2006,0,2950000,0,310000,0,0,290000,0,0,0,0
Eritrea,ERI,2007,0,3150000,0,320000,0,0,300000,0,0,0,0
Eritrea,ERI,2008,0,3170000,0,330000,0,0,310000,0,0,0,0
Eritrea,ERI,2009,0,3170000,0,340000,0,0,320000,0,0,0,0
Eritrea,ERI,2010,0,3090000,0,350000,0,0,330000,0,0,0,0
Eritrea,ERI,2011,0,3220000,0,360000,0,0,350000,0,0,0,0
Eritrea,ERI,2012,0,3240000,0,370000,0,0,350000,0,0,0,0
Eritrea,ERI,2013,0,3270000,0,370000,0,0,350000,0,0,0,0
Eritrea,ERI,2014,0,3280000,0,380000,0,0,360000,0,0,0,0
Eritrea,ERI,2015,0,3290000,0,390000,0,0,360000,0,0,0,0
Eritrea,ERI,2016,0,3320000,0,390000,0,0,380000,0,0,0,0
Eritrea,ERI,2017,0,3340000,0,400000,0,0,410000,0,0,0,0
Eritrea,ERI,2018,0,3350000,0,410000,0,0,410000,0,0,0,0
Eritrea,ERI,2019,0,3370000,0,410000,0,0,420000,0,0,0,0
Eritrea,ERI,2020,0,3420000,0,420000,0,0,420000,0,0,0,0
Eritrea,ERI,2021,0,3400000,0,430000,0,0,430000,0,0,0,0
Eritrea,ERI,2022,0,3410000,0,440000,0,0,440000,0,0,0,0
Eritrea,ERI,2023,0,3430000,0,450000,0,0,450000,0,0,0,0
Estonia,EST,1990,0,1970000,120000,600000,10000,0,120000,10000,10000,0,20000
Estonia,EST,1991,0,1930000,120000,640000,10000,0,120000,10000,10000,0,20000
Estonia,EST,1992,0,2020000,80000,660000,0,0,90000,10000,0,0,10000
Estonia,EST,1993,0,1780000,60000,710000,0,0,80000,10000,0,0,10000
Estonia,EST,1994,0,1420000,70000,710000,0,0,100000,10000,0,0,10000
Estonia,EST,1995,0,1310000,70000,700000,0,0,150000,10000,10000,0,10000
Estonia,EST,1996,0,1160000,80000,740000,0,0,170000,10000,10000,0,10000
Estonia,EST,1997,0,1050000,80000,810000,0,0,180000,10000,0,0,10000
Estonia,EST,1998,0,1010000,70000,830000,0,0,129999,10000,0,0,10000
Estonia,EST,1999,0,960000,70000,830000,0,0,129999,10000,0,0,10000
Estonia,EST,2000,0,840000,70000,880000,0,0,129999,10000,0,0,10000
Estonia,EST,2001,0,800000,80000,890000,0,0,129999,10000,0,0,10000
Estonia,EST,2002,0,820000,70000,880000,0,0,120000,10000,10000,0,10000
Estonia,EST,2003,0,780000,90000,860000,0,0,129999,10000,10000,0,10000
Estonia,EST,2004,0,790000,90000,860000,0,0,140000,10000,10000,0,10000
Estonia,EST,2005,0,780000,90000,820000,0,0,120000,10000,10000,0,10000
Estonia,EST,2006,0,770000,100000,800000,0,0,120000,10000,0,0,10000
Estonia,EST,2007,0,760000,100000,780000,0,0,150000,10000,10000,0,10000
Estonia,EST,2008,0,750000,100000,760000,0,0,150000,10000,10000,0,10000
Estonia,EST,2009,0,730000,90000,780000,0,0,150000,10000,0,0,10000
Estonia,EST,2010,0,730000,80000,770000,0,0,160000,10000,0,0,10000
Estonia,EST,2011,0,730000,80000,730000,0,0,140000,10000,10000,0,10000
Estonia,EST,2012,0,730000,100000,710000,0,0,150000,20000,0,0,10000
Estonia,EST,2013,0,750000,100000,660000,0,0,140000,20000,10000,0,10000
Estonia,EST,2014,0,780000,90000,630000,0,0,140000,20000,0,0,10000
Estonia,EST,2015,0,780000,90000,600000,0,0,129999,20000,10000,0,10000
Estonia,EST,2016,0,710000,90000,580000,0,0,140000,20000,0,0,10000
Estonia,EST,2017,0,720000,110000,570000,0,0,140000,20000,0,0,10000
Estonia,EST,2018,0,720000,120000,560000,0,0,140000,30000,0,0,10000
Estonia,EST,2019,0,720000,120000,560000,0,0,140000,30000,0,0,10000
Estonia,EST,2020,0,720000,100000,550000,0,0,150000,30000,0,0,10000
Estonia,EST,2021,0,710000,110000,550000,0,0,140000,30000,0,0,10000
Estonia,EST,2022,0,700000,90000,550000,0,0,150000,30000,0,0,10000
Estonia,EST,2023,0,680000,110000,550000,0,0,129999,30000,0,0,10000
Eswatini,SWZ,1990,20000,790000,100000,380000,0,0,580000,0,0,0,0
Eswatini,SWZ,1991,20000,820000,80000,400000,0,0,570000,0,0,0,0
Eswatini,SWZ,1992,20000,840000,60000,420000,0,0,550000,0,0,0,0
Eswatini,SWZ,1993,20000,700000,30000,430000,0,0,540000,0,0,0,0
Eswatini,SWZ,1994,20000,720000,110000,460000,0,0,530000,0,0,0,0
Eswatini,SWZ,1995,20000,730000,110000,430000,0,0,530000,0,0,0,0
Eswatini,SWZ,1996,70000,740000,80000,440000,0,0,519999,0,0,0,0
Eswatini,SWZ,1997,50000,730000,129999,450000,0,0,510000,0,0,0,0
Eswatini,SWZ,1998,90000,710000,210000,460000,0,0,500000,0,0,0,0
Eswatini,SWZ,1999,60000,680000,220000,460000,0,0,490000,0,0,0,0
Eswatini,SWZ,2000,40000,680000,240000,470000,0,0,470000,0,0,0,0
Eswatini,SWZ,2001,10000,600000,200000,470000,0,0,460000,0,0,0,0
Eswatini,SWZ,2002,0,620000,259999,480000,0,0,450000,0,0,0,0
Eswatini,SWZ,2003,10000,680000,280000,480000,0,0,440000,0,0,0,0
Eswatini,SWZ,2004,10000,690000,300000,480000,0,0,430000,0,0,0,0
Eswatini,SWZ,2005,10000,700000,280000,490000,0,0,420000,0,0,0,0
Eswatini,SWZ,2006,0,650000,280000,490000,0,0,420000,0,0,0,0
Eswatini,SWZ,2007,80000,690000,290000,490000,0,0,410000,0,0,0,0
Eswatini,SWZ,2008,60000,690000,280000,490000,0,0,410000,0,0,0,0
Eswatini,SWZ,2009,10000,690000,180000,500000,0,0,400000,0,0,0,0
Eswatini,SWZ,2010,20000,740000,90000,500000,0,0,320000,0,0,0,0
Eswatini,SWZ,2011,20000,730000,90000,500000,0,0,280000,0,10000,0,0
Eswatini,SWZ,2012,20000,740000,90000,500000,0,0,280000,0,10000,0,0
Eswatini,SWZ,2013,20000,740000,80000,510000,0,0,310000,0,10000,0,0
Eswatini,SWZ,2014,20000,730000,80000,510000,0,0,310000,0,10000,0,0
Eswatini,SWZ,2015,10000,680000,80000,519999,0,0,350000,0,10000,0,0
Eswatini,SWZ,2016,10000,630000,100000,519999,0,0,360000,0,10000,0,0
Eswatini,SWZ,2017,0,620000,110000,519999,0,0,270000,0,10000,0,0
Eswatini,SWZ,2018,0,610000,80000,530000,0,0,270000,0,10000,0,0
Eswatini,SWZ,2019,20000,650000,70000,530000,0,0,280000,0,10000,0,0
Eswatini,SWZ,2020,0,650000,70000,540000,0,0,280000,0,10000,0,0
Eswatini,SWZ,2021,10000,670000,70000,540000,0,0,280000,0,10000,0,0
Eswatini,SWZ,2022,0,630000,140000,550000,0,0,280000,0,10000,0,0
Eswatini,SWZ,2023,0,620000,140000,550000,0,0,290000,0,10000,0,0
Ethiopia,ETH,1990,890000,38480000,10000,1010000,0,0,12940000,0,0,0,0
Ethiopia,ETH,1991,890000,38680000,10000,1060000,0,0,13500000,0,0,0,0
Ethiopia,ETH,1992,890000,39650000,0,1130000,0,0,14060000,0,0,0,0
Ethiopia,ETH,1993,890000,35120000,0,1200000,0,0,14540000,0,0,0,0
Ethiopia,ETH,1994,890000,35450000,0,1270000,0,0,15040000,0,0,0,0
Ethiopia,ETH,1995,890000,35460000,10000,1440000,0,0,15540000,0,0,0,10000
Ethiopia,ETH,1996,740000,37180000,10000,1600000,0,0,16040001,0,0,0,10000
Ethiopia,ETH,1997,2270000,38530000,10000,1770000,0,0,16549999,0,0,0,10000
Ethiopia,ETH,1998,2130000,42130000,10000,1960000,0,0,17070000,0,0,0,10000
Ethiopia,ETH,1999,3140000,41620000,10000,2140000,0,0,17590000,0,0,0,10000
Ethiopia,ETH,2000,2480000,39150000,10000,2430000,0,0,18120000,0,0,0,10000
Ethiopia,ETH,2001,1020000,41190000,10000,2460000,0,0,18660000,0,0,0,10000
Ethiopia,ETH,2002,470000,47040000,10000,2620000,0,0,19220000,0,0,0,10000
Ethiopia,ETH,2003,640000,45510000,10000,2770000,0,0,19780000,0,0,0,10000
Ethiopia,ETH,2004,660000,46280000,10000,2910000,0,0,20360000,0,0,0,10000
Ethiopia,ETH,2005,730000,48470000,10000,3070000,0,0,20940000,0,0,0,10000
Ethiopia,ETH,2006,720000,51640000,10000,3550000,0,0,21540000,0,0,0,10000
Ethiopia,ETH,2007,930000,57750000,10000,3780000,0,0,22410000,0,0,0,10000
Ethiopia,ETH,2008,670000,60340000,10000,4290000,0,0,22820000,0,0,0,10000
Ethiopia,ETH,2009,330000,63110000,10000,4700000,0,0,23420000,0,0,0,10000
Ethiopia,ETH,2010,519999,66129996,10000,5090000,0,0,24030000,0,0,0,10000
Ethiopia,ETH,2011,620000,64670000,20000,5670000,0,0,24650000,0,0,0,10000
Ethiopia,ETH,2012,670000,67089996,20000,6120000,0,0,25270000,0,0,0,10000
Ethiopia,ETH,2013,540000,69200000,20000,6390000,0,0,25890000,0,0,0,10000
Ethiopia,ETH,2014,620000,71470000,20000,5740000,0,0,26510000,0,10000,0,10000
Ethiopia,ETH,2015,460000,73000000,20000,5110000,0,0,27070000,0,10000,0,20000
Ethiopia,ETH,2016,500000,75030000,20000,4470000,0,0,27670000,0,10000,0,20000
Ethiopia,ETH,2017,560000,76460000,20000,3830000,0,0,28260000,0,10000,0,20000
Ethiopia,ETH,2018,530000,77800000,20000,3200000,0,0,28870000,0,10000,0,30000
Ethiopia,ETH,2019,630000,83650000,30000,3300000,0,0,29490000,0,10000,0,30000
Ethiopia,ETH,2020,820000,88800000,20000,3390000,0,0,30100000,0,10000,0,30000
Ethiopia,ETH,2021,800000,84100000,30000,3490000,0,0,30180000,0,10000,0,30000
Ethiopia,ETH,2022,540000,85100000,30000,3590000,0,0,31430000,0,10000,0,30000
Ethiopia,ETH,2023,480000,90100000,30000,3690000,0,0,32240002,0,10000,0,30000
Europe,OWID_EUR,1990,4110000,656020032,645969984,329660000,3760000,7860000,31900000,2080000,1900000,300000,7520000
Europe,OWID_EUR,1991,4110000,636529984,596270016,334430016,3500000,7150000,30690000,2080000,1710000,280000,7530000
Europe,OWID_EUR,1992,4110000,596180032,559230016,335780000,2850000,6990000,28480000,2070000,1630000,290000,7420000
Europe,OWID_EUR,1993,4110000,571369984,536600000,336520000,3240000,6470000,30020000,1990000,1530000,290000,7100000
Europe,OWID_EUR,1994,4110000,554059968,517220000,334669984,2440000,6320000,26650000,1890000,1510000,280000,7050000
Europe,OWID_EUR,1995,4110000,527990016,503930016,336100000,2360000,5980000,25410000,1880000,1510000,290000,6980000
Europe,OWID_EUR,1996,14150000,510109984,484309984,334920000,2060000,5630000,26020000,1890000,1530000,320000,7050000
Europe,OWID_EUR,1997,5630000,488580000,472800000,332400000,1940000,6030000,24870000,1830000,1530000,340000,7090000
Europe,OWID_EUR,1998,10500000,470300000,470980000,328400000,1710000,5910000,23200000,1890000,1440000,350000,7180000
Europe,OWID_EUR,1999,6910000,455340000,472770016,323029984,1750000,6220000,23370000,1900000,1400000,340000,7190000
Europe,OWID_EUR,2000,7970000,447849984,478429984,319689984,1640000,6670000,22650000,1900000,1430000,380000,6950000
Europe,OWID_EUR,2001,1670000,434660000,489510016,316400000,1660000,8300000,23110000,1990000,1360000,370000,7040000
Europe,OWID_EUR,2002,3100000,430180000,494089984,311910016,1560000,10050000,22170000,2040000,1360000,400000,7040000
Europe,OWID_EUR,2003,4670000,427140000,526709984,306510016,1580000,11810000,22770000,2120000,1450000,390000,6940000
Europe,OWID_EUR,2004,3660000,412410016,528620000,298210016,1580000,13770000,22220000,2200000,1480000,420000,6980000
Europe,OWID_EUR,2005,2190000,402900000,551940032,292240000,1780000,12510000,22020000,2350000,1440000,420000,6910000
Europe,OWID_EUR,2006,3390000,396950016,535849984,287770016,1460000,12300000,23230000,2470000,1470000,470000,6920000
Europe,OWID_EUR,2007,1820000,396080000,543080000,283420000,1470000,12350000,23530000,2490000,1500000,480000,6980000
Europe,OWID_EUR,2008,5470000,394240000,519720000,276400000,1410000,9010000,25310000,2510000,1440000,450000,6990000
Europe,OWID_EUR,2009,2600000,387469984,503870016,271700000,1410000,6090000,24880000,2520000,1340000,400000,6880000
Europe,OWID_EUR,2010,3740000,384660000,501870016,265160000,1460000,7500000,26990000,2730000,1410000,430000,6810000
Europe,OWID_EUR,2011,3810000,376889984,513340000,261550000,1390000,10670000,24380000,2770000,1480000,440000,6760000
Europe,OWID_EUR,2012,5940000,376680000,491660000,259560000,1410000,9670000,26560000,2880000,1570000,400000,6580000
Europe,OWID_EUR,2013,1760000,375380000,485550016,254170000,1500000,6870000,26390000,2890000,1600000,410000,6470000
Europe,OWID_EUR,2014,5830000,378260000,460089984,250750000,1440000,6410000,23620000,2850000,1640000,490000,6500000
Europe,OWID_EUR,2015,2060000,376849984,438349984,250760000,1350000,6150000,24690000,2910000,1700000,480000,6450000
Europe,OWID_EUR,2016,3860000,375740000,446990016,249580000,1430000,6200000,24880000,2930000,1720000,470000,6530000
Europe,OWID_EUR,2017,2580000,373110016,441910016,251110000,1440000,8280000,24990000,3000000,1710000,480000,6590000
Europe,OWID_EUR,2018,3720000,365840000,457290016,252260000,1430000,11700000,25950000,3000000,1790000,500000,6830000
Europe,OWID_EUR,2019,3280000,362469984,458040000,253040000,1360000,12570000,25200000,3080000,1910000,480000,6860000
Europe,OWID_EUR,2020,1900000,361380000,437500000,253120000,1330000,12960000,24840000,3060000,1900000,380000,6120000
Europe,OWID_EUR,2021,1830000,354750016,459920000,253240000,1340000,13460000,26570000,3290000,1950000,390000,6580000
Europe,OWID_EUR,2022,1950000,346110016,438460000,244170000,1280000,13460000,24960000,3180000,1900000,420000,6650000
Europe,OWID_EUR,2023,1620000,341180000,432520000,248090000,1190000,13460000,23530000,2980000,1880000,420000,6830000
European Union (27),OWID_EU27,1990,170000,336109984,115620000,173030000,1420000,3430000,19500000,890000,1330000,280000,4430000
European Union (27),OWID_EU27,1991,170000,322549984,108950000,176990000,1620000,3240000,19680000,910000,1210000,280000,4460000
European Union (27),OWID_EU27,1992,170000,308190016,104970000,179200000,1500000,3240000,17840000,950000,1140000,280000,4550000
European Union (27),OWID_EU27,1993,170000,294060000,103320000,179670000,1560000,3310000,18800000,950000,1100000,280000,4560000
European Union (27),OWID_EU27,1994,170000,287880000,101980000,177880000,1530000,3550000,17140000,960000,1130000,280000,4570000
European Union (27),OWID_EU27,1995,170000,282520000,105100000,177360000,1480000,3560000,16800000,990000,1190000,280000,4610000
European Union (27),OWID_EU27,1996,290000,281209984,104090000,175560000,1440000,3330000,18090000,1039999,1190000,290000,4690000
European Union (27),OWID_EU27,1997,380000,279940000,103070000,172200000,1370000,3520000,17430000,1039999,1210000,310000,4720000
European Union (27),OWID_EU27,1998,519999,275460000,93680000,168710000,1270000,3530000,16250000,1060000,1150000,330000,4790000
European Union (27),OWID_EU27,1999,230000,273269984,90110000,164840000,1260000,3630000,15710000,1070000,1100000,320000,4810000
European Union (27),OWID_EU27,2000,340000,272209984,85190000,162780000,1130000,3790000,15120000,1100000,1130000,340000,4680000
European Union (27),OWID_EU27,2001,30000,266690000,84400000,159820000,1160000,3700000,15520000,1150000,1080000,350000,4690000
European Union (27),OWID_EU27,2002,50000,263670016,84130000,155790000,1090000,3740000,15610000,1190000,1060000,360000,4670000
European Union (27),OWID_EU27,2003,360000,259489984,84670000,152590000,1070000,3910000,16950000,1260000,1130000,370000,4610000
European Union (27),OWID_EU27,2004,50000,257109984,81250000,146970000,1100000,4120000,16740000,1350000,1140000,390000,4580000
European Union (27),OWID_EU27,2005,280000,254390000,80470000,141380000,1060000,4100000,17600000,1470000,1140000,400000,4480000
European Union (27),OWID_EU27,2006,140000,252320000,79380000,137600000,1130000,4010000,18350000,1540000,1150000,430000,4470000
European Union (27),OWID_EU27,2007,180000,253590000,74740000,133720000,1070000,4080000,18670000,1590000,1190000,450000,4450000
European Union (27),OWID_EU27,2008,40000,252430000,72340000,129450000,1110000,3660000,20300000,1650000,1140000,440000,4360000
European Union (27),OWID_EU27,2009,60000,250560000,66150000,126930000,1110000,3110000,20440000,1690000,1060000,390000,4310000
European Union (27),OWID_EU27,2010,70000,248110000,67050004,123250000,1200000,3420000,22300000,1830000,1140000,400000,4220000
European Union (27),OWID_EU27,2011,70000,242900000,65670000,118650000,1140000,3320000,19770000,1820000,1180000,400000,4179999
European Union (27),OWID_EU27,2012,150000,242010000,65460000,115470000,1140000,3160000,21810000,1920000,1130000,370000,4020000
European Union (27),OWID_EU27,2013,50000,241630000,62450000,109970000,1170000,3090000,21960000,1920000,1150000,350000,3930000
European Union (27),OWID_EU27,2014,60000,243640000,59240000,105660000,1110000,3240000,19320000,1920000,1150000,340000,3980000
European Union (27),OWID_EU27,2015,40000,245620000,58450000,103790000,1090000,3190000,20010000,1950000,1170000,340000,4010000
European Union (27),OWID_EU27,2016,110000,245890000,56840000,101020000,1140000,3160000,19950000,1990000,1220000,360000,4040000
European Union (27),OWID_EU27,2017,430000,244720000,55540000,99790000,1160000,3260000,20110000,2030000,1230000,370000,4110000
European Union (27),OWID_EU27,2018,40000,238140000,53170000,98340000,1150000,3110000,20600000,1990000,1250000,380000,4150000
European Union (27),OWID_EU27,2019,60000,236190000,50800000,97270000,1090000,3090000,19900000,2020000,1250000,370000,4240000
European Union (27),OWID_EU27,2020,100000,236390000,46670000,96130000,1090000,3130000,19340000,2010000,1240000,330000,3740000
European Union (27),OWID_EU27,2021,170000,231460000,47440000,93920000,1100000,3150000,20820000,2160000,1280000,340000,4040000
European Union (27),OWID_EU27,2022,270000,226950000,43440000,93140000,1000000,3150000,19440000,2110000,1260000,360000,4200000
European Union (27),OWID_EU27,2023,190000,223930000,40740000,93130000,930000,3150000,18230000,1950000,1240000,340000,4310000
Fiji,FJI,1990,0,670000,0,0,0,0,0,0,0,0,0
Fiji,FJI,1991,0,690000,0,0,0,0,0,0,0,0,0
Fiji,FJI,1992,0,700000,0,0,0,0,0,0,0,0,0
Fiji,FJI,1993,0,750000,0,0,0,0,0,0,0,0,0
Fiji,FJI,1994,0,780000,0,100000,0,0,0,0,0,0,0
Fiji,FJI,1995,0,820000,0,100000,0,0,0,0,0,0,0
Fiji,FJI,1996,0,810000,0,100000,0,0,0,0,0,0,0
Fiji,FJI,1997,10000,810000,0,110000,0,0,0,0,0,0,0
Fiji,FJI,1998,10000,790000,0,110000,0,0,0,0,0,0,0
Fiji,FJI,1999,0,770000,0,110000,0,0,0,0,0,0,0
Fiji,FJI,2000,0,770000,0,110000,0,0,0,0,0,0,0
Fiji,FJI,2001,0,780000,0,110000,0,0,0,0,0,0,0
Fiji,FJI,2002,0,740000,0,110000,0,0,0,0,0,0,0
Fiji,FJI,2003,10000,740000,0,120000,0,0,0,0,0,0,0
Fiji,FJI,2004,0,730000,0,120000,0,0,0,0,0,0,0
Fiji,FJI,2005,0,740000,0,0,0,0,0,0,0,0,0
Fiji,FJI,2006,0,740000,0,0,0,0,0,0,0,0,0
Fiji,FJI,2007,0,730000,0,0,0,0,0,0,0,0,0
Fiji,FJI,2008,0,740000,0,0,0,0,0,0,0,0,0
Fiji,FJI,2009,10000,730000,0,0,0,0,0,0,0,0,0
Fiji,FJI,2010,0,730000,0,0,0,0,0,0,0,0,0
Fiji,FJI,2011,0,710000,0,0,0,0,0,0,0,0,0
Fiji,FJI,2012,0,700000,0,0,0,0,0,0,0,0,0
Fiji,FJI,2013,0,710000,0,0,0,0,0,0,0,0,0
Fiji,FJI,2014,10000,310000,0,0,0,0,0,0,0,0,0
Fiji,FJI,2015,10000,290000,0,0,0,0,0,0,0,0,0
Fiji,FJI,2016,0,300000,0,0,0,0,0,0,0,0,0
Fiji,FJI,2017,0,320000,0,0,0,0,0,0,0,0,0
Fiji,FJI,2018,0,320000,0,0,0,0,0,0,0,0,0
Fiji,FJI,2019,0,400000,0,0,0,0,0,0,0,0,0
Fiji,FJI,2020,0,330000,0,0,0,0,0,0,0,0,0
Fiji,FJI,2021,0,330000,0,0,0,0,0,0,0,0,0
Fiji,FJI,2022,0,360000,0,0,0,0,0,0,0,0,0
Fiji,FJI,2023,0,400000,0,0,,0,0,0,0,0,0
Finland,FIN,1990,0,3800000,10000,5090000,60000,10000,350000,40000,100000,0,80000
Finland,FIN,1991,0,3610000,50000,5150000,60000,10000,360000,40000,90000,0,80000
Finland,FIN,1992,0,3500000,70000,5160000,70000,10000,360000,40000,90000,10000,80000
Finland,FIN,1993,0,3460000,90000,5150000,60000,10000,350000,40000,100000,0,70000
Finland,FIN,1994,0,3420000,100000,5080000,60000,10000,360000,50000,110000,0,80000
Finland,FIN,1995,0,3260000,100000,4990000,60000,10000,350000,50000,110000,0,70000
Finland,FIN,1996,0,3240000,110000,4860000,40000,10000,390000,50000,110000,0,70000
Finland,FIN,1997,0,3250000,90000,4720000,40000,20000,390000,60000,129999,0,70000
Finland,FIN,1998,0,3170000,90000,4490000,40000,10000,390000,60000,129999,0,70000
Finland,FIN,1999,0,3080000,70000,4380000,40000,10000,380000,70000,129999,0,70000
Finland,FIN,2000,0,2990000,70000,4090000,50000,10000,370000,80000,129999,10000,70000
Finland,FIN,2001,0,2930000,90000,3910000,60000,10000,410000,80000,120000,0,70000
Finland,FIN,2002,0,2920000,70000,3620000,60000,10000,420000,100000,120000,10000,70000
Finland,FIN,2003,0,2870000,80000,3390000,60000,10000,430000,110000,120000,10000,70000
Finland,FIN,2004,0,2780000,70000,3210000,60000,10000,430000,110000,129999,0,70000
Finland,FIN,2005,0,2750000,80000,2920000,60000,10000,430000,100000,110000,0,70000
Finland,FIN,2006,0,2730000,70000,3000000,60000,0,440000,120000,129999,0,70000
Finland,FIN,2007,0,2660000,60000,2870000,60000,10000,440000,110000,129999,0,70000
Finland,FIN,2008,0,2640000,60000,2740000,60000,10000,460000,110000,120000,0,70000
Finland,FIN,2009,0,2620000,60000,2630000,70000,10000,490000,100000,100000,0,70000
Finland,FIN,2010,0,2640000,50000,2620000,80000,10000,540000,129999,110000,0,70000
Finland,FIN,2011,0,2600000,40000,2520000,70000,0,460000,129999,120000,0,70000
Finland,FIN,2012,0,2590000,50000,2480000,80000,0,510000,140000,120000,0,60000
Finland,FIN,2013,0,2590000,40000,2340000,90000,0,480000,140000,120000,0,70000
Finland,FIN,2014,0,2590000,40000,2190000,80000,0,480000,140000,129999,0,70000
Finland,FIN,2015,0,2590000,40000,2130000,80000,0,450000,129999,129999,0,70000
Finland,FIN,2016,0,2570000,40000,1990000,80000,0,490000,140000,140000,0,60000
Finland,FIN,2017,0,2510000,30000,1880000,80000,10000,480000,140000,140000,0,70000
Finland,FIN,2018,0,2410000,30000,1830000,80000,10000,480000,140000,150000,0,70000
Finland,FIN,2019,0,2330000,30000,1780000,80000,0,470000,150000,150000,0,70000
Finland,FIN,2020,0,2320000,20000,1730000,70000,0,430000,140000,140000,0,60000
Finland,FIN,2021,0,2290000,30000,1650000,70000,0,480000,170000,150000,0,70000
Finland,FIN,2022,0,2240000,10000,1550000,70000,0,450000,160000,129999,0,60000
Finland,FIN,2023,0,2190000,10000,1460000,70000,0,430000,160000,129999,0,60000
France,FRA,1990,10000,56440000,2410000,14940000,50000,490000,3450000,80000,140000,20000,730000
France,FRA,1991,10000,54840000,2580000,15720000,50000,490000,4030000,90000,129999,20000,720000
France,FRA,1992,10000,53610000,2550000,16580000,60000,490000,3820000,80000,129999,20000,720000
France,FRA,1993,10000,53020000,2580000,17460000,60000,470000,3670000,80000,120000,20000,700000
France,FRA,1994,10000,53040000,2550000,17860000,60000,500000,3180000,80000,120000,20000,690000
France,FRA,1995,10000,52990000,2580000,18220000,60000,490000,3250000,80000,120000,20000,660000
France,FRA,1996,10000,52800000,2610000,18470000,60000,480000,3560000,80000,129999,20000,650000
France,FRA,1997,10000,52030000,2450000,18780000,60000,530000,3150000,80000,129999,20000,640000
France,FRA,1998,20000,51630000,2470000,19430000,60000,519999,3140000,90000,120000,20000,650000
France,FRA,1999,10000,51510000,2470000,19750000,60000,519999,3000000,90000,110000,30000,650000
France,FRA,2000,20000,53900000,2480000,20100000,60000,530000,2840000,90000,110000,30000,640000
France,FRA,2001,10000,53780000,2560000,20460000,60000,500000,2930000,90000,110000,20000,630000
France,FRA,2002,10000,52400000,2540000,20730000,60000,519999,2700000,90000,110000,20000,610000
France,FRA,2003,50000,50790000,2600000,20840000,60000,500000,2910000,100000,110000,20000,580000
France,FRA,2004,10000,50140000,2590000,20770000,60000,600000,2930000,100000,110000,30000,570000
France,FRA,2005,20000,49770000,2610000,20590000,80000,460000,2780000,129999,110000,20000,550000
France,FRA,2006,0,49630000,2510000,20510000,80000,360000,2550000,120000,100000,30000,530000
France,FRA,2007,0,50220000,2440000,20570000,80000,450000,2460000,140000,100000,30000,519999
France,FRA,2008,10000,50430000,2470000,20550000,90000,350000,2640000,140000,100000,20000,510000
France,FRA,2009,20000,49760000,2370000,19880000,90000,230000,2740000,140000,90000,20000,500000
France,FRA,2010,10000,49170000,2520000,19840000,90000,330000,3010000,160000,100000,20000,480000
France,FRA,2011,0,48050000,2210000,18780000,90000,280000,2390000,140000,110000,20000,500000
France,FRA,2012,30000,47760000,2230000,18370000,90000,230000,2760000,150000,110000,20000,490000
France,FRA,2013,0,47920000,2240000,16790000,90000,200000,3050000,160000,110000,20000,480000
France,FRA,2014,10000,48090000,1930000,15870000,90000,210000,2490000,160000,110000,20000,490000
France,FRA,2015,0,48170000,2050000,15080000,90000,190000,2630000,170000,110000,20000,490000
France,FRA,2016,0,47960000,2160000,15110000,90000,190000,2810000,180000,110000,20000,500000
France,FRA,2017,40000,47170000,2130000,15230000,90000,170000,2730000,190000,100000,20000,510000
France,FRA,2018,0,46600000,2050000,15010000,90000,160000,2640000,180000,100000,20000,510000
France,FRA,2019,30000,45650000,2079999,15940000,90000,150000,2660000,190000,100000,20000,530000
France,FRA,2020,10000,44770000,1900000,15940000,100000,129999,2390000,180000,90000,10000,460000
France,FRA,2021,10000,43610000,2010000,15150000,100000,140000,2720000,190000,120000,10000,530000
France,FRA,2022,60000,42500000,1810000,14920000,100000,140000,2460000,200000,120000,10000,570000
France,FRA,2023,10000,41760000,1680000,14820000,100000,140000,2430000,190000,120000,10000,590000
Gabon,GAB,1990,30000,200000,8010000,40000,0,0,630000,0,10000,0,0
Gabon,GAB,1991,30000,200000,8690000,40000,0,0,650000,0,10000,0,0
Gabon,GAB,1992,30000,210000,8730000,70000,0,0,670000,0,10000,0,0
Gabon,GAB,1993,30000,210000,8760000,90000,0,0,680000,0,10000,0,0
Gabon,GAB,1994,30000,210000,9730000,100000,0,0,680000,0,10000,0,0
Gabon,GAB,1995,30000,210000,10450000,170000,0,0,710000,0,10000,0,0
Gabon,GAB,1996,50000,140000,10990000,230000,0,0,720000,0,10000,0,0
Gabon,GAB,1997,30000,150000,10870000,300000,0,0,730000,0,10000,0,0
Gabon,GAB,1998,30000,160000,11300000,370000,0,0,740000,0,10000,0,0
Gabon,GAB,1999,30000,160000,10490000,430000,0,0,760000,0,10000,0,0
Gabon,GAB,2000,20000,150000,9870000,500000,0,0,780000,0,10000,0,0
Gabon,GAB,2001,0,140000,9870000,519999,0,0,800000,0,10000,0,0
Gabon,GAB,2002,20000,170000,9330000,540000,0,0,820000,0,20000,0,0
Gabon,GAB,2003,10000,190000,10260000,550000,0,0,840000,0,30000,0,0
Gabon,GAB,2004,50000,230000,9920000,570000,0,0,870000,0,40000,0,0
Gabon,GAB,2005,30000,190000,9400000,590000,0,0,890000,0,50000,0,0
Gabon,GAB,2006,20000,230000,8240000,610000,0,0,920000,0,60000,0,0
Gabon,GAB,2007,10000,220000,7550000,630000,0,0,950000,0,70000,0,0
Gabon,GAB,2008,20000,250000,7850000,660000,0,0,980000,0,90000,0,0
Gabon,GAB,2009,20000,200000,7660000,680000,0,0,1010000,0,100000,0,0
Gabon,GAB,2010,10000,220000,7840000,700000,0,0,1050000,0,110000,0,0
Gabon,GAB,2011,30000,259999,7560000,730000,0,0,1080000,0,70000,0,0
Gabon,GAB,2012,10000,250000,7180000,760000,0,0,1120000,0,50000,0,0
Gabon,GAB,2013,20000,270000,6880000,780000,0,0,1160000,0,100000,0,0
Gabon,GAB,2014,20000,220000,7170000,810000,0,0,1190000,0,90000,0,0
Gabon,GAB,2015,10000,230000,7090000,840000,0,0,1230000,0,90000,0,0
Gabon,GAB,2016,30000,250000,6980000,870000,0,0,1220000,0,90000,0,0
Gabon,GAB,2017,20000,259999,6370000,900000,0,0,1200000,0,90000,0,0
Gabon,GAB,2018,20000,210000,5880000,920000,0,0,1190000,0,90000,0,0
Gabon,GAB,2019,20000,259999,6440000,950000,0,0,1170000,0,90000,0,0
Gabon,GAB,2020,20000,230000,6040000,970000,0,0,1160000,0,100000,0,0
Gabon,GAB,2021,30000,200000,5520000,1000000,0,0,1140000,0,100000,0,0
Gabon,GAB,2022,30000,280000,5750000,1020000,0,0,1130000,0,100000,0,0
Gabon,GAB,2023,20000,240000,6180000,1050000,0,0,1130000,0,100000,0,0
Gambia,GMB,1990,170000,540000,0,3540000,0,0,,0,0,0,0
Gambia,GMB,1991,170000,550000,0,3700000,0,0,,0,0,0,0
Gambia,GMB,1992,170000,540000,0,3930000,0,0,,0,0,0,0
Gambia,GMB,1993,170000,519999,0,4150000,0,0,,0,0,0,0
Gambia,GMB,1994,170000,550000,0,3590000,0,0,,0,0,0,0
Gambia,GMB,1995,170000,570000,0,3030000,0,0,,0,0,0,0
Gambia,GMB,1996,129999,600000,0,2470000,0,0,,0,0,0,0
Gambia,GMB,1997,150000,560000,0,1910000,0,0,,0,0,0,0
Gambia,GMB,1998,129999,580000,0,1350000,0,0,,0,0,0,0
Gambia,GMB,1999,340000,570000,0,790000,0,0,,0,0,0,0
Gambia,GMB,2000,259999,600000,0,230000,0,0,,0,0,0,0
Gambia,GMB,2001,0,530000,0,240000,0,0,,0,0,0,0
Gambia,GMB,2002,0,519999,0,250000,0,0,,0,0,0,0
Gambia,GMB,2003,0,570000,0,259999,0,0,,0,0,0,0
Gambia,GMB,2004,0,640000,0,270000,0,0,,0,0,0,0
Gambia,GMB,2005,0,660000,0,280000,0,0,,0,0,0,0
Gambia,GMB,2006,0,690000,0,290000,0,0,,0,0,0,0
Gambia,GMB,2007,0,680000,0,300000,0,0,,0,0,0,0
Gambia,GMB,2008,0,800000,0,310000,0,0,,0,0,0,0
Gambia,GMB,2009,0,1100000,0,320000,0,0,,0,0,0,0
Gambia,GMB,2010,0,1190000,0,330000,0,0,,0,0,0,0
Gambia,GMB,2011,0,840000,0,340000,0,0,,0,0,0,0
Gambia,GMB,2012,0,950000,0,350000,0,0,,0,0,0,0
Gambia,GMB,2013,0,1010000,0,360000,0,0,,0,0,0,0
Gambia,GMB,2014,0,1050000,0,370000,0,0,,0,0,0,0
Gambia,GMB,2015,0,1170000,0,390000,0,0,,0,0,0,0
Gambia,GMB,2016,0,1039999,10000,400000,0,0,,0,0,0,0
Gambia,GMB,2017,0,980000,0,410000,0,0,,0,0,0,0
Gambia,GMB,2018,0,790000,0,420000,0,0,,0,0,0,0
Gambia,GMB,2019,0,900000,0,430000,0,0,,0,0,0,0
Gambia,GMB,2020,0,880000,0,450000,0,0,,0,0,0,0
Gambia,GMB,2021,0,690000,0,460000,0,0,,0,0,0,0
Gambia,GMB,2022,0,790000,0,470000,0,0,,0,0,0,0
Gambia,GMB,2023,0,900000,0,480000,0,0,,0,0,0,0
Georgia,GEO,1990,0,1690000,8020000,1390000,20000,0,150000,20000,10000,0,20000
Georgia,GEO,1991,0,1660000,7530000,1410000,20000,0,160000,10000,10000,0,20000
Georgia,GEO,1992,0,1440000,7050000,1420000,20000,0,240000,10000,0,0,20000
Georgia,GEO,1993,0,1300000,6560000,1440000,20000,0,370000,10000,0,0,10000
Georgia,GEO,1994,0,1270000,6080000,1450000,20000,0,100000,0,0,0,10000
Georgia,GEO,1995,0,1280000,5600000,1460000,0,0,240000,10000,0,0,10000
Georgia,GEO,1996,10000,1320000,5110000,1480000,0,0,330000,0,0,0,20000
Georgia,GEO,1997,0,1330000,4630000,1490000,0,0,270000,0,0,0,20000
Georgia,GEO,1998,0,1350000,4150000,1510000,0,0,240000,0,0,0,10000
Georgia,GEO,1999,10000,1430000,3660000,1520000,0,0,230000,0,0,0,10000
Georgia,GEO,2000,0,1510000,3180000,1530000,0,0,220000,0,0,0,10000
Georgia,GEO,2001,0,1520000,2069999,1510000,0,0,220000,0,0,0,10000
Georgia,GEO,2002,0,1580000,2020000,1510000,0,0,220000,0,0,0,10000
Georgia,GEO,2003,0,1620000,2360000,1510000,0,0,220000,0,0,0,10000
Georgia,GEO,2004,0,1580000,2069999,1510000,0,0,220000,0,0,0,10000
Georgia,GEO,2005,0,1590000,1600000,1520000,10000,0,120000,0,0,0,10000
Georgia,GEO,2006,0,1490000,3180000,1350000,10000,0,129999,0,0,0,10000
Georgia,GEO,2007,0,1390000,3200000,1360000,0,0,140000,0,0,0,20000
Georgia,GEO,2008,0,1350000,2720000,1370000,0,0,140000,0,0,0,20000
Georgia,GEO,2009,0,1330000,1810000,1380000,10000,0,129999,0,0,0,20000
Georgia,GEO,2010,10000,1360000,2060000,1500000,0,0,120000,0,0,0,20000
Georgia,GEO,2011,0,1380000,2690000,1520000,0,0,110000,0,0,0,20000
Georgia,GEO,2012,0,1510000,2920000,1540000,0,0,110000,0,0,0,20000
Georgia,GEO,2013,0,1540000,2560000,1550000,0,0,170000,0,0,0,40000
Georgia,GEO,2014,0,1590000,2390000,1660000,0,0,170000,0,0,0,50000
Georgia,GEO,2015,10000,1340000,2260000,1770000,0,0,140000,0,0,0,50000
Georgia,GEO,2016,0,1340000,2130000,1890000,0,0,140000,0,0,0,50000
Georgia,GEO,2017,0,1300000,1990000,2000000,0,0,129999,0,0,0,40000
Georgia,GEO,2018,0,1230000,1910000,2010000,0,0,100000,0,0,0,40000
Georgia,GEO,2019,20000,1200000,2110000,2020000,0,0,90000,0,0,0,40000
Georgia,GEO,2020,10000,1180000,2120000,2030000,0,0,90000,0,0,0,40000
Georgia,GEO,2021,0,1240000,2170000,2040000,0,0,90000,0,0,0,40000
Georgia,GEO,2022,0,1250000,2600000,2010000,0,0,80000,0,0,0,40000
Georgia,GEO,2023,10000,1170000,2670000,2020000,0,0,80000,0,0,0,40000
Germany,DEU,1990,0,58310000,3410000,40070000,170000,910000,4680000,190000,259999,20000,1200000
Germany,DEU,1991,0,54400000,4360000,41550000,259999,890000,3570000,200000,190000,20000,1210000
Germany,DEU,1992,0,48570000,4040000,42060000,210000,950000,2660000,200000,170000,20000,1220000
Germany,DEU,1993,0,46900000,4050000,41710000,120000,1030000,2650000,200000,140000,20000,1230000
Germany,DEU,1994,0,46260000,4680000,40510000,120000,1110000,2460000,210000,140000,20000,1170000
Germany,DEU,1995,0,46090000,5640000,39120000,120000,1120000,2160000,210000,129999,20000,1190000
Germany,DEU,1996,0,45660000,5950000,37210000,140000,1070000,2260000,220000,129999,20000,1190000
Germany,DEU,1997,0,45470000,5730000,33820000,140000,1150000,2520000,210000,120000,20000,1190000
Germany,DEU,1998,0,44120000,5990000,31210000,129999,1200000,2330000,230000,110000,20000,1200000
Germany,DEU,1999,0,43520000,6080000,29120000,100000,1280000,2190000,210000,110000,20000,1210000
Germany,DEU,2000,0,42510000,5950000,27140000,90000,1380000,2240000,210000,100000,20000,1160000
Germany,DEU,2001,0,42200000,6080000,25110000,100000,1350000,2310000,240000,100000,20000,1130000
Germany,DEU,2002,0,41490000,6070000,23270000,90000,1270000,2230000,230000,100000,20000,1110000
Germany,DEU,2003,0,40340000,6000000,21490000,50000,1390000,2600000,230000,150000,20000,1060000
Germany,DEU,2004,0,39230000,5680000,18890000,50000,1380000,2560000,250000,160000,30000,1050000
Germany,DEU,2005,0,39010000,5720000,17150000,50000,1420000,2540000,310000,160000,20000,1000000
Germany,DEU,2006,0,38150000,5790000,15270000,40000,1390000,2930000,350000,170000,30000,1000000
Germany,DEU,2007,0,38160000,5620000,13710000,40000,1380000,2890000,360000,180000,30000,980000
Germany,DEU,2008,0,38870000,5360000,12340000,40000,1300000,3440000,370000,170000,30000,950000
Germany,DEU,2009,0,38770000,5060000,10940000,40000,1210000,3130000,380000,180000,30000,940000
Germany,DEU,2010,0,38310000,4780000,9700000,50000,1250000,3790000,410000,200000,30000,920000
Germany,DEU,2011,0,38020000,4620000,8740000,40000,1230000,3260000,410000,210000,30000,920000
Germany,DEU,2012,0,38060000,4420000,7890000,50000,1200000,3680000,430000,200000,30000,890000
Germany,DEU,2013,0,38380000,3290000,7110000,50000,1190000,3820000,430000,200000,20000,890000
Germany,DEU,2014,0,38720000,2850000,6420000,40000,1230000,3070000,440000,200000,20000,900000
Germany,DEU,2015,0,38380000,2810000,5810000,40000,1240000,3150000,440000,210000,20000,880000
Germany,DEU,2016,0,37900000,2960000,5260000,40000,1260000,2950000,440000,220000,30000,890000
Germany,DEU,2017,0,37580000,3100000,4870000,40000,1270000,3010000,440000,210000,20000,890000
Germany,DEU,2018,0,35990000,2930000,4520000,60000,1200000,3150000,410000,210000,20000,870000
Germany,DEU,2019,0,35170000,2950000,3990000,70000,1190000,3160000,400000,210000,20000,870000
Germany,DEU,2020,0,34950000,2860000,3520000,70000,1270000,3030000,390000,210000,10000,810000
Germany,DEU,2021,0,33220002,2870000,3120000,70000,1280000,3450000,400000,210000,10000,780000
Germany,DEU,2022,0,32580002,2560000,2920000,70000,1280000,3560000,390000,210000,20000,810000
Germany,DEU,2023,0,32680000,2350000,2740000,70000,1280000,3020000,370000,200000,20000,800000
Ghana,GHA,1990,129999,3780000,10000,710000,0,0,2670000,0,10000,0,10000
Ghana,GHA,1991,129999,3950000,10000,760000,0,0,2760000,0,10000,0,10000
Ghana,GHA,1992,129999,3870000,10000,770000,0,0,2840000,0,10000,0,10000
Ghana,GHA,1993,129999,3890000,10000,800000,0,0,2930000,0,10000,0,10000
Ghana,GHA,1994,129999,3920000,60000,890000,0,0,3030000,0,10000,0,10000
Ghana,GHA,1995,129999,3960000,60000,970000,0,0,3110000,0,10000,0,10000
Ghana,GHA,1996,129999,4400000,70000,1000000,0,0,3190000,0,10000,0,20000
Ghana,GHA,1997,450000,4480000,70000,1520000,0,0,3260000,0,10000,0,20000
Ghana,GHA,1998,1170000,5090000,80000,1600000,0,0,3350000,0,10000,0,20000
Ghana,GHA,1999,660000,4450000,80000,1620000,0,0,3420000,0,10000,0,20000
Ghana,GHA,2000,730000,5120000,80000,1900000,0,0,2290000,0,20000,0,20000
Ghana,GHA,2001,40000,4230000,80000,1970000,0,0,2089999,0,20000,0,20000
Ghana,GHA,2002,10000,4159999,90000,2160000,0,0,1960000,0,20000,0,20000
Ghana,GHA,2003,10000,4550000,90000,2370000,0,0,1820000,0,20000,0,20000
Ghana,GHA,2004,10000,4300000,120000,2590000,0,0,1700000,0,20000,0,20000
Ghana,GHA,2005,10000,5220000,90000,2700000,0,0,1590000,0,20000,0,20000
Ghana,GHA,2006,40000,4960000,129999,2800000,0,0,1500000,0,20000,0,20000
Ghana,GHA,2007,30000,4740000,120000,2880000,0,0,1420000,0,20000,0,20000
Ghana,GHA,2008,10000,4790000,140000,2970000,0,0,1420000,0,20000,0,20000
Ghana,GHA,2009,0,4670000,120000,3060000,0,0,1390000,0,20000,0,30000
Ghana,GHA,2010,10000,4900000,140000,3140000,0,0,1370000,0,20000,0,30000
Ghana,GHA,2011,20000,5440000,840000,3230000,0,0,1420000,0,20000,0,30000
Ghana,GHA,2012,20000,5090000,850000,3320000,0,0,1390000,0,40000,0,40000
Ghana,GHA,2013,10000,5550000,1130000,3410000,0,0,1410000,0,40000,0,40000
Ghana,GHA,2014,10000,5500000,1240000,3500000,0,0,1470000,0,20000,0,50000
Ghana,GHA,2015,10000,5750000,1320000,3600000,0,0,1470000,0,20000,0,50000
Ghana,GHA,2016,40000,5800000,1020000,3690000,0,0,1460000,0,20000,0,40000
Ghana,GHA,2017,10000,5960000,1980000,3780000,0,0,1810000,0,10000,0,50000
Ghana,GHA,2018,0,5780000,1990000,3880000,0,0,1830000,0,10000,0,60000
Ghana,GHA,2019,30000,5950000,2260000,3970000,0,0,1850000,0,10000,0,60000
Ghana,GHA,2020,129999,6790000,2460000,4060000,0,0,1870000,0,10000,0,70000
Ghana,GHA,2021,10000,6350000,2560000,4159999,0,0,1630000,0,10000,0,70000
Ghana,GHA,2022,40000,7040000,2450000,4250000,0,0,1750000,0,10000,0,70000
Ghana,GHA,2023,20000,6610000,2810000,4340000,0,0,1500000,0,10000,0,80000
Greece,GRC,1990,20000,5260000,1310000,5130000,10000,0,270000,20000,20000,20000,100000
Greece,GRC,1991,20000,5140000,1320000,5100000,10000,0,280000,20000,20000,20000,100000
Greece,GRC,1992,20000,5070000,1380000,5210000,10000,0,270000,20000,20000,20000,110000
Greece,GRC,1993,20000,5130000,1370000,5270000,10000,0,270000,20000,20000,30000,110000
Greece,GRC,1994,20000,5160000,1410000,5430000,10000,0,280000,20000,20000,30000,110000
Greece,GRC,1995,20000,5210000,1430000,5440000,10000,0,280000,20000,20000,30000,110000
Greece,GRC,1996,20000,5270000,1490000,5550000,20000,0,280000,20000,20000,30000,120000
Greece,GRC,1997,20000,5270000,1470000,5490000,10000,0,280000,20000,20000,30000,120000
Greece,GRC,1998,150000,5250000,1530000,5690000,20000,0,290000,20000,20000,30000,129999
Greece,GRC,1999,10000,5210000,1560000,5630000,20000,0,280000,20000,20000,30000,129999
Greece,GRC,2000,30000,5240000,1620000,5630000,20000,0,280000,20000,20000,30000,129999
Greece,GRC,2001,0,5170000,1680000,4770000,20000,0,290000,20000,20000,30000,140000
Greece,GRC,2002,0,5170000,1780000,4720000,10000,0,280000,20000,20000,30000,140000
Greece,GRC,2003,0,5130000,1740000,4850000,10000,0,290000,20000,20000,30000,150000
Greece,GRC,2004,0,5270000,1780000,4860000,10000,0,290000,20000,20000,30000,150000
Greece,GRC,2005,0,5150000,1770000,4970000,20000,0,290000,20000,20000,20000,160000
Greece,GRC,2006,10000,5140000,1670000,5150000,20000,0,290000,20000,20000,30000,160000
Greece,GRC,2007,80000,5250000,1720000,4950000,10000,0,310000,20000,20000,30000,170000
Greece,GRC,2008,10000,5180000,1710000,4970000,10000,0,270000,20000,20000,30000,160000
Greece,GRC,2009,0,5190000,1680000,4650000,10000,0,230000,20000,20000,20000,170000
Greece,GRC,2010,0,5260000,1490000,4960000,10000,0,240000,20000,20000,20000,160000
Greece,GRC,2011,10000,5200000,1560000,4700000,20000,0,310000,20000,20000,20000,150000
Greece,GRC,2012,10000,5180000,1660000,4450000,10000,0,360000,20000,10000,20000,129999
Greece,GRC,2013,0,4930000,1430000,4560000,10000,0,300000,20000,10000,20000,129999
Greece,GRC,2014,0,4810000,1340000,4630000,10000,0,290000,20000,10000,20000,120000
Greece,GRC,2015,0,4710000,1230000,4620000,10000,0,320000,20000,20000,20000,129999
Greece,GRC,2016,10000,4700000,920000,4670000,10000,0,270000,20000,10000,10000,129999
Greece,GRC,2017,10000,4730000,1060000,4850000,10000,0,280000,20000,10000,20000,120000
Greece,GRC,2018,0,4370000,1020000,5000000,10000,0,270000,20000,10000,20000,120000
Greece,GRC,2019,10000,4260000,810000,5020000,10000,0,250000,20000,10000,20000,120000
Greece,GRC,2020,0,4320000,490000,5120000,10000,0,240000,10000,10000,10000,100000
Greece,GRC,2021,100000,4290000,460000,5480000,10000,0,259999,10000,10000,20000,110000
Greece,GRC,2022,10000,4000000,470000,5540000,10000,0,270000,10000,10000,20000,110000
Greece,GRC,2023,80000,4210000,470000,5610000,10000,0,270000,10000,10000,20000,120000
Grenada,GRD,1990,0,10000,0,10000,,0,0,0,0,0,0
Grenada,GRD,1991,0,10000,0,10000,,0,0,0,0,0,0
Grenada,GRD,1992,0,10000,0,10000,,0,0,0,0,0,0
Grenada,GRD,1993,0,10000,0,10000,,0,0,0,0,0,0
Grenada,GRD,1994,0,10000,0,1970000,,0,0,0,0,0,0
Grenada,GRD,1995,0,10000,0,10000,,0,0,0,0,0,0
Grenada,GRD,1996,0,10000,0,10000,,0,0,0,0,0,0
Grenada,GRD,1997,0,10000,0,10000,,0,0,0,0,0,0
Grenada,GRD,1998,0,10000,0,10000,0,0,0,0,0,0,0
Grenada,GRD,1999,0,10000,0,10000,0,0,0,0,0,0,0
Grenada,GRD,2000,0,10000,0,10000,0,0,0,0,0,0,0
Grenada,GRD,2001,0,10000,0,10000,0,0,0,0,0,0,0
Grenada,GRD,2002,0,10000,0,10000,0,0,0,0,0,0,0
Grenada,GRD,2003,0,10000,0,10000,0,0,0,0,0,0,0
Grenada,GRD,2004,0,10000,0,10000,0,0,0,0,0,0,0
Grenada,GRD,2005,0,10000,0,10000,0,0,0,0,0,0,0
Grenada,GRD,2006,0,10000,0,10000,0,0,0,0,0,0,0
Grenada,GRD,2007,0,10000,0,10000,0,0,0,0,0,0,0
Grenada,GRD,2008,0,10000,0,10000,0,0,0,0,0,0,0
Grenada,GRD,2009,0,10000,0,10000,0,0,0,0,0,0,0
Grenada,GRD,2010,0,10000,0,10000,0,0,0,0,0,0,0
Grenada,GRD,2011,0,10000,0,10000,0,0,0,0,0,0,0
Grenada,GRD,2012,0,10000,0,10000,0,0,0,0,0,0,0
Grenada,GRD,2013,0,10000,0,10000,0,0,0,0,0,0,0
Grenada,GRD,2014,0,10000,0,10000,0,0,0,0,0,0,0
Grenada,GRD,2015,0,10000,0,10000,0,0,0,0,0,0,0
Grenada,GRD,2016,0,10000,0,10000,0,0,0,0,0,0,0
Grenada,GRD,2017,0,10000,0,10000,0,0,0,0,0,0,0
Grenada,GRD,2018,0,20000,0,10000,0,0,0,0,0,0,0
Grenada,GRD,2019,0,20000,0,10000,0,0,0,0,0,0,0
Grenada,GRD,2020,0,20000,0,10000,0,0,0,0,0,0,0
Grenada,GRD,2021,0,20000,0,10000,0,0,0,0,0,0,0
Grenada,GRD,2022,0,20000,0,10000,0,0,0,0,0,0,0
Grenada,GRD,2023,0,20000,0,10000,0,0,0,0,0,0,0
Guatemala,GTM,1990,330000,3750000,0,850000,0,0,2760000,10000,10000,0,10000
Guatemala,GTM,1991,330000,3840000,0,870000,0,0,2760000,10000,10000,0,10000
Guatemala,GTM,1992,330000,4110000,0,900000,0,0,2820000,10000,10000,0,10000
Guatemala,GTM,1993,330000,4360000,0,920000,0,0,2770000,10000,10000,0,10000
Guatemala,GTM,1994,330000,4210000,0,940000,0,0,2710000,10000,10000,0,20000
Guatemala,GTM,1995,330000,4220000,0,980000,0,0,2760000,10000,10000,0,20000
Guatemala,GTM,1996,760000,4200000,0,1020000,0,0,2800000,10000,10000,0,20000
Guatemala,GTM,1997,530000,4260000,10000,1050000,0,0,2840000,10000,10000,0,20000
Guatemala,GTM,1998,2130000,4260000,10000,1090000,0,0,2850000,10000,10000,0,30000
Guatemala,GTM,1999,590000,4470000,10000,1130000,10000,0,3360000,10000,10000,0,30000
Guatemala,GTM,2000,1380000,4490000,10000,1160000,10000,0,3360000,10000,10000,0,30000
Guatemala,GTM,2001,20000,4670000,10000,1210000,10000,0,3360000,20000,10000,0,30000
Guatemala,GTM,2002,90000,4840000,10000,1250000,10000,0,4190000,30000,0,0,30000
Guatemala,GTM,2003,1150000,4600000,0,1300000,10000,0,4360000,30000,0,0,30000
Guatemala,GTM,2004,30000,4680000,0,1340000,10000,0,4550000,30000,0,0,30000
Guatemala,GTM,2005,710000,4970000,0,1390000,10000,0,4740000,20000,0,0,30000
Guatemala,GTM,2006,90000,4990000,0,1430000,10000,0,4760000,20000,0,0,30000
Guatemala,GTM,2007,270000,5380000,0,1480000,0,0,4920000,30000,0,0,40000
Guatemala,GTM,2008,110000,5590000,0,1520000,0,0,5120000,20000,0,0,40000
Guatemala,GTM,2009,330000,5930000,0,1560000,0,0,5250000,30000,0,0,40000
Guatemala,GTM,2010,90000,6140000,0,1610000,0,0,5450000,40000,0,0,40000
Guatemala,GTM,2011,70000,6090000,0,1650000,0,0,5610000,40000,0,0,40000
Guatemala,GTM,2012,40000,6200000,0,1690000,0,0,5740000,50000,0,0,40000
Guatemala,GTM,2013,150000,6290000,0,1740000,0,0,5890000,50000,0,0,40000
Guatemala,GTM,2014,10000,6520000,0,1780000,0,0,6020000,50000,0,0,40000
Guatemala,GTM,2015,90000,6680000,0,1820000,0,0,6130000,50000,0,0,50000
Guatemala,GTM,2016,129999,6850000,0,1870000,0,0,6530000,60000,0,0,60000
Guatemala,GTM,2017,110000,6960000,0,1910000,0,0,6930000,50000,0,0,60000
Guatemala,GTM,2018,10000,7060000,0,1960000,0,0,7070000,40000,0,0,60000
Guatemala,GTM,2019,80000,7180000,0,2000000,0,0,7200000,50000,0,0,70000
Guatemala,GTM,2020,190000,7240000,0,2040000,0,0,7420000,50000,0,0,60000
Guatemala,GTM,2021,20000,7310000,0,2079999,0,0,7640000,70000,0,0,80000
Guatemala,GTM,2022,30000,7410000,0,2130000,0,0,7870000,60000,0,0,70000
Guatemala,GTM,2023,60000,7530000,0,2250000,0,0,8100000,80000,0,0,80000
Guinea,GIN,1990,140000,4420000,0,670000,,0,0,0,0,0,0
Guinea,GIN,1991,140000,4600000,0,690000,,0,0,0,0,0,0
Guinea,GIN,1992,140000,4800000,0,830000,,0,0,0,0,0,0
Guinea,GIN,1993,140000,5010000,0,940000,,0,0,0,0,0,0
Guinea,GIN,1994,140000,5250000,0,1030000,,0,0,0,0,0,0
Guinea,GIN,1995,140000,5490000,0,980000,,0,0,0,0,0,0
Guinea,GIN,1996,170000,5230000,0,940000,,0,0,0,0,0,0
Guinea,GIN,1997,280000,5410000,0,890000,,0,0,0,0,0,0
Guinea,GIN,1998,650000,5940000,0,840000,,0,0,0,0,0,0
Guinea,GIN,1999,480000,5820000,0,790000,,0,0,0,0,0,0
Guinea,GIN,2000,290000,6200000,0,740000,,0,0,0,0,0,0
Guinea,GIN,2001,90000,6490000,0,760000,,0,0,0,0,0,0
Guinea,GIN,2002,50000,7150000,0,770000,,0,0,0,0,0,0
Guinea,GIN,2003,129999,7280000,0,790000,,0,0,0,0,0,0
Guinea,GIN,2004,80000,7350000,0,810000,,0,0,0,0,0,0
Guinea,GIN,2005,70000,8170000,0,820000,,0,0,0,0,0,0
Guinea,GIN,2006,120000,8340000,0,840000,,0,0,0,0,0,0
Guinea,GIN,2007,90000,8550000,0,860000,,0,0,0,0,0,0
Guinea,GIN,2008,129999,8890000,0,890000,,0,0,0,0,0,0
Guinea,GIN,2009,110000,9210000,0,910000,,0,0,0,0,0,0
Guinea,GIN,2010,70000,11220000,0,940000,,0,0,0,0,0,0
Guinea,GIN,2011,100000,11930000,0,970000,,0,0,0,0,0,0
Guinea,GIN,2012,150000,12750000,0,990000,,0,0,0,0,0,0
Guinea,GIN,2013,160000,13050000,0,1020000,,0,0,0,0,0,0
Guinea,GIN,2014,120000,13350000,0,1050000,,0,0,0,0,0,0
Guinea,GIN,2015,200000,13480000,0,1080000,,0,0,0,0,0,0
Guinea,GIN,2016,90000,14790000,30000,1110000,,0,0,0,0,0,0
Guinea,GIN,2017,30000,14980000,0,1130000,,0,0,0,0,0,0
Guinea,GIN,2018,30000,15040000,0,1160000,,0,0,0,0,0,0
Guinea,GIN,2019,50000,15450000,0,1190000,,0,0,0,0,0,0
Guinea,GIN,2020,50000,15750000,0,1210000,,0,0,0,0,0,0
Guinea,GIN,2021,40000,16490000,0,1240000,,0,0,0,0,0,0
Guinea,GIN,2022,40000,18160000,0,1270000,,0,0,0,0,0,0
Guinea,GIN,2023,30000,18190000,0,1300000,,0,0,0,0,0,0
Guinea-Bissau,GNB,1990,160000,770000,0,20000,0,0,0,0,,0,0
Guinea-Bissau,GNB,1991,160000,780000,0,20000,0,0,0,0,,0,0
Guinea-Bissau,GNB,1992,160000,800000,0,40000,0,0,0,0,,0,0
Guinea-Bissau,GNB,1993,160000,810000,0,50000,0,0,0,0,,0,0
Guinea-Bissau,GNB,1994,160000,830000,0,60000,0,0,0,0,,0,0
Guinea-Bissau,GNB,1995,160000,850000,0,90000,0,0,0,0,,0,0
Guinea-Bissau,GNB,1996,10000,810000,0,110000,0,0,0,0,,0,0
Guinea-Bissau,GNB,1997,50000,790000,0,140000,0,0,0,0,,0,0
Guinea-Bissau,GNB,1998,250000,790000,0,170000,0,0,0,0,,0,0
Guinea-Bissau,GNB,1999,440000,860000,0,200000,0,0,0,0,,0,0
Guinea-Bissau,GNB,2000,210000,870000,0,220000,0,0,0,0,,0,0
Guinea-Bissau,GNB,2001,160000,1010000,0,250000,0,0,0,0,,0,0
Guinea-Bissau,GNB,2002,210000,1039999,0,280000,0,0,0,0,,0,0
Guinea-Bissau,GNB,2003,190000,1039999,0,300000,0,0,0,0,,0,0
Guinea-Bissau,GNB,2004,160000,1000000,0,330000,0,0,0,0,,0,0
Guinea-Bissau,GNB,2005,120000,990000,0,360000,0,0,0,0,,0,0
Guinea-Bissau,GNB,2006,230000,1090000,0,390000,0,0,0,0,,0,0
Guinea-Bissau,GNB,2007,240000,1090000,0,310000,0,0,0,0,,0,0
Guinea-Bissau,GNB,2008,200000,1039999,0,230000,0,0,0,0,,0,0
Guinea-Bissau,GNB,2009,140000,1120000,0,150000,0,0,0,0,,0,0
Guinea-Bissau,GNB,2010,170000,1170000,0,70000,0,0,0,0,,0,0
Guinea-Bissau,GNB,2011,140000,1150000,0,70000,0,0,0,0,,0,0
Guinea-Bissau,GNB,2012,350000,1250000,0,70000,0,0,0,0,,0,0
Guinea-Bissau,GNB,2013,200000,1240000,0,70000,0,0,0,0,,0,0
Guinea-Bissau,GNB,2014,250000,1190000,0,70000,0,0,0,0,,0,0
Guinea-Bissau,GNB,2015,290000,1270000,0,80000,0,0,0,0,,0,0
Guinea-Bissau,GNB,2016,110000,1250000,0,80000,0,0,0,0,,0,0
Guinea-Bissau,GNB,2017,50000,1250000,0,80000,0,0,0,0,,0,0
Guinea-Bissau,GNB,2018,50000,1300000,0,80000,0,0,0,0,,0,0
Guinea-Bissau,GNB,2019,90000,1310000,0,80000,0,0,0,0,,0,0
Guinea-Bissau,GNB,2020,120000,1310000,0,90000,0,0,0,0,,0,0
Guinea-Bissau,GNB,2021,50000,1270000,0,90000,0,0,0,0,,0,0
Guinea-Bissau,GNB,2022,50000,1290000,0,90000,0,0,0,0,,0,0
Guinea-Bissau,GNB,2023,30000,1260000,0,90000,0,0,0,0,,0,0
Guyana,GUY,1990,20000,710000,0,80000,0,0,220000,0,10000,0,0
Guyana,GUY,1991,20000,930000,0,80000,0,0,60000,0,0,0,0
Guyana,GUY,1992,20000,1000000,0,90000,0,0,60000,0,0,0,0
Guyana,GUY,1993,20000,1130000,0,100000,0,0,60000,0,0,0,0
Guyana,GUY,1994,20000,1110000,0,110000,0,0,60000,0,10000,0,0
Guyana,GUY,1995,20000,1330000,0,110000,0,0,60000,0,10000,0,0
Guyana,GUY,1996,40000,1330000,0,120000,0,0,60000,0,10000,0,0
Guyana,GUY,1997,50000,1370000,0,120000,0,0,60000,0,10000,0,0
Guyana,GUY,1998,220000,1260000,0,120000,0,0,50000,0,10000,0,0
Guyana,GUY,1999,20000,1370000,0,129999,0,0,50000,0,10000,0,0
Guyana,GUY,2000,20000,1120000,0,129999,0,0,50000,0,10000,0,0
Guyana,GUY,2001,10000,1180000,0,140000,0,0,50000,0,10000,0,0
Guyana,GUY,2002,10000,1050000,0,140000,0,0,50000,0,10000,0,0
Guyana,GUY,2003,50000,1250000,0,140000,0,0,50000,0,10000,0,0
Guyana,GUY,2004,0,1130000,0,140000,0,0,50000,0,10000,0,0
Guyana,GUY,2005,10000,1050000,0,140000,0,0,50000,0,10000,0,0
Guyana,GUY,2006,0,1010000,0,140000,0,0,50000,0,10000,0,0
Guyana,GUY,2007,0,1050000,0,140000,0,0,40000,0,10000,0,0
Guyana,GUY,2008,0,1140000,0,140000,0,0,40000,0,10000,0,0
Guyana,GUY,2009,0,1190000,0,140000,0,0,40000,0,10000,0,0
Guyana,GUY,2010,30000,1240000,0,140000,0,0,40000,0,10000,0,0
Guyana,GUY,2011,0,1310000,0,140000,0,0,40000,0,10000,0,0
Guyana,GUY,2012,0,1340000,0,140000,0,0,30000,0,10000,0,10000
Guyana,GUY,2013,10000,1500000,0,140000,0,0,30000,0,0,0,10000
Guyana,GUY,2014,10000,1660000,0,140000,0,0,30000,0,0,0,10000
Guyana,GUY,2015,20000,1720000,0,140000,0,0,30000,0,0,0,10000
Guyana,GUY,2016,20000,1390000,0,140000,0,0,30000,0,0,0,10000
Guyana,GUY,2017,0,1560000,0,150000,0,0,20000,0,0,0,10000
Guyana,GUY,2018,0,1500000,0,150000,0,0,30000,0,0,0,10000
Guyana,GUY,2019,30000,1590000,10000,150000,0,0,30000,0,0,0,10000
Guyana,GUY,2020,20000,1650000,410000,150000,0,0,20000,0,0,0,10000
Guyana,GUY,2021,0,1410000,610000,160000,0,0,20000,0,0,0,10000
Guyana,GUY,2022,0,1400000,1430000,160000,0,0,20000,0,0,0,10000
Guyana,GUY,2023,10000,1500000,1820000,170000,0,0,20000,0,0,0,10000
Haiti,HTI,1990,0,2410000,0,610000,0,0,1080000,0,0,0,0
Haiti,HTI,1991,0,2570000,0,630000,0,0,1100000,0,0,0,0
Haiti,HTI,1992,0,2970000,0,640000,0,0,1120000,0,0,0,0
Haiti,HTI,1993,0,2810000,0,650000,0,0,1140000,0,0,0,0
Haiti,HTI,1994,0,2780000,0,820000,0,0,1170000,0,0,0,0
Haiti,HTI,1995,0,2800000,0,830000,0,0,1190000,0,0,0,0
Haiti,HTI,1996,0,2820000,0,870000,0,0,1210000,0,0,0,0
Haiti,HTI,1997,0,2970000,0,870000,0,0,1230000,0,0,0,0
Haiti,HTI,1998,0,2990000,0,890000,0,0,1260000,0,0,0,0
Haiti,HTI,1999,0,3030000,0,920000,0,0,1280000,0,0,0,0
Haiti,HTI,2000,0,3270000,0,940000,0,0,1300000,0,0,0,0
Haiti,HTI,2001,0,3290000,0,770000,0,0,1320000,0,0,0,0
Haiti,HTI,2002,0,3310000,0,780000,0,0,1340000,0,0,0,0
Haiti,HTI,2003,0,3320000,0,800000,0,0,1360000,0,0,0,0
Haiti,HTI,2004,0,3300000,0,810000,0,0,1400000,0,0,0,0
Haiti,HTI,2005,0,3320000,0,830000,0,0,1440000,0,0,0,0
Haiti,HTI,2006,0,3300000,0,840000,0,0,1480000,0,0,0,0
Haiti,HTI,2007,0,3330000,0,860000,0,0,1520000,0,0,0,0
Haiti,HTI,2008,0,3320000,0,880000,0,0,1560000,0,0,0,0
Haiti,HTI,2009,0,3340000,0,890000,0,0,1600000,0,0,0,0
Haiti,HTI,2010,0,3350000,0,900000,0,0,1650000,0,0,0,10000
Haiti,HTI,2011,0,3360000,0,920000,0,0,1690000,0,0,0,10000
Haiti,HTI,2012,0,3360000,0,930000,0,0,1740000,0,0,0,10000
Haiti,HTI,2013,0,3370000,0,950000,0,0,1740000,0,0,0,10000
Haiti,HTI,2014,0,3380000,0,960000,0,0,1710000,0,0,0,10000
Haiti,HTI,2015,0,3390000,0,980000,0,0,1780000,0,0,0,10000
Haiti,HTI,2016,0,3500000,0,1000000,0,0,1800000,0,0,0,10000
Haiti,HTI,2017,0,3460000,0,1010000,0,0,1820000,0,0,0,10000
Haiti,HTI,2018,0,3690000,0,1030000,0,0,1850000,0,0,0,10000
Haiti,HTI,2019,0,3450000,0,1039999,0,0,1880000,0,0,0,10000
Haiti,HTI,2020,0,3470000,0,1060000,0,0,1810000,0,0,0,10000
Haiti,HTI,2021,0,3480000,0,1070000,0,0,1830000,0,0,0,10000
Haiti,HTI,2022,0,3490000,0,1090000,0,0,1850000,0,0,0,10000
Haiti,HTI,2023,0,3500000,0,1100000,0,0,1820000,0,0,0,10000
High-income countries,OWID_HIC,1990,9310000,1013990016,928409984,618699968,5490000,5920000,38060000,4710000,3650000,790000,22390000
High-income countries,OWID_HIC,1991,9310000,996800000,903880000,627830016,5750000,5690000,37270000,4720000,3470000,820000,22280000
High-income countries,OWID_HIC,1992,9290000,970710016,886869952,633480000,5250000,5600000,34290000,4920000,3400000,870000,22890000
High-income countries,OWID_HIC,1993,9290000,949849984,882019968,636019968,3230000,5640000,40230000,4820000,3250000,850000,22960000
High-income countries,OWID_HIC,1994,9290000,943380032,891020032,637529984,2530000,5910000,36670000,4900000,3360000,860000,23450000
High-income countries,OWID_HIC,1995,9290000,921830016,893830016,635729984,2610000,5880000,35760000,4850000,3430000,880000,23790000
High-income countries,OWID_HIC,1996,24970000,903840000,893849984,630609984,2380000,5670000,36770000,4990000,3440000,920000,24200000
High-income countries,OWID_HIC,1997,15940000,886830016,895480000,618939968,2280000,5900000,34570000,5150000,3510000,960000,24480000
High-income countries,OWID_HIC,1998,26950000,874609984,894560000,604340032,2020000,5710000,32870000,5210000,3430000,970000,25010000
High-income countries,OWID_HIC,1999,20070000,876950016,882710016,593729984,2190000,5940000,32590000,4510000,4140000,990000,25530000
High-income countries,OWID_HIC,2000,14490000,878000000,905169984,588019968,2150000,6220000,31200000,4490000,4290000,1050000,25570000
High-income countries,OWID_HIC,2001,3750000,877870016,920489984,582259968,2130000,6010000,30970000,4590000,3980000,960000,25790000
High-income countries,OWID_HIC,2002,6680000,867449984,916990016,580150016,2160000,6120000,29460000,4680000,3900000,1010000,26260000
High-income countries,OWID_HIC,2003,10270000,821360000,966240000,578689984,2160000,6250000,31500000,4780000,4020000,1020000,26350000
High-income countries,OWID_HIC,2004,5450000,835910016,975849984,567660032,2210000,6480000,31050000,4900000,4190000,1130000,26720000
High-income countries,OWID_HIC,2005,3570000,808969984,1009440000,560940032,2170000,6180000,31680000,5060000,4170000,1180000,26670000
High-income countries,OWID_HIC,2006,7650000,824209984,1009430016,554710016,2170000,6120000,31610000,5030000,4390000,1270000,26790000
High-income countries,OWID_HIC,2007,4440000,818270016,1026160000,547680000,2180000,6250000,32260000,5140000,4350000,1320000,26930000
High-income countries,OWID_HIC,2008,7220000,800340032,1021470016,539929984,2110000,5820000,34330000,5160000,4180000,1310000,26420000
High-income countries,OWID_HIC,2009,5410000,794880000,1000390016,532249984,2080000,5120000,33820000,5020000,3850000,1190000,26130000
High-income countries,OWID_HIC,2010,5170000,777680000,1032280000,526720000,2490000,5570000,36490000,5410000,4070000,1300000,26670000
High-income countries,OWID_HIC,2011,6000000,820670016,1079740032,513840000,2400000,5470000,33740000,5500000,4120000,1320000,25950000
High-income countries,OWID_HIC,2012,8470000,818489984,1081900032,515090016,2290000,5400000,34990000,5840000,4150000,1230000,25790000
High-income countries,OWID_HIC,2013,4930000,770720000,1106390016,507410016,2360000,5460000,36470000,5840000,4230000,1230000,26100000
High-income countries,OWID_HIC,2014,8320000,784809984,1146310016,507000000,2260000,5740000,33560000,5790000,4270000,1310000,26230000
High-income countries,OWID_HIC,2015,6170000,777670016,1158409984,507960000,2210000,5660000,33290000,5840000,4350000,1330000,26710000
High-income countries,OWID_HIC,2016,6330000,764990016,1147609984,504550016,2260000,5760000,32340000,5870000,4340000,1410000,27060000
High-income countries,OWID_HIC,2017,6130000,786929984,1169830016,511070016,2250000,5920000,32150000,5920000,4400000,1480000,27070000
High-income countries,OWID_HIC,2018,7870000,783790016,1250060032,516629984,2320000,5830000,33950000,5940000,4570000,1460000,27290000
High-income countries,OWID_HIC,2019,15480000,762260032,1296269952,519340000,2250000,5940000,33750000,5940000,4620000,1420000,27250000
High-income countries,OWID_HIC,2020,10780000,750880000,1199289984,514300000,2150000,6110000,32350000,5770000,4450000,1260000,23920000
High-income countries,OWID_HIC,2021,5850000,754689984,1199890048,512129984,2210000,6140000,33900000,6110000,4560000,1290000,25810000
High-income countries,OWID_HIC,2022,3990000,744689984,1221430016,511310016,2230000,5710000,33140000,6010000,4510000,1350000,26410000
High-income countries,OWID_HIC,2023,11380000,787699968,1220179968,518220000,2290000,5710000,31860000,5750000,4510000,1360000,26890000
Honduras,HND,1990,270000,4320000,0,2890000,0,0,1280000,0,10000,0,10000
Honduras,HND,1991,270000,4280000,0,2970000,0,0,1280000,0,10000,0,10000
Honduras,HND,1992,270000,4220000,0,3150000,0,0,1280000,0,10000,0,10000
Honduras,HND,1993,270000,3750000,0,3310000,0,0,1280000,0,10000,0,10000
Honduras,HND,1994,270000,4080000,0,3450000,0,0,1290000,0,10000,0,10000
Honduras,HND,1995,270000,3790000,0,3580000,0,0,1290000,0,10000,0,10000
Honduras,HND,1996,270000,3780000,0,3250000,0,0,1290000,0,10000,0,10000
Honduras,HND,1997,590000,3660000,0,2920000,0,0,1480000,0,10000,0,10000
Honduras,HND,1998,840000,3480000,0,2600000,0,0,1490000,0,10000,0,10000
Honduras,HND,1999,460000,3090000,0,2270000,0,0,1039999,0,10000,0,10000
Honduras,HND,2000,590000,3210000,0,1940000,0,0,1180000,0,10000,0,10000
Honduras,HND,2001,20000,3340000,0,1730000,0,0,1150000,0,10000,0,10000
Honduras,HND,2002,50000,3740000,0,1520000,0,0,1180000,0,10000,0,10000
Honduras,HND,2003,740000,4460000,0,1320000,0,0,1240000,0,10000,0,10000
Honduras,HND,2004,10000,4370000,0,1110000,0,0,1300000,10000,10000,0,10000
Honduras,HND,2005,540000,4600000,0,900000,0,0,1370000,0,10000,0,10000
Honduras,HND,2006,110000,4440000,0,940000,0,0,1440000,10000,20000,0,10000
Honduras,HND,2007,120000,4490000,0,980000,0,0,1510000,10000,20000,0,20000
Honduras,HND,2008,129999,4570000,0,1020000,0,0,1580000,10000,10000,0,20000
Honduras,HND,2009,200000,4800000,0,1050000,0,0,1660000,10000,10000,0,20000
Honduras,HND,2010,140000,4820000,0,1090000,0,0,1750000,10000,10000,0,20000
Honduras,HND,2011,350000,4870000,0,1130000,0,0,1830000,10000,10000,0,20000
Honduras,HND,2012,30000,4860000,0,1170000,0,0,1870000,10000,10000,0,20000
Honduras,HND,2013,210000,4960000,0,1210000,0,0,1900000,10000,10000,0,20000
Honduras,HND,2014,280000,4990000,0,1240000,0,0,1940000,10000,10000,0,20000
Honduras,HND,2015,160000,4950000,0,1280000,0,0,2069999,10000,10000,0,30000
Honduras,HND,2016,230000,5000000,0,1300000,0,0,1970000,20000,10000,0,20000
Honduras,HND,2017,80000,4980000,0,1320000,0,0,1350000,20000,10000,0,20000
Honduras,HND,2018,160000,5080000,0,1350000,0,0,1490000,20000,10000,0,30000
Honduras,HND,2019,140000,5090000,0,1370000,0,0,1470000,20000,10000,0,30000
Honduras,HND,2020,580000,5280000,0,1390000,0,0,1500000,20000,10000,0,20000
Honduras,HND,2021,50000,5120000,0,1410000,0,0,1450000,20000,10000,0,30000
Honduras,HND,2022,40000,5150000,0,1430000,0,0,1400000,20000,10000,0,30000
Honduras,HND,2023,360000,5290000,0,1450000,0,0,1350000,20000,10000,0,40000
Hungary,HUN,1990,0,5600000,3320000,3850000,20000,60000,830000,10000,10000,0,70000
Hungary,HUN,1991,0,5460000,3380000,3940000,20000,60000,820000,10000,10000,0,60000
Hungary,HUN,1992,0,4810000,3190000,3980000,20000,60000,519999,10000,10000,0,60000
Hungary,HUN,1993,0,4170000,3330000,4040000,30000,60000,519999,20000,10000,0,60000
Hungary,HUN,1994,0,3680000,3540000,4090000,30000,60000,480000,20000,10000,0,60000
Hungary,HUN,1995,0,3310000,3490000,4139999,30000,60000,450000,20000,10000,0,60000
Hungary,HUN,1996,0,3430000,3530000,4150000,30000,60000,420000,20000,10000,0,50000
Hungary,HUN,1997,0,3380000,3510000,4200000,30000,60000,370000,20000,10000,0,50000
Hungary,HUN,1998,0,3260000,3450000,4250000,20000,70000,320000,20000,10000,0,60000
Hungary,HUN,1999,0,3350000,3350000,4310000,20000,60000,320000,20000,10000,0,60000
Hungary,HUN,2000,0,3310000,3250000,4380000,20000,80000,310000,10000,10000,0,50000
Hungary,HUN,2001,0,3160000,3090000,4390000,20000,70000,330000,10000,10000,0,60000
Hungary,HUN,2002,0,3120000,3040000,4460000,20000,70000,340000,10000,10000,0,60000
Hungary,HUN,2003,0,3140000,2930000,4490000,20000,70000,350000,10000,10000,0,60000
Hungary,HUN,2004,0,3090000,2700000,4470000,10000,80000,310000,20000,10000,0,60000
Hungary,HUN,2005,0,2960000,2490000,4410000,10000,110000,470000,30000,10000,0,70000
Hungary,HUN,2006,10000,2900000,2370000,4350000,10000,110000,490000,20000,10000,0,70000
Hungary,HUN,2007,0,2840000,2190000,4330000,10000,120000,470000,30000,10000,0,70000
Hungary,HUN,2008,0,2800000,2130000,4280000,10000,120000,420000,30000,10000,0,70000
Hungary,HUN,2009,0,2740000,2000000,4300000,10000,110000,570000,30000,10000,0,70000
Hungary,HUN,2010,0,2690000,2010000,4260000,10000,110000,650000,30000,10000,0,60000
Hungary,HUN,2011,0,2650000,1960000,4100000,10000,110000,740000,30000,10000,0,60000
Hungary,HUN,2012,0,2570000,1920000,4159999,10000,100000,790000,20000,10000,0,60000
Hungary,HUN,2013,0,2700000,1910000,3930000,10000,100000,800000,30000,10000,0,60000
Hungary,HUN,2014,0,2730000,1880000,3800000,10000,100000,650000,30000,10000,0,60000
Hungary,HUN,2015,0,2770000,1860000,3720000,10000,110000,690000,30000,10000,0,60000
Hungary,HUN,2016,0,2790000,1850000,3580000,10000,100000,680000,30000,10000,0,60000
Hungary,HUN,2017,0,2790000,1890000,3580000,10000,110000,660000,30000,10000,0,70000
Hungary,HUN,2018,0,2830000,1900000,3560000,10000,120000,540000,30000,20000,0,70000
Hungary,HUN,2019,0,2840000,1880000,3530000,10000,110000,500000,30000,20000,0,70000
Hungary,HUN,2020,0,2880000,1860000,3510000,10000,110000,500000,30000,20000,0,70000
Hungary,HUN,2021,0,2850000,1820000,3480000,10000,110000,510000,30000,20000,0,70000
Hungary,HUN,2022,0,2790000,1630000,3440000,10000,110000,500000,30000,20000,0,80000
Hungary,HUN,2023,0,2720000,1630000,3520000,10000,110000,470000,20000,20000,0,70000
Iceland,ISL,1990,0,370000,10000,220000,0,0,0,0,0,0,10000
Iceland,ISL,1991,0,370000,10000,230000,0,0,0,0,0,0,10000
Iceland,ISL,1992,0,360000,10000,250000,0,0,0,0,0,0,10000
Iceland,ISL,1993,0,360000,10000,259999,0,0,0,0,0,0,10000
Iceland,ISL,1994,0,360000,10000,270000,0,0,0,0,0,0,10000
Iceland,ISL,1995,0,350000,10000,290000,0,0,0,0,0,0,10000
Iceland,ISL,1996,0,360000,10000,300000,0,0,0,0,0,0,10000
Iceland,ISL,1997,0,360000,10000,310000,0,0,0,0,0,0,10000
Iceland,ISL,1998,0,360000,0,300000,0,0,0,0,0,0,10000
Iceland,ISL,1999,0,360000,0,310000,0,0,0,0,0,0,10000
Iceland,ISL,2000,0,340000,0,320000,0,10000,0,0,0,0,10000
Iceland,ISL,2001,0,340000,0,330000,0,10000,0,0,0,0,10000
Iceland,ISL,2002,0,330000,0,350000,0,10000,0,0,0,0,10000
Iceland,ISL,2003,0,320000,0,340000,0,10000,0,0,0,0,10000
Iceland,ISL,2004,0,320000,0,340000,0,10000,0,0,0,0,10000
Iceland,ISL,2005,0,320000,0,330000,0,10000,0,0,0,0,10000
Iceland,ISL,2006,0,330000,0,360000,0,10000,0,0,0,0,10000
Iceland,ISL,2007,0,340000,0,360000,0,10000,0,0,0,0,10000
Iceland,ISL,2008,0,340000,0,340000,0,10000,0,0,0,0,10000
Iceland,ISL,2009,0,350000,0,320000,0,10000,0,0,0,0,10000
Iceland,ISL,2010,0,350000,10000,320000,0,10000,0,0,0,0,10000
Iceland,ISL,2011,0,340000,0,300000,0,10000,0,0,0,0,10000
Iceland,ISL,2012,0,340000,0,280000,0,10000,0,0,0,0,10000
Iceland,ISL,2013,0,330000,0,290000,0,10000,0,0,0,0,10000
Iceland,ISL,2014,0,350000,10000,270000,0,10000,0,0,0,0,10000
Iceland,ISL,2015,0,350000,10000,270000,0,10000,0,0,0,0,10000
Iceland,ISL,2016,0,350000,0,259999,0,10000,0,0,0,0,10000
Iceland,ISL,2017,0,350000,0,250000,0,10000,0,0,0,0,10000
Iceland,ISL,2018,0,340000,0,259999,0,10000,0,0,0,0,10000
Iceland,ISL,2019,0,340000,0,220000,0,10000,0,0,0,0,10000
Iceland,ISL,2020,0,330000,0,250000,0,10000,0,0,0,0,0
Iceland,ISL,2021,0,320000,0,250000,0,10000,0,0,0,0,0
Iceland,ISL,2022,0,310000,0,259999,0,10000,0,0,0,0,0
Iceland,ISL,2023,0,310000,0,259999,0,10000,0,0,0,0,0
India,IND,1990,2510000,486010016,53100000,15290000,350000,0,91430000,90000,810000,0,200000
India,IND,1991,2510000,490060000,54130000,15520000,420000,0,91830000,90000,870000,0,210000
India,IND,1992,2510000,492980000,46460000,19930000,400000,0,92380000,100000,890000,0,210000
India,IND,1993,2510000,496929984,44750000,24110000,350000,0,93020000,110000,920000,0,220000
India,IND,1994,2510000,499929984,45870000,28080000,400000,0,93660000,120000,1010000,0,240000
India,IND,1995,2510000,501890016,50530000,34170000,410000,0,94300000,129999,990000,10000,259999
India,IND,1996,1390000,505709984,50420000,40260000,440000,0,94920000,140000,1060000,10000,280000
India,IND,1997,1200000,506690016,53620000,46340000,490000,0,95600000,150000,1130000,10000,290000
India,IND,1998,1220000,511149984,52430000,52430000,250000,0,96220000,150000,1150000,10000,310000
India,IND,1999,2520000,512669984,53600000,58520000,320000,0,96860000,170000,1160000,10000,330000
India,IND,2000,1440000,511220000,54150000,64600000,290000,0,97480000,180000,1190000,10000,360000
India,IND,2001,510000,513400032,54550000,65010004,290000,0,97960000,190000,1370000,10000,380000
India,IND,2002,340000,503290016,56600000,65420000,330000,0,98490000,200000,1410000,10000,420000
India,IND,2003,1740000,509350016,58420000,65830000,350000,0,98360000,220000,1460000,10000,450000
India,IND,2004,2810000,514150016,60460000,66239996,380000,0,99290000,259999,1550000,10000,490000
India,IND,2005,1700000,526440000,61450000,66640000,380000,0,100200000,270000,1640000,10000,519999
India,IND,2006,1890000,533659968,63820000,67050004,300000,0,101150000,320000,1740000,10000,560000
India,IND,2007,3030000,544160000,66300004,67460000,200000,0,102130000,370000,1870000,10000,640000
India,IND,2008,1770000,549210048,68690000,67870000,1020000,0,103100000,370000,1960000,10000,700000
India,IND,2009,5710000,538820032,78070000,68280000,530000,0,104080000,420000,2060000,10000,810000
India,IND,2010,4710000,542219968,82080000,68690000,480000,0,105070000,480000,2310000,10000,900000
India,IND,2011,2330000,546070016,83920000,70400000,210000,0,106180000,519999,2440000,10000,990000
India,IND,2012,5540000,542499968,84020000,72110000,340000,0,107300000,570000,2440000,10000,1010000
India,IND,2013,3290000,547609984,82380000,73820000,280000,0,111710000,590000,2500000,10000,1070000
India,IND,2014,2690000,548340032,84330000,75540000,330000,0,111430000,680000,2670000,10000,1160000
India,IND,2015,1960000,549349952,87120000,77250000,320000,0,111450000,670000,2800000,10000,1360000
India,IND,2016,2610000,553889984,87750000,78960000,330000,0,111500000,820000,2860000,10000,1530000
India,IND,2017,4100000,556129984,84320000,77870000,340000,0,111540000,990000,3050000,20000,1720000
India,IND,2018,3400000,560219968,84900000,76770000,360000,0,111490000,960000,3230000,20000,1840000
India,IND,2019,2030000,561190016,79920000,75660000,340000,0,111450000,940000,3200000,20000,1980000
India,IND,2020,1039999,571710016,74640000,76610000,320000,0,111250000,1020000,3280000,10000,1800000
India,IND,2021,5950000,577500032,80860000,77460000,360000,0,111000000,1100000,3590000,10000,2089999
India,IND,2022,2460000,584260032,84760000,78240000,400000,0,110580000,1410000,3800000,20000,2290000
India,IND,2023,1690000,588169984,92520000,79350000,420000,0,110090000,1240000,4080000,20000,2450000
Indonesia,IDN,1990,63340000,87430000,43430000,155470000,10000,0,12550000,30000,290000,0,200000
Indonesia,IDN,1991,63340000,86610000,49210000,158370000,10000,0,12510000,40000,300000,0,210000
Indonesia,IDN,1992,63340000,92600000,49780000,165940000,20000,0,12470000,40000,310000,0,230000
Indonesia,IDN,1993,63340000,91070000,50910000,172180000,20000,0,12450000,40000,320000,0,240000
Indonesia,IDN,1994,63340000,90600000,53540000,177560000,20000,0,12340000,40000,340000,0,259999
Indonesia,IDN,1995,63340000,95070000,53290000,182360000,20000,0,12270000,50000,350000,0,290000
Indonesia,IDN,1996,19860000,96300000,55740000,186820000,20000,0,12200000,40000,350000,0,320000
Indonesia,IDN,1997,293580000,94040000,57570000,191020000,20000,0,12070000,50000,360000,0,360000
Indonesia,IDN,1998,79870000,96190000,55590000,195030000,20000,0,11890000,60000,360000,0,360000
Indonesia,IDN,1999,30290000,96160000,55630000,198820000,30000,0,11810000,50000,390000,0,360000
Indonesia,IDN,2000,9160000,94420000,53420000,202470000,40000,0,11790000,50000,390000,0,380000
Indonesia,IDN,2001,9810000,92760000,53610000,195200000,40000,0,11730000,50000,380000,0,400000
Indonesia,IDN,2002,138190000,94090000,52340000,187920000,40000,0,11690000,60000,360000,0,420000
Indonesia,IDN,2003,42680000,92520000,52560000,180650000,40000,0,11680000,70000,390000,0,440000
Indonesia,IDN,2004,133080000,95530000,52270000,173370000,40000,0,11570000,70000,370000,0,480000
Indonesia,IDN,2005,59710000,94510000,54440000,166100000,40000,0,11480000,70000,360000,0,500000
Indonesia,IDN,2006,164410000,95330000,59690000,158820000,30000,0,11270000,70000,420000,0,490000
Indonesia,IDN,2007,11760000,95480000,58660000,151550000,30000,0,11070000,80000,450000,0,530000
Indonesia,IDN,2008,8240000,96330000,59420000,144270000,30000,0,10790000,80000,380000,0,570000
Indonesia,IDN,2009,108640000,98060000,64720000,137000000,30000,0,9950000,80000,400000,0,630000
Indonesia,IDN,2010,6520000,99250000,68540000,129720000,30000,0,9920000,80000,340000,0,680000
Indonesia,IDN,2011,53360000,99590000,76850000,122450000,30000,0,9460000,100000,350000,0,770000
Indonesia,IDN,2012,56810000,101530000,79670000,115170000,40000,0,8670000,90000,350000,0,880000
Indonesia,IDN,2013,49330000,96850000,80570000,120390000,40000,0,7810000,90000,360000,0,950000
Indonesia,IDN,2014,136450000,99710000,78920000,125610000,40000,0,7290000,90000,360000,0,970000
Indonesia,IDN,2015,147180000,100520000,73920000,127330000,30000,0,6080000,100000,370000,0,950000
Indonesia,IDN,2016,15450000,95860000,75140000,129000000,20000,0,5450000,100000,360000,0,1020000
Indonesia,IDN,2017,5980000,99280000,75850000,130630008,20000,0,4470000,110000,380000,0,1039999
Indonesia,IDN,2018,53570000,101780000,79410000,132229992,20000,0,4260000,290000,400000,0,1110000
Indonesia,IDN,2019,114540000,99090000,82520000,133789992,10000,0,3710000,280000,410000,0,1190000
Indonesia,IDN,2020,9950000,98830000,76970000,135270000,10000,0,3340000,280000,450000,0,1090000
Indonesia,IDN,2021,3840000,97510000,75450000,136570000,10000,0,3200000,330000,460000,0,1160000
Indonesia,IDN,2022,1390000,98950000,83220000,137800000,10000,0,2830000,420000,490000,0,1270000
Indonesia,IDN,2023,67340000,97960000,90640000,140790000,10000,0,2520000,460000,519999,0,1320000
Iran,IRN,1990,0,23960000,85270000,770000,50000,0,250000,40000,40000,0,250000
Iran,IRN,1991,0,23370000,91490000,800000,50000,0,270000,40000,40000,0,270000
Iran,IRN,1992,0,25160000,93860000,820000,60000,0,320000,40000,40000,0,290000
Iran,IRN,1993,0,25350000,99270000,830000,50000,0,340000,40000,40000,0,320000
Iran,IRN,1994,0,25610000,99280000,9150000,50000,0,400000,50000,40000,0,350000
Iran,IRN,1995,0,26010000,98530000,11790000,50000,0,400000,50000,40000,10000,350000
Iran,IRN,1996,40000,26720000,100390000,14430000,50000,0,420000,50000,30000,10000,370000
Iran,IRN,1997,10000,26760000,99720000,17070000,50000,0,400000,50000,40000,10000,380000
Iran,IRN,1998,10000,27490000,94920000,19710000,50000,0,370000,50000,40000,10000,420000
Iran,IRN,1999,30000,26950000,92730000,22350000,50000,0,360000,60000,40000,10000,450000
Iran,IRN,2000,10000,26080000,100150000,24990000,50000,0,360000,60000,40000,10000,490000
Iran,IRN,2001,0,25800000,97520000,11270000,60000,0,360000,70000,40000,10000,530000
Iran,IRN,2002,0,25310000,93390000,11390000,40000,0,360000,70000,40000,10000,580000
Iran,IRN,2003,0,25480000,109550000,11510000,40000,0,350000,70000,40000,10000,640000
Iran,IRN,2004,0,25790000,113950000,11710000,40000,0,370000,80000,40000,10000,690000
Iran,IRN,2005,0,26170000,118210000,11810000,50000,0,720000,90000,50000,10000,770000
Iran,IRN,2006,0,26310000,122380000,11950000,60000,0,750000,90000,50000,10000,850000
Iran,IRN,2007,0,26370000,122490000,11950000,60000,0,800000,100000,60000,10000,840000
Iran,IRN,2008,0,23500000,122100000,12000000,50000,0,780000,100000,60000,10000,920000
Iran,IRN,2009,0,23900000,121670000,12070000,50000,0,790000,110000,60000,20000,1070000
Iran,IRN,2010,40000,24190000,124660000,12120000,50000,0,770000,110000,60000,20000,1190000
Iran,IRN,2011,0,23280000,126270000,12130000,40000,0,690000,129999,50000,20000,1220000
Iran,IRN,2012,0,23530000,114750000,12200000,40000,0,660000,129999,50000,20000,1320000
Iran,IRN,2013,0,23390000,110080000,12270000,40000,0,680000,150000,50000,20000,1340000
Iran,IRN,2014,0,17930000,117510000,12480000,40000,0,680000,129999,60000,30000,1410000
Iran,IRN,2015,0,19020000,120330000,12610000,40000,0,680000,120000,50000,40000,1450000
Iran,IRN,2016,0,20090000,147620000,12660000,40000,0,700000,110000,50000,20000,1490000
Iran,IRN,2017,0,19180000,159120000,12700000,40000,0,680000,120000,60000,10000,1550000
Iran,IRN,2018,0,19750000,155050000,12720000,40000,0,670000,120000,60000,10000,1540000
Iran,IRN,2019,0,21810000,132670000,12730000,40000,0,730000,129999,60000,10000,1620000
Iran,IRN,2020,0,22640000,125360000,12700000,50000,0,750000,140000,70000,10000,1530000
Iran,IRN,2021,10000,23100000,140210000,12650000,60000,0,750000,150000,80000,10000,1700000
Iran,IRN,2022,10000,24140000,141320000,12600000,60000,0,760000,160000,80000,10000,1860000
Iran,IRN,2023,0,23100000,158910000,12680000,70000,0,790000,160000,80000,10000,1770000
Iraq,IRQ,1990,10000,4410000,22190000,2460000,0,0,20000,20000,10000,0,140000
Iraq,IRQ,1991,10000,3170000,2540000,2470000,0,0,10000,10000,10000,0,110000
Iraq,IRQ,1992,10000,3680000,3710000,3210000,0,0,20000,30000,10000,0,140000
Iraq,IRQ,1993,10000,4350000,6630000,3950000,0,0,20000,50000,10000,0,150000
Iraq,IRQ,1994,10000,4470000,9600000,4690000,0,0,20000,60000,10000,0,150000
Iraq,IRQ,1995,10000,4230000,10030000,5390000,0,0,20000,60000,10000,0,150000
Iraq,IRQ,1996,0,3420000,10050000,6070000,0,0,20000,60000,10000,0,140000
Iraq,IRQ,1997,0,3810000,17440000,6740000,0,0,20000,80000,10000,0,140000
Iraq,IRQ,1998,0,4000000,25240000,7390000,0,0,20000,40000,10000,0,150000
Iraq,IRQ,1999,10000,3890000,29980000,8040000,0,0,20000,20000,10000,0,150000
Iraq,IRQ,2000,20000,3820000,31430000,8680000,0,0,20000,30000,10000,0,160000
Iraq,IRQ,2001,0,3750000,30070000,9320000,0,0,20000,40000,10000,0,180000
Iraq,IRQ,2002,0,3710000,25910000,9950000,0,0,20000,30000,10000,0,180000
Iraq,IRQ,2003,0,3030000,21420000,10570000,0,0,20000,40000,10000,0,140000
Iraq,IRQ,2004,0,3340000,28040000,11180000,0,0,20000,40000,10000,0,160000
Iraq,IRQ,2005,0,3840000,25990000,11790000,0,0,30000,30000,10000,0,170000
Iraq,IRQ,2006,0,3980000,27050000,12300000,0,0,30000,20000,10000,0,180000
Iraq,IRQ,2007,0,4170000,27450000,12740000,0,0,30000,20000,10000,0,140000
Iraq,IRQ,2008,0,4250000,30140000,13310000,0,0,40000,30000,10000,0,170000
Iraq,IRQ,2009,0,5000000,32490002,13840000,0,0,30000,30000,10000,0,170000
Iraq,IRQ,2010,0,5060000,33820000,14450000,0,0,30000,40000,10000,0,200000
Iraq,IRQ,2011,0,5330000,36820000,14970000,0,0,40000,40000,10000,0,220000
Iraq,IRQ,2012,0,5480000,44690000,15500000,0,0,40000,40000,10000,0,240000
Iraq,IRQ,2013,0,5160000,46710000,16150000,0,0,40000,60000,10000,0,230000
Iraq,IRQ,2014,0,5180000,49630000,16860000,0,0,30000,60000,10000,0,190000
Iraq,IRQ,2015,0,3790000,55750000,17410000,0,0,20000,60000,10000,0,180000
Iraq,IRQ,2016,0,3960000,61460000,18000000,0,0,20000,70000,10000,0,180000
Iraq,IRQ,2017,0,4139999,62580000,18780000,0,0,30000,70000,10000,0,210000
Iraq,IRQ,2018,0,3820000,63210000,19430000,0,0,30000,70000,10000,0,240000
Iraq,IRQ,2019,0,5240000,66250000,20080000,0,0,40000,80000,10000,0,250000
Iraq,IRQ,2020,0,4910000,58490000,20730000,0,0,40000,70000,10000,0,200000
Iraq,IRQ,2021,0,4830000,60060000,21350000,0,0,40000,80000,10000,0,270000
Iraq,IRQ,2022,0,4150000,63690000,21970000,0,0,40000,100000,10000,0,310000
Iraq,IRQ,2023,0,4270000,60920000,22740000,0,0,40000,100000,10000,0,320000
Ireland,IRL,1990,0,14960000,120000,1540000,0,0,530000,0,10000,0,40000
Ireland,IRL,1991,0,15220000,110000,1640000,0,0,490000,10000,10000,0,40000
Ireland,IRL,1992,0,15280000,100000,1710000,0,0,420000,10000,10000,0,40000
Ireland,IRL,1993,0,15400000,110000,1760000,0,0,400000,10000,10000,0,40000
Ireland,IRL,1994,0,15430000,110000,1810000,0,0,360000,10000,10000,0,40000
Ireland,IRL,1995,0,15490000,110000,1850000,0,0,330000,10000,10000,0,40000
Ireland,IRL,1996,0,15620000,110000,1720000,0,0,320000,10000,10000,0,40000
Ireland,IRL,1997,0,15960000,110000,1430000,0,0,280000,10000,10000,0,50000
Ireland,IRL,1998,0,16389999,90000,1490000,0,0,300000,10000,10000,0,50000
Ireland,IRL,1999,0,16520000,90000,1480000,0,0,230000,10000,10000,0,60000
Ireland,IRL,2000,0,17070000,100000,1490000,0,0,220000,10000,10000,0,60000
Ireland,IRL,2001,0,17050000,110000,1600000,0,0,210000,10000,10000,0,60000
Ireland,IRL,2002,0,16890000,90000,1680000,0,0,210000,10000,10000,0,70000
Ireland,IRL,2003,0,16790000,840000,1690000,0,0,200000,10000,10000,0,70000
Ireland,IRL,2004,0,16790000,100000,1390000,0,0,200000,10000,10000,0,70000
Ireland,IRL,2005,0,16459999,90000,1180000,0,0,210000,10000,10000,0,70000
Ireland,IRL,2006,0,16400000,100000,1220000,0,0,200000,10000,10000,0,80000
Ireland,IRL,2007,0,16139999,110000,740000,0,0,200000,10000,10000,0,80000
Ireland,IRL,2008,0,16040001,100000,580000,0,0,210000,10000,10000,0,70000
Ireland,IRL,2009,0,15950000,90000,380000,0,0,220000,10000,10000,0,70000
Ireland,IRL,2010,0,15420000,100000,370000,0,0,210000,10000,10000,0,60000
Ireland,IRL,2011,0,15340000,90000,480000,0,0,190000,10000,10000,0,60000
Ireland,IRL,2012,0,15940000,90000,400000,0,0,190000,10000,10000,0,60000
Ireland,IRL,2013,0,16200001,90000,570000,0,0,200000,10000,10000,0,50000
Ireland,IRL,2014,0,16389999,100000,780000,0,0,180000,10000,10000,0,50000
Ireland,IRL,2015,0,16610001,100000,870000,0,0,190000,10000,10000,0,50000
Ireland,IRL,2016,0,17300000,100000,900000,0,0,200000,10000,10000,0,50000
Ireland,IRL,2017,0,17620000,100000,860000,0,0,170000,10000,10000,0,50000
Ireland,IRL,2018,0,15770000,110000,830000,0,0,180000,10000,10000,0,50000
Ireland,IRL,2019,0,15840000,100000,800000,0,0,160000,10000,10000,0,50000
Ireland,IRL,2020,0,15860000,100000,800000,0,0,170000,10000,10000,0,40000
Ireland,IRL,2021,0,16180000,100000,760000,0,0,160000,20000,10000,0,40000
Ireland,IRL,2022,0,16000000,80000,740000,0,0,129999,20000,10000,0,40000
Ireland,IRL,2023,0,15850000,80000,720000,0,0,110000,10000,10000,0,50000
Israel,ISR,1990,0,470000,20000,800000,0,0,10000,10000,0,0,60000
Israel,ISR,1991,0,460000,20000,810000,0,0,10000,10000,0,0,60000
Israel,ISR,1992,0,470000,20000,1380000,0,0,10000,20000,0,0,70000
Israel,ISR,1993,0,480000,20000,1920000,0,0,10000,20000,0,0,70000
Israel,ISR,1994,0,510000,20000,2430000,0,0,10000,20000,0,0,70000
Israel,ISR,1995,0,519999,30000,2920000,0,0,10000,20000,0,0,80000
Israel,ISR,1996,0,510000,20000,3380000,0,0,10000,20000,0,0,80000
Israel,ISR,1997,0,510000,30000,3500000,0,0,10000,20000,0,0,80000
Israel,ISR,1998,0,510000,20000,3620000,0,0,10000,20000,0,0,80000
Israel,ISR,1999,0,519999,20000,3740000,0,0,10000,20000,0,0,90000
Israel,ISR,2000,0,519999,30000,3860000,0,0,10000,20000,0,0,90000
Israel,ISR,2001,0,519999,20000,4340000,0,0,10000,20000,0,0,80000
Israel,ISR,2002,0,490000,30000,4820000,0,0,10000,20000,0,0,80000
Israel,ISR,2003,0,500000,30000,5300000,0,0,10000,20000,0,0,80000
Israel,ISR,2004,0,490000,70000,5650000,10000,0,10000,20000,0,0,90000
Israel,ISR,2005,0,510000,90000,6030000,0,0,10000,20000,0,0,90000
Israel,ISR,2006,0,550000,110000,6360000,10000,0,10000,20000,0,0,90000
Israel,ISR,2007,0,550000,129999,6620000,10000,0,10000,20000,0,0,90000
Israel,ISR,2008,0,570000,160000,6880000,0,0,10000,20000,0,0,100000
Israel,ISR,2009,0,550000,160000,7080000,10000,0,10000,20000,0,0,100000
Israel,ISR,2010,0,580000,200000,7490000,10000,0,10000,20000,0,0,100000
Israel,ISR,2011,0,590000,200000,7740000,10000,0,10000,20000,0,0,110000
Israel,ISR,2012,0,600000,129999,8010000,10000,0,10000,30000,0,0,110000
Israel,ISR,2013,0,620000,240000,8020000,10000,0,0,20000,0,0,110000
Israel,ISR,2014,0,630000,270000,8180000,10000,0,0,10000,0,0,110000
Israel,ISR,2015,0,660000,290000,8160000,10000,0,0,20000,0,0,110000
Israel,ISR,2016,0,650000,330000,8380000,10000,0,0,20000,0,0,120000
Israel,ISR,2017,0,660000,350000,8410000,10000,0,0,20000,10000,0,120000
Israel,ISR,2018,0,690000,360000,8440000,10000,0,0,10000,10000,0,120000
Israel,ISR,2019,0,700000,360000,8290000,10000,0,0,10000,10000,0,129999
Israel,ISR,2020,0,680000,490000,8390000,10000,0,0,10000,10000,0,110000
Israel,ISR,2021,0,710000,550000,8600000,10000,0,0,10000,10000,0,120000
Israel,ISR,2022,0,730000,600000,8820000,10000,0,0,10000,10000,10000,129999
Israel,ISR,2023,0,720000,670000,9100000,10000,0,0,10000,0,0,129999
Italy,ITA,1990,10000,31060000,2280000,17250000,40000,290000,450000,110000,80000,20000,670000
Italy,ITA,1991,10000,29050000,2350000,17940000,40000,280000,500000,110000,80000,20000,700000
Italy,ITA,1992,10000,28560000,2360000,18380000,40000,270000,530000,110000,80000,20000,740000
Italy,ITA,1993,10000,27500000,2410000,18980000,40000,270000,500000,110000,70000,20000,780000
Italy,ITA,1994,10000,27300000,2380000,19670000,40000,280000,530000,110000,70000,20000,800000
Italy,ITA,1995,10000,26520000,2580000,20320000,40000,300000,550000,120000,70000,20000,830000
Italy,ITA,1996,10000,26680000,2650000,21040000,40000,160000,550000,120000,70000,20000,850000
Italy,ITA,1997,20000,26450000,2730000,21660000,40000,180000,580000,120000,70000,20000,850000
Italy,ITA,1998,20000,26260000,2860000,21320000,40000,170000,580000,120000,70000,20000,870000
Italy,ITA,1999,20000,26340000,2950000,21320000,40000,170000,610000,120000,80000,10000,860000
Italy,ITA,2000,40000,26470000,3020000,22430000,30000,160000,660000,120000,80000,20000,840000
Italy,ITA,2001,0,23560000,2970000,23790000,30000,150000,690000,120000,80000,20000,830000
Italy,ITA,2002,0,25000000,3040000,22940000,30000,150000,950000,129999,80000,20000,820000
Italy,ITA,2003,10000,24260000,3310000,22730000,30000,150000,1430000,150000,90000,20000,790000
Italy,ITA,2004,0,24430000,3410000,22050000,30000,160000,990000,170000,80000,20000,770000
Italy,ITA,2005,0,23730000,3620000,22110000,30000,170000,1590000,170000,80000,20000,730000
Italy,ITA,2006,0,23720000,3540000,21470000,30000,170000,1840000,180000,70000,20000,710000
Italy,ITA,2007,40000,23680000,3510000,21070000,30000,170000,2460000,180000,70000,20000,680000
Italy,ITA,2008,10000,24020000,3460000,20470000,30000,160000,2890000,170000,80000,20000,670000
Italy,ITA,2009,10000,24050000,3130000,20570000,30000,100000,2790000,160000,60000,20000,670000
Italy,ITA,2010,0,24160000,3340000,20360000,30000,129999,2720000,170000,60000,30000,670000
Italy,ITA,2011,10000,23380000,3150000,19700000,30000,150000,1800000,190000,70000,20000,670000
Italy,ITA,2012,20000,23560000,3040000,19800000,30000,140000,2520000,190000,60000,20000,630000
Italy,ITA,2013,0,22950000,2880000,18340000,30000,110000,2520000,190000,60000,20000,640000
Italy,ITA,2014,0,22720000,2630000,18210000,30000,110000,2160000,190000,50000,20000,650000
Italy,ITA,2015,0,22890000,2790000,18440000,40000,100000,2420000,190000,50000,20000,650000
Italy,ITA,2016,0,23270000,2780000,18110000,40000,110000,2350000,190000,50000,20000,620000
Italy,ITA,2017,30000,23240000,2890000,18020000,40000,100000,2560000,190000,50000,20000,610000
Italy,ITA,2018,0,23340000,2860000,18010000,40000,100000,2380000,190000,50000,20000,620000
Italy,ITA,2019,0,23340000,2870000,17790000,40000,90000,2370000,190000,50000,20000,640000
Italy,ITA,2020,0,23820000,2800000,18620000,40000,80000,2290000,180000,50000,20000,519999
Italy,ITA,2021,30000,23120000,2930000,18360000,40000,80000,2570000,180000,60000,20000,610000
Italy,ITA,2022,10000,22670000,2620000,18090000,40000,80000,2330000,180000,60000,20000,630000
Italy,ITA,2023,10000,22430000,2420000,17860000,40000,80000,2260000,160000,60000,20000,640000
Jamaica,JAM,1990,0,730000,0,160000,0,0,50000,0,10000,0,10000
Jamaica,JAM,1991,0,770000,0,160000,0,0,50000,0,10000,0,10000
Jamaica,JAM,1992,0,840000,0,270000,0,0,50000,0,10000,0,10000
Jamaica,JAM,1993,0,840000,0,350000,0,0,50000,10000,10000,0,10000
Jamaica,JAM,1994,0,810000,0,410000,0,0,50000,10000,10000,0,10000
Jamaica,JAM,1995,0,830000,0,430000,0,0,50000,10000,10000,0,10000
Jamaica,JAM,1996,0,780000,0,450000,0,0,50000,10000,10000,0,20000
Jamaica,JAM,1997,0,750000,0,470000,0,0,50000,10000,10000,0,20000
Jamaica,JAM,1998,0,740000,0,490000,0,0,50000,10000,10000,0,20000
Jamaica,JAM,1999,0,750000,0,510000,0,0,50000,10000,10000,0,20000
Jamaica,JAM,2000,10000,750000,0,540000,0,0,50000,10000,10000,0,20000
Jamaica,JAM,2001,0,750000,0,560000,0,0,50000,10000,10000,0,20000
Jamaica,JAM,2002,0,740000,0,580000,0,0,50000,10000,10000,0,20000
Jamaica,JAM,2003,0,790000,0,600000,0,0,50000,10000,10000,0,20000
Jamaica,JAM,2004,0,720000,0,620000,0,0,50000,10000,10000,0,20000
Jamaica,JAM,2005,0,690000,0,640000,0,0,50000,10000,10000,0,20000
Jamaica,JAM,2006,0,440000,0,660000,0,0,50000,0,10000,0,20000
Jamaica,JAM,2007,0,400000,0,670000,0,0,50000,10000,10000,0,20000
Jamaica,JAM,2008,0,390000,0,670000,0,0,50000,0,10000,0,20000
Jamaica,JAM,2009,0,380000,0,710000,0,0,50000,0,0,0,20000
Jamaica,JAM,2010,0,380000,0,720000,0,0,60000,0,0,0,20000
Jamaica,JAM,2011,0,380000,0,720000,0,0,60000,0,0,0,20000
Jamaica,JAM,2012,0,390000,0,720000,0,0,60000,0,0,0,10000
Jamaica,JAM,2013,0,390000,0,730000,0,0,60000,0,10000,0,10000
Jamaica,JAM,2014,0,390000,0,730000,0,0,50000,0,10000,0,10000
Jamaica,JAM,2015,0,370000,0,740000,0,0,50000,0,10000,0,10000
Jamaica,JAM,2016,0,370000,70000,740000,0,0,50000,0,0,0,20000
Jamaica,JAM,2017,0,370000,760000,750000,0,0,50000,0,0,0,20000
Jamaica,JAM,2018,0,370000,920000,750000,0,0,50000,0,0,0,20000
Jamaica,JAM,2019,0,370000,1230000,760000,0,0,70000,0,0,0,20000
Jamaica,JAM,2020,0,380000,2690000,760000,0,0,60000,0,0,0,10000
Jamaica,JAM,2021,0,370000,2750000,770000,0,0,60000,0,0,0,20000
Jamaica,JAM,2022,0,360000,2580000,770000,0,0,60000,0,0,0,20000
Jamaica,JAM,2023,0,370000,2580000,770000,0,0,70000,0,0,0,20000
Japan,JPN,1990,10000,21280000,3610000,14430000,70000,100000,480000,340000,400000,50000,1490000
Japan,JPN,1991,10000,21250000,3710000,14260000,70000,100000,480000,330000,390000,50000,1540000
Japan,JPN,1992,10000,21710000,3730000,14140000,70000,90000,500000,340000,380000,50000,1570000
Japan,JPN,1993,10000,21940000,3700000,13840000,70000,80000,519999,310000,370000,60000,1600000
Japan,JPN,1994,10000,22270000,3770000,13550000,70000,90000,500000,350000,370000,60000,1670000
Japan,JPN,1995,10000,21550000,3750000,13140000,70000,90000,519999,330000,380000,50000,1710000
Japan,JPN,1996,10000,20550000,3830000,12740000,129999,90000,519999,320000,380000,40000,1750000
Japan,JPN,1997,10000,20290000,3590000,12310000,140000,90000,510000,310000,370000,50000,1780000
Japan,JPN,1998,10000,19330000,3570000,11800000,129999,80000,519999,300000,340000,50000,1810000
Japan,JPN,1999,10000,19160000,3690000,11340000,129999,80000,540000,310000,340000,50000,1850000
Japan,JPN,2000,10000,18920000,3650000,10900000,129999,80000,540000,300000,350000,50000,1870000
Japan,JPN,2001,0,18440000,3630000,10420000,140000,80000,540000,280000,340000,40000,1910000
Japan,JPN,2002,10000,18360000,3460000,9950000,180000,80000,820000,300000,350000,40000,1900000
Japan,JPN,2003,10000,18170000,3660000,9490000,190000,80000,810000,310000,360000,50000,1920000
Japan,JPN,2004,0,18290000,3630000,9020000,200000,80000,880000,310000,360000,50000,1930000
Japan,JPN,2005,10000,18160000,3660000,8560000,180000,80000,890000,340000,380000,60000,1920000
Japan,JPN,2006,10000,18040000,3920000,8060000,170000,80000,880000,330000,380000,50000,1890000
Japan,JPN,2007,10000,17960000,4150000,7600000,180000,80000,940000,370000,390000,50000,1850000
Japan,JPN,2008,10000,17700000,4090000,7110000,160000,80000,890000,360000,350000,50000,1790000
Japan,JPN,2009,0,17680000,4010000,6620000,170000,80000,850000,340000,330000,40000,1780000
Japan,JPN,2010,10000,17700000,4120000,6200000,150000,80000,860000,420000,350000,40000,1790000
Japan,JPN,2011,10000,17220000,4640000,5850000,140000,80000,880000,480000,370000,40000,1760000
Japan,JPN,2012,0,17120000,4760000,5540000,150000,70000,860000,519999,360000,40000,1730000
Japan,JPN,2013,0,17050000,4750000,5240000,129999,70000,930000,519999,370000,40000,1700000
Japan,JPN,2014,20000,16810000,4730000,4960000,120000,70000,910000,490000,350000,40000,1620000
Japan,JPN,2015,10000,16540001,4510000,4700000,120000,70000,900000,480000,350000,40000,1620000
Japan,JPN,2016,0,16350000,4590000,4450000,129999,70000,890000,480000,340000,40000,1590000
Japan,JPN,2017,10000,16260000,4510000,4200000,120000,70000,940000,510000,350000,40000,1570000
Japan,JPN,2018,10000,16240000,4230000,4010000,110000,70000,930000,519999,350000,40000,1530000
Japan,JPN,2019,10000,16180000,4050000,3830000,110000,60000,940000,519999,340000,40000,1480000
Japan,JPN,2020,10000,16240000,3990000,3650000,110000,60000,870000,510000,320000,40000,1350000
Japan,JPN,2021,0,16230000,3790000,3510000,110000,70000,850000,560000,330000,40000,1330000
Japan,JPN,2022,10000,16110001,3630000,3430000,110000,70000,840000,550000,320000,40000,1340000
Japan,JPN,2023,0,16040001,3380000,3380000,110000,70000,810000,550000,310000,40000,1320000
Jordan,JOR,1990,0,390000,20000,2770000,0,0,0,0,0,0,20000
Jordan,JOR,1991,0,480000,20000,2770000,0,0,10000,0,0,0,20000
Jordan,JOR,1992,0,610000,30000,5390000,0,0,10000,0,0,0,20000
Jordan,JOR,1993,0,640000,30000,7970000,0,0,10000,0,0,0,20000
Jordan,JOR,1994,0,540000,40000,10520000,0,0,10000,0,0,0,20000
Jordan,JOR,1995,0,550000,40000,9340000,0,0,10000,10000,0,0,20000
Jordan,JOR,1996,0,519999,40000,8170000,0,0,10000,10000,0,0,20000
Jordan,JOR,1997,0,470000,50000,7000000,0,0,10000,10000,0,0,20000
Jordan,JOR,1998,0,410000,50000,5830000,0,0,10000,10000,0,0,20000
Jordan,JOR,1999,0,440000,50000,4660000,0,0,10000,10000,0,0,20000
Jordan,JOR,2000,0,380000,50000,3490000,0,0,10000,10000,0,0,20000
Jordan,JOR,2001,0,380000,50000,3580000,0,0,10000,10000,0,0,30000
Jordan,JOR,2002,0,400000,40000,3680000,0,0,10000,10000,0,0,30000
Jordan,JOR,2003,0,400000,40000,3770000,0,0,10000,10000,0,0,30000
Jordan,JOR,2004,0,410000,90000,3870000,0,0,10000,10000,0,0,30000
Jordan,JOR,2005,0,460000,100000,3960000,0,0,10000,10000,0,0,30000
Jordan,JOR,2006,0,460000,140000,4060000,0,0,10000,10000,0,0,30000
Jordan,JOR,2007,0,530000,150000,4130000,0,0,10000,10000,0,0,40000
Jordan,JOR,2008,0,640000,160000,4210000,0,0,10000,10000,0,0,30000
Jordan,JOR,2009,0,540000,190000,4280000,0,0,10000,10000,0,0,40000
Jordan,JOR,2010,0,540000,140000,4360000,0,0,10000,10000,0,0,40000
Jordan,JOR,2011,0,550000,70000,4430000,0,0,10000,10000,0,0,40000
Jordan,JOR,2012,0,550000,50000,4500000,0,0,10000,10000,0,0,40000
Jordan,JOR,2013,0,570000,70000,4580000,0,0,10000,10000,0,0,50000
Jordan,JOR,2014,0,630000,40000,4650000,0,0,10000,10000,10000,0,50000
Jordan,JOR,2015,0,620000,120000,4720000,0,0,10000,10000,0,0,50000
Jordan,JOR,2016,0,730000,180000,4800000,0,0,30000,10000,0,0,60000
Jordan,JOR,2017,0,690000,190000,5070000,0,0,40000,10000,0,0,60000
Jordan,JOR,2018,0,680000,180000,5340000,0,0,50000,10000,0,0,60000
Jordan,JOR,2019,0,670000,190000,5600000,0,0,50000,10000,0,0,60000
Jordan,JOR,2020,0,680000,180000,5860000,0,0,50000,10000,0,0,50000
Jordan,JOR,2021,0,700000,180000,6110000,0,0,50000,0,0,0,50000
Jordan,JOR,2022,0,670000,220000,6360000,0,0,50000,0,0,0,50000
Jordan,JOR,2023,0,670000,220000,6620000,0,0,50000,10000,0,0,50000
Kazakhstan,KAZ,1990,20000,28630000,48930000,4000000,190000,70000,0,50000,200000,0,129999
Kazakhstan,KAZ,1991,20000,28070000,48030000,3980000,190000,60000,0,40000,210000,0,160000
Kazakhstan,KAZ,1992,20000,24580000,44740000,3860000,250000,50000,0,40000,220000,0,140000
Kazakhstan,KAZ,1993,20000,24580000,41730000,3740000,170000,40000,0,40000,190000,0,129999
Kazakhstan,KAZ,1994,20000,24240000,40130000,3620000,140000,30000,10000,40000,150000,0,90000
Kazakhstan,KAZ,1995,20000,20690000,34250000,3560000,160000,30000,0,30000,150000,0,80000
Kazakhstan,KAZ,1996,100000,17830000,33590000,3580000,129999,20000,0,30000,129999,0,80000
Kazakhstan,KAZ,1997,230000,15000000,35470000,3570000,110000,20000,0,20000,110000,0,70000
Kazakhstan,KAZ,1998,120000,12540000,35610000,3590000,110000,20000,0,20000,110000,0,70000
Kazakhstan,KAZ,1999,70000,11060000,32500000,3600000,110000,30000,0,20000,90000,0,50000
Kazakhstan,KAZ,2000,90000,11040000,39470000,3660000,70000,30000,10000,30000,40000,0,90000
Kazakhstan,KAZ,2001,0,11620000,39730000,3750000,30000,30000,20000,20000,60000,0,80000
Kazakhstan,KAZ,2002,10000,16420000,45020000,3710000,10000,30000,0,30000,40000,0,90000
Kazakhstan,KAZ,2003,0,13570000,48580000,3730000,30000,30000,10000,30000,50000,0,80000
Kazakhstan,KAZ,2004,0,15090000,50960000,3810000,30000,30000,0,40000,70000,0,90000
Kazakhstan,KAZ,2005,0,15790000,52680000,3890000,60000,30000,0,40000,80000,0,90000
Kazakhstan,KAZ,2006,0,16740000,56120000,4040000,110000,30000,20000,50000,50000,0,100000
Kazakhstan,KAZ,2007,10000,15570000,55190000,4090000,140000,30000,0,40000,90000,0,110000
Kazakhstan,KAZ,2008,0,16320000,58820000,4220000,110000,20000,440000,50000,120000,0,140000
Kazakhstan,KAZ,2009,0,15630000,57230000,4470000,70000,20000,440000,40000,120000,0,120000
Kazakhstan,KAZ,2010,0,17760000,57810000,4650000,70000,20000,470000,50000,129999,0,129999
Kazakhstan,KAZ,2011,0,15650000,61440000,4660000,70000,20000,860000,50000,150000,0,129999
Kazakhstan,KAZ,2012,0,15500000,60830000,4810000,70000,20000,600000,50000,150000,0,140000
Kazakhstan,KAZ,2013,0,14410000,61440000,4930000,70000,20000,510000,60000,150000,0,140000
Kazakhstan,KAZ,2014,0,15960000,61690000,5090000,60000,20000,1010000,40000,110000,0,170000
Kazakhstan,KAZ,2015,0,16970000,49490000,5150000,40000,20000,1000000,40000,70000,0,180000
Kazakhstan,KAZ,2016,0,16170000,48220000,5280000,40000,20000,1130000,40000,70000,0,190000
Kazakhstan,KAZ,2017,0,19920000,51710000,5370000,40000,20000,1410000,40000,60000,0,180000
Kazakhstan,KAZ,2018,0,17890000,52140000,5480000,40000,20000,1480000,50000,60000,0,200000
Kazakhstan,KAZ,2019,0,16940000,49300000,5640000,40000,20000,1500000,40000,60000,0,180000
Kazakhstan,KAZ,2020,0,16469999,46610000,6280000,30000,20000,1400000,40000,60000,0,259999
Kazakhstan,KAZ,2021,0,17330000,48770000,6590000,40000,20000,1360000,50000,60000,0,230000
Kazakhstan,KAZ,2022,10000,16379999,45450000,6230000,50000,20000,1260000,50000,60000,0,210000
Kazakhstan,KAZ,2023,0,16370001,51980000,6350000,50000,20000,1350000,50000,50000,0,250000
Kenya,KEN,1990,20000,18510000,10000,259999,0,0,4610000,0,10000,0,20000
Kenya,KEN,1991,20000,17680000,10000,270000,0,0,4750000,0,10000,0,10000
Kenya,KEN,1992,20000,17540000,10000,320000,0,0,4880000,0,10000,0,10000
Kenya,KEN,1993,20000,17410000,10000,370000,0,0,5010000,0,10000,0,10000
Kenya,KEN,1994,20000,17450000,10000,430000,0,0,5140000,0,10000,0,10000
Kenya,KEN,1995,20000,17320000,10000,1190000,0,0,5270000,0,10000,0,20000
Kenya,KEN,1996,20000,16200001,10000,1130000,0,0,5390000,0,10000,0,20000
Kenya,KEN,1997,120000,16150000,10000,1080000,0,0,5520000,0,10000,0,20000
Kenya,KEN,1998,40000,16459999,10000,1030000,0,0,5660000,0,10000,0,20000
Kenya,KEN,1999,90000,17620000,10000,980000,0,0,5800000,0,10000,0,20000
Kenya,KEN,2000,140000,16049999,10000,930000,0,0,5950000,0,10000,0,10000
Kenya,KEN,2001,0,15980000,10000,990000,0,0,6110000,0,10000,0,20000
Kenya,KEN,2002,0,16760000,10000,1050000,0,0,6280000,0,10000,0,20000
Kenya,KEN,2003,0,17940000,10000,1110000,0,0,6450000,0,10000,0,10000
Kenya,KEN,2004,0,19230000,10000,1180000,0,0,6620000,0,10000,0,10000
Kenya,KEN,2005,0,18520000,10000,1240000,0,0,6800000,0,10000,0,10000
Kenya,KEN,2006,0,18070000,20000,1320000,0,0,6980000,0,10000,0,20000
Kenya,KEN,2007,0,29940000,20000,1400000,0,0,7160000,0,10000,0,20000
Kenya,KEN,2008,0,30360000,20000,1480000,0,0,7350000,0,10000,0,20000
Kenya,KEN,2009,0,28960000,20000,1560000,0,0,7540000,10000,10000,0,20000
Kenya,KEN,2010,0,29070000,20000,1640000,0,0,7720000,10000,10000,0,30000
Kenya,KEN,2011,0,29820000,20000,1690000,0,0,7900000,10000,10000,0,20000
Kenya,KEN,2012,10000,29490000,20000,1740000,0,0,8060000,0,10000,0,30000
Kenya,KEN,2013,0,28880000,20000,1790000,0,0,8220000,0,10000,0,30000
Kenya,KEN,2014,0,29280000,20000,1840000,0,0,8370000,0,10000,0,40000
Kenya,KEN,2015,20000,29700000,20000,1900000,0,0,8510000,0,10000,0,50000
Kenya,KEN,2016,0,32410000,20000,1960000,0,0,8650000,0,10000,0,50000
Kenya,KEN,2017,0,29950000,30000,2010000,0,0,8790000,0,10000,0,50000
Kenya,KEN,2018,0,31150000,20000,2060000,0,0,8910000,0,10000,0,60000
Kenya,KEN,2019,0,36380000,30000,2110000,0,0,9010000,0,20000,0,60000
Kenya,KEN,2020,0,41730000,20000,2160000,0,0,9110000,0,20000,0,60000
Kenya,KEN,2021,0,37200000,30000,2210000,0,0,9220000,0,20000,0,60000
Kenya,KEN,2022,0,33240002,30000,2260000,0,0,9330000,0,30000,0,60000
Kenya,KEN,2023,0,36250000,30000,2310000,0,0,9430000,0,50000,0,60000
Kiribati,KIR,1990,0,0,0,0,,0,0,0,,0,0
Kiribati,KIR,1991,0,0,0,0,,0,0,0,,0,0
Kiribati,KIR,1992,0,0,0,0,,0,0,0,,0,0
Kiribati,KIR,1993,0,0,0,0,,0,0,0,,0,0
Kiribati,KIR,1994,0,0,0,10000,,0,0,0,,0,0
Kiribati,KIR,1995,0,0,0,0,,0,0,0,,0,0
Kiribati,KIR,1996,0,0,0,0,,0,0,0,,0,0
Kiribati,KIR,1997,0,0,0,0,,0,0,0,,0,0
Kiribati,KIR,1998,0,0,0,0,,0,0,0,,0,0
Kiribati,KIR,1999,0,0,0,0,,0,0,0,,0,0
Kiribati,KIR,2000,0,0,0,0,0,0,0,0,0,0,0
Kiribati,KIR,2001,0,0,0,0,0,0,0,0,0,0,0
Kiribati,KIR,2002,0,10000,0,0,0,0,0,0,0,0,0
Kiribati,KIR,2003,0,10000,0,0,0,0,0,0,0,0,0
Kiribati,KIR,2004,0,10000,0,0,0,0,0,0,0,0,0
Kiribati,KIR,2005,0,10000,0,0,,0,0,0,0,0,0
Kiribati,KIR,2006,0,10000,0,0,,0,0,0,0,0,0
Kiribati,KIR,2007,0,10000,0,0,,0,0,0,0,0,0
Kiribati,KIR,2008,0,10000,0,0,,0,0,0,0,0,0
Kiribati,KIR,2009,0,10000,0,0,0,0,0,0,0,0,0
Kiribati,KIR,2010,0,10000,0,0,0,0,0,0,0,0,0
Kiribati,KIR,2011,0,10000,0,0,0,0,0,0,0,0,0
Kiribati,KIR,2012,0,10000,0,0,0,0,0,0,0,0,0
Kiribati,KIR,2013,0,10000,0,0,0,0,0,0,0,0,0
Kiribati,KIR,2014,0,10000,0,0,0,0,0,0,0,0,0
Kiribati,KIR,2015,0,10000,0,0,0,0,0,0,0,0,0
Kiribati,KIR,2016,0,10000,0,0,0,0,0,0,0,0,0
Kiribati,KIR,2017,0,10000,0,0,0,0,0,0,0,0,0
Kiribati,KIR,2018,0,10000,0,0,0,0,0,0,0,0,0
Kiribati,KIR,2019,0,10000,0,0,0,0,0,0,0,0,0
Kiribati,KIR,2020,0,10000,0,0,0,0,0,0,0,0,0
Kiribati,KIR,2021,0,10000,0,0,0,0,0,0,0,0,0
Kiribati,KIR,2022,0,10000,0,0,0,0,0,0,0,0,0
Kiribati,KIR,2023,0,10000,0,0,0,0,0,0,0,0,0
Kuwait,KWT,1990,0,80000,13020000,470000,0,0,20000,20000,0,0,30000
Kuwait,KWT,1991,0,20000,2180000,430000,0,0,20000,0,0,0,20000
Kuwait,KWT,1992,0,30000,12050000,670000,0,0,20000,10000,0,0,40000
Kuwait,KWT,1993,0,50000,22310000,910000,0,0,20000,10000,0,0,50000
Kuwait,KWT,1994,0,70000,25600000,1140000,0,0,20000,20000,0,0,50000
Kuwait,KWT,1995,0,90000,25020000,1170000,0,0,20000,10000,0,0,50000
Kuwait,KWT,1996,0,110000,25430000,1210000,0,0,10000,10000,0,0,60000
Kuwait,KWT,1997,0,120000,26570000,1250000,0,0,20000,20000,0,10000,60000
Kuwait,KWT,1998,0,120000,25120000,1300000,0,0,20000,20000,0,10000,60000
Kuwait,KWT,1999,0,140000,23150000,1340000,0,0,20000,30000,0,10000,60000
Kuwait,KWT,2000,0,150000,25410000,1380000,0,0,10000,30000,0,0,60000
Kuwait,KWT,2001,0,100000,24540000,1420000,0,0,10000,30000,0,0,60000
Kuwait,KWT,2002,0,140000,23430000,1460000,0,0,10000,40000,0,0,70000
Kuwait,KWT,2003,0,150000,27620000,1500000,0,0,10000,30000,0,10000,70000
Kuwait,KWT,2004,0,129999,29240000,1540000,0,0,10000,40000,0,10000,70000
Kuwait,KWT,2005,0,129999,30640000,1590000,0,0,10000,40000,0,10000,80000
Kuwait,KWT,2006,0,129999,31340000,1640000,0,0,10000,40000,0,10000,80000
Kuwait,KWT,2007,0,140000,30010000,1690000,0,0,10000,40000,0,10000,90000
Kuwait,KWT,2008,0,150000,30840000,1740000,0,0,20000,50000,0,10000,90000
Kuwait,KWT,2009,0,170000,27470000,1790000,0,0,20000,50000,0,0,90000
Kuwait,KWT,2010,0,160000,28090000,1840000,0,0,20000,50000,0,10000,100000
Kuwait,KWT,2011,0,150000,30250000,1900000,0,0,20000,50000,0,10000,100000
Kuwait,KWT,2012,0,150000,31730000,1970000,0,0,20000,50000,0,10000,110000
Kuwait,KWT,2013,0,160000,33419998,2030000,0,0,20000,50000,0,10000,110000
Kuwait,KWT,2014,0,180000,32849998,2079999,0,0,30000,50000,0,10000,110000
Kuwait,KWT,2015,0,180000,31620000,2130000,0,0,20000,50000,0,10000,120000
Kuwait,KWT,2016,0,190000,33620000,2180000,0,0,30000,50000,0,10000,120000
Kuwait,KWT,2017,0,200000,28120000,2280000,0,0,30000,40000,0,10000,120000
Kuwait,KWT,2018,0,210000,28600000,2390000,0,0,30000,40000,0,10000,129999
Kuwait,KWT,2019,0,230000,27690000,2500000,0,0,20000,40000,0,10000,129999
Kuwait,KWT,2020,0,220000,24460000,2590000,0,0,20000,40000,0,10000,100000
Kuwait,KWT,2021,0,230000,23380000,2660000,0,0,20000,50000,0,10000,129999
Kuwait,KWT,2022,0,230000,25280000,2550000,0,0,20000,40000,0,10000,140000
Kuwait,KWT,2023,0,230000,24320000,2620000,0,0,20000,50000,0,10000,140000
Kyrgyzstan,KGZ,1990,0,3870000,1260000,1490000,20000,0,0,0,20000,0,40000
Kyrgyzstan,KGZ,1991,0,3790000,1160000,1680000,20000,0,0,0,20000,0,30000
Kyrgyzstan,KGZ,1992,0,3620000,990000,1520000,20000,0,0,0,10000,0,20000
Kyrgyzstan,KGZ,1993,0,3400000,870000,1150000,20000,0,0,0,10000,0,10000
Kyrgyzstan,KGZ,1994,0,3120000,710000,720000,10000,0,0,0,10000,0,0
Kyrgyzstan,KGZ,1995,0,2580000,630000,760000,0,0,0,0,0,0,10000
Kyrgyzstan,KGZ,1996,0,2390000,490000,720000,10000,0,0,0,0,0,10000
Kyrgyzstan,KGZ,1997,10000,2300000,360000,750000,0,0,0,0,0,0,10000
Kyrgyzstan,KGZ,1998,10000,2370000,259999,640000,10000,0,0,0,0,0,10000
Kyrgyzstan,KGZ,1999,0,2430000,180000,690000,0,0,0,0,0,0,10000
Kyrgyzstan,KGZ,2000,0,2480000,360000,680000,0,0,0,0,0,0,10000
Kyrgyzstan,KGZ,2001,0,2510000,530000,680000,0,0,0,0,0,0,10000
Kyrgyzstan,KGZ,2002,0,2560000,930000,670000,10000,0,0,0,0,0,10000
Kyrgyzstan,KGZ,2003,0,2580000,1330000,650000,10000,0,0,0,0,0,10000
Kyrgyzstan,KGZ,2004,0,2570000,1740000,820000,10000,0,0,0,0,0,10000
Kyrgyzstan,KGZ,2005,0,2640000,2140000,680000,10000,0,0,0,0,0,10000
Kyrgyzstan,KGZ,2006,0,2740000,1940000,640000,10000,0,0,0,0,0,10000
Kyrgyzstan,KGZ,2007,0,2830000,1920000,560000,20000,0,0,0,0,0,20000
Kyrgyzstan,KGZ,2008,0,2950000,2089999,730000,30000,0,0,0,0,0,20000
Kyrgyzstan,KGZ,2009,0,3210000,1380000,1550000,20000,0,0,0,0,0,20000
Kyrgyzstan,KGZ,2010,0,3290000,1170000,1250000,30000,0,0,0,0,0,20000
Kyrgyzstan,KGZ,2011,0,3390000,1050000,90000,30000,0,0,0,0,0,20000
Kyrgyzstan,KGZ,2012,0,3470000,1110000,90000,30000,0,0,0,0,0,30000
Kyrgyzstan,KGZ,2013,0,3590000,1190000,90000,30000,0,10000,0,0,0,30000
Kyrgyzstan,KGZ,2014,0,3720000,920000,90000,10000,0,120000,0,0,0,30000
Kyrgyzstan,KGZ,2015,0,3780000,900000,100000,10000,0,80000,0,0,0,30000
Kyrgyzstan,KGZ,2016,0,3870000,910000,100000,0,0,100000,0,0,0,30000
Kyrgyzstan,KGZ,2017,0,3970000,1270000,100000,0,0,140000,0,0,0,10000
Kyrgyzstan,KGZ,2018,0,4080000,1430000,100000,0,0,180000,0,0,0,10000
Kyrgyzstan,KGZ,2019,0,4190000,1500000,100000,0,0,150000,0,0,0,0
Kyrgyzstan,KGZ,2020,0,4290000,1590000,100000,0,0,129999,0,0,0,10000
Kyrgyzstan,KGZ,2021,0,4350000,1750000,110000,0,0,100000,0,0,0,10000
Kyrgyzstan,KGZ,2022,0,4390000,2000000,110000,0,0,120000,0,0,0,10000
Kyrgyzstan,KGZ,2023,0,4430000,2010000,110000,0,0,160000,0,0,0,0
Laos,LAO,1990,1450000,5090000,0,320000,0,0,0,0,0,0,0
Laos,LAO,1991,1450000,4960000,0,290000,0,0,0,0,0,0,0
Laos,LAO,1992,1450000,5180000,0,270000,0,0,0,0,0,0,0
Laos,LAO,1993,1450000,5200000,0,240000,0,0,0,0,0,0,0
Laos,LAO,1994,1450000,5510000,0,220000,0,0,0,0,0,0,0
Laos,LAO,1995,1450000,5500000,0,190000,0,0,0,0,0,0,0
Laos,LAO,1996,1970000,5490000,0,170000,0,0,0,0,0,0,0
Laos,LAO,1997,1480000,5700000,0,140000,0,0,0,0,0,0,0
Laos,LAO,1998,3270000,5340000,0,120000,0,0,0,0,0,0,0
Laos,LAO,1999,2270000,5290000,0,90000,0,0,0,0,0,0,0
Laos,LAO,2000,1530000,5560000,0,70000,0,0,1020000,0,0,0,0
Laos,LAO,2001,180000,5760000,0,70000,0,0,1039999,0,0,0,0
Laos,LAO,2002,700000,5860000,0,70000,0,0,1070000,0,0,0,0
Laos,LAO,2003,890000,6000000,0,70000,0,0,1090000,0,0,0,0
Laos,LAO,2004,3260000,6220000,0,70000,0,0,1120000,0,0,0,0
Laos,LAO,2005,1700000,6090000,0,70000,0,0,1150000,0,0,0,0
Laos,LAO,2006,820000,6140000,0,80000,0,0,1170000,0,0,0,0
Laos,LAO,2007,3630000,6350000,0,80000,0,0,1270000,0,0,0,10000
Laos,LAO,2008,580000,6510000,10000,80000,0,0,1360000,0,0,0,10000
Laos,LAO,2009,880000,6780000,10000,80000,0,0,1320000,0,0,0,10000
Laos,LAO,2010,2640000,7160000,10000,80000,0,0,1290000,0,0,0,10000
Laos,LAO,2011,510000,6930000,10000,80000,0,0,1250000,0,0,0,10000
Laos,LAO,2012,1070000,7550000,10000,80000,0,0,1220000,0,0,0,10000
Laos,LAO,2013,1180000,7530000,10000,80000,0,0,1190000,0,10000,0,10000
Laos,LAO,2014,1100000,7700000,10000,90000,0,0,1200000,0,10000,0,10000
Laos,LAO,2015,1010000,7910000,20000,90000,0,0,1210000,0,10000,0,10000
Laos,LAO,2016,1650000,8240000,40000,90000,0,0,1200000,0,0,0,10000
Laos,LAO,2017,550000,8170000,40000,90000,0,0,1200000,0,0,0,10000
Laos,LAO,2018,470000,7940000,50000,90000,0,0,1190000,0,10000,0,10000
Laos,LAO,2019,980000,8210000,40000,90000,0,0,1180000,0,10000,0,10000
Laos,LAO,2020,2260000,8680000,50000,90000,0,0,1170000,0,10000,0,10000
Laos,LAO,2021,550000,8500000,60000,100000,0,0,1160000,0,10000,0,10000
Laos,LAO,2022,320000,8490000,60000,100000,0,0,1150000,0,10000,0,10000
Laos,LAO,2023,3040000,9160000,50000,100000,0,0,1150000,0,10000,0,10000
Latvia,LVA,1990,0,3280000,280000,730000,20000,0,270000,10000,0,0,20000
Latvia,LVA,1991,0,3210000,270000,760000,20000,0,320000,10000,0,0,20000
Latvia,LVA,1992,0,3910000,240000,720000,20000,0,290000,10000,0,0,20000
Latvia,LVA,1993,0,3290000,230000,640000,10000,0,310000,10000,0,0,20000
Latvia,LVA,1994,0,2100000,230000,620000,20000,0,300000,10000,0,0,20000
Latvia,LVA,1995,0,1790000,220000,640000,10000,0,310000,10000,0,0,20000
Latvia,LVA,1996,0,1730000,210000,650000,10000,0,320000,10000,0,0,20000
Latvia,LVA,1997,0,1620000,200000,660000,10000,0,300000,10000,0,0,10000
Latvia,LVA,1998,0,1530000,190000,680000,10000,0,290000,10000,0,0,10000
Latvia,LVA,1999,0,1400000,180000,690000,10000,0,290000,10000,0,0,10000
Latvia,LVA,2000,0,1220000,170000,710000,10000,0,270000,10000,0,0,20000
Latvia,LVA,2001,0,1200000,160000,730000,10000,0,300000,10000,0,0,20000
Latvia,LVA,2002,0,1250000,170000,700000,10000,0,290000,10000,0,0,20000
Latvia,LVA,2003,10000,1250000,129999,670000,10000,0,310000,10000,0,0,20000
Latvia,LVA,2004,0,1190000,129999,630000,10000,0,310000,10000,0,0,20000
Latvia,LVA,2005,0,1180000,150000,630000,10000,0,320000,10000,10000,0,20000
Latvia,LVA,2006,0,1200000,110000,610000,10000,0,310000,10000,10000,0,20000
Latvia,LVA,2007,0,1180000,110000,620000,10000,0,310000,10000,10000,0,20000
Latvia,LVA,2008,0,1210000,110000,650000,0,0,290000,10000,10000,0,20000
Latvia,LVA,2009,0,1160000,110000,660000,10000,0,320000,10000,10000,0,20000
Latvia,LVA,2010,0,1140000,100000,650000,10000,0,250000,10000,10000,0,20000
Latvia,LVA,2011,0,1150000,70000,610000,0,0,250000,10000,10000,0,10000
Latvia,LVA,2012,0,1150000,90000,600000,0,0,270000,10000,10000,0,10000
Latvia,LVA,2013,0,1170000,110000,590000,10000,0,240000,10000,10000,0,10000
Latvia,LVA,2014,0,1200000,150000,570000,0,0,240000,10000,20000,0,20000
Latvia,LVA,2015,0,1220000,120000,519999,10000,0,200000,10000,20000,0,20000
Latvia,LVA,2016,0,1210000,129999,519999,10000,0,190000,20000,10000,0,20000
Latvia,LVA,2017,0,1180000,170000,480000,10000,0,210000,20000,10000,0,10000
Latvia,LVA,2018,0,1110000,100000,490000,10000,0,220000,20000,20000,0,20000
Latvia,LVA,2019,0,1100000,110000,480000,10000,0,200000,20000,20000,0,10000
Latvia,LVA,2020,0,1120000,110000,480000,10000,0,180000,20000,20000,0,10000
Latvia,LVA,2021,0,1100000,110000,470000,10000,0,180000,20000,20000,0,10000
Latvia,LVA,2022,0,1090000,80000,470000,10000,0,180000,20000,20000,0,10000
Latvia,LVA,2023,0,1020000,80000,480000,10000,0,170000,20000,20000,0,10000
Lebanon,LBN,1990,0,190000,10000,340000,0,0,90000,0,0,0,20000
Lebanon,LBN,1991,0,210000,10000,340000,0,0,90000,0,0,0,30000
Lebanon,LBN,1992,0,210000,10000,640000,0,0,90000,0,0,0,40000
Lebanon,LBN,1993,0,210000,20000,930000,0,0,100000,0,0,0,40000
Lebanon,LBN,1994,0,210000,20000,1210000,0,0,110000,0,0,0,40000
Lebanon,LBN,1995,0,200000,30000,1380000,0,0,110000,0,0,0,50000
Lebanon,LBN,1996,0,220000,30000,1540000,0,0,110000,10000,0,0,50000
Lebanon,LBN,1997,0,220000,30000,1710000,0,0,120000,10000,0,0,50000
Lebanon,LBN,1998,0,220000,30000,1870000,0,0,120000,10000,0,0,50000
Lebanon,LBN,1999,0,230000,30000,2040000,0,0,120000,10000,0,0,50000
Lebanon,LBN,2000,0,220000,30000,2200000,0,0,120000,10000,0,0,50000
Lebanon,LBN,2001,0,220000,30000,2320000,0,0,120000,10000,0,0,40000
Lebanon,LBN,2002,0,220000,30000,2430000,0,0,120000,10000,0,0,40000
Lebanon,LBN,2003,0,230000,30000,2550000,0,0,120000,10000,0,0,50000
Lebanon,LBN,2004,0,220000,30000,2660000,0,0,129999,10000,0,0,50000
Lebanon,LBN,2005,0,230000,30000,2770000,0,0,129999,10000,0,0,50000
Lebanon,LBN,2006,0,240000,30000,2890000,0,0,129999,10000,0,0,40000
Lebanon,LBN,2007,0,220000,20000,3000000,0,0,129999,10000,0,0,30000
Lebanon,LBN,2008,0,230000,30000,3120000,0,0,140000,10000,0,0,50000
Lebanon,LBN,2009,0,230000,40000,3230000,0,0,129999,10000,0,0,60000
Lebanon,LBN,2010,0,200000,60000,3350000,0,0,120000,10000,0,0,60000
Lebanon,LBN,2011,0,259999,30000,3460000,0,0,120000,10000,0,0,60000
Lebanon,LBN,2012,0,280000,40000,3570000,0,0,120000,10000,0,0,70000
Lebanon,LBN,2013,0,280000,40000,2240000,0,0,120000,10000,0,0,60000
Lebanon,LBN,2014,0,290000,40000,2360000,0,0,120000,20000,0,0,70000
Lebanon,LBN,2015,0,280000,40000,2450000,0,0,120000,20000,0,0,70000
Lebanon,LBN,2016,0,270000,40000,2510000,0,0,120000,20000,0,0,80000
Lebanon,LBN,2017,0,280000,50000,2570000,0,0,120000,20000,0,0,80000
Lebanon,LBN,2018,0,280000,50000,2610000,10000,0,120000,20000,0,0,80000
Lebanon,LBN,2019,0,280000,40000,2650000,10000,0,120000,20000,0,0,80000
Lebanon,LBN,2020,0,280000,40000,2680000,0,0,120000,10000,0,0,70000
Lebanon,LBN,2021,0,280000,30000,2700000,0,0,120000,10000,0,0,70000
Lebanon,LBN,2022,0,280000,30000,2720000,10000,0,250000,0,0,0,60000
Lebanon,LBN,2023,0,280000,30000,2740000,10000,0,340000,0,0,0,60000
Lesotho,LSO,1990,10000,950000,0,129999,,0,0,,0,0,0
Lesotho,LSO,1991,10000,950000,0,140000,,0,0,,0,0,0
Lesotho,LSO,1992,10000,1060000,0,140000,,0,0,,0,0,0
Lesotho,LSO,1993,10000,1030000,0,140000,,0,0,,0,0,0
Lesotho,LSO,1994,10000,990000,0,180000,,0,0,,0,0,0
Lesotho,LSO,1995,10000,940000,0,150000,,0,0,,0,0,0
Lesotho,LSO,1996,0,910000,0,150000,,0,0,,0,0,0
Lesotho,LSO,1997,10000,970000,0,150000,,0,0,,0,0,0
Lesotho,LSO,1998,50000,820000,0,150000,,0,0,,0,0,0
Lesotho,LSO,1999,10000,1180000,0,150000,,0,0,,0,0,0
Lesotho,LSO,2000,0,1120000,0,150000,,0,0,,0,0,0
Lesotho,LSO,2001,0,1110000,0,150000,,0,0,,0,0,0
Lesotho,LSO,2002,0,980000,0,150000,,0,0,,0,0,0
Lesotho,LSO,2003,0,1020000,0,150000,,0,0,,0,0,0
Lesotho,LSO,2004,0,970000,0,150000,,0,0,,0,0,0
Lesotho,LSO,2005,0,1080000,0,150000,,0,0,,0,0,0
Lesotho,LSO,2006,0,1010000,0,150000,,0,0,,0,0,0
Lesotho,LSO,2007,0,1050000,0,150000,,0,0,,0,0,0
Lesotho,LSO,2008,0,1010000,0,150000,,0,0,,0,0,0
Lesotho,LSO,2009,0,1020000,0,150000,,0,0,,0,0,0
Lesotho,LSO,2010,0,1000000,0,160000,,0,0,,0,0,0
Lesotho,LSO,2011,0,1020000,0,160000,,0,0,,0,0,0
Lesotho,LSO,2012,0,1020000,0,160000,,0,0,,0,0,0
Lesotho,LSO,2013,0,940000,0,160000,,0,0,,0,0,0
Lesotho,LSO,2014,0,920000,0,160000,,0,0,,0,0,0
Lesotho,LSO,2015,0,900000,0,160000,,0,0,,0,0,0
Lesotho,LSO,2016,0,880000,0,170000,,0,0,0,0,0,0
Lesotho,LSO,2017,0,980000,0,170000,,0,0,0,0,0,0
Lesotho,LSO,2018,0,890000,0,170000,,0,0,0,0,0,0
Lesotho,LSO,2019,0,770000,0,170000,,0,0,0,0,0,0
Lesotho,LSO,2020,0,580000,0,180000,,0,0,0,0,0,0
Lesotho,LSO,2021,0,640000,0,180000,,0,0,0,0,0,0
Lesotho,LSO,2022,0,1150000,0,180000,,0,0,0,0,0,0
Lesotho,LSO,2023,0,800000,0,180000,,0,0,0,0,0,0
Liberia,LBR,1990,80000,190000,0,20000,0,0,0,0,,0,0
Liberia,LBR,1991,80000,160000,0,20000,0,0,0,0,,0,0
Liberia,LBR,1992,80000,170000,0,30000,0,0,0,0,,0,0
Liberia,LBR,1993,80000,140000,0,30000,0,0,0,0,,0,0
Liberia,LBR,1994,80000,140000,0,40000,0,0,0,0,,0,0
Liberia,LBR,1995,80000,140000,0,40000,0,0,0,0,,0,0
Liberia,LBR,1996,40000,140000,0,50000,0,0,0,0,,0,0
Liberia,LBR,1997,30000,160000,0,50000,0,0,0,0,,0,0
Liberia,LBR,1998,40000,170000,0,50000,0,0,0,0,,0,0
Liberia,LBR,1999,30000,160000,0,60000,0,0,0,0,,0,0
Liberia,LBR,2000,30000,160000,0,60000,0,0,0,0,,0,0
Liberia,LBR,2001,0,160000,0,60000,0,0,0,0,,0,0
Liberia,LBR,2002,0,150000,0,70000,0,0,0,0,,0,0
Liberia,LBR,2003,50000,160000,0,70000,0,0,0,0,,0,0
Liberia,LBR,2004,20000,160000,0,70000,0,0,0,0,,0,0
Liberia,LBR,2005,0,160000,0,70000,0,0,0,0,0,0,0
Liberia,LBR,2006,129999,170000,0,70000,0,0,0,0,0,0,0
Liberia,LBR,2007,20000,190000,0,80000,0,0,0,0,0,0,0
Liberia,LBR,2008,40000,210000,0,80000,0,0,0,0,0,0,0
Liberia,LBR,2009,440000,350000,0,80000,0,0,,0,0,0,0
Liberia,LBR,2010,30000,250000,0,80000,0,0,,0,0,0,0
Liberia,LBR,2011,50000,250000,0,80000,0,0,,0,0,0,0
Liberia,LBR,2012,30000,250000,0,90000,0,0,,0,0,0,0
Liberia,LBR,2013,50000,240000,0,90000,0,0,,0,0,0,0
Liberia,LBR,2014,230000,280000,0,90000,0,0,0,0,0,0,0
Liberia,LBR,2015,590000,340000,0,90000,0,0,0,0,0,0,0
Liberia,LBR,2016,40000,270000,40000,100000,0,0,0,0,0,0,0
Liberia,LBR,2017,40000,250000,0,100000,0,0,0,0,0,0,0
Liberia,LBR,2018,20000,240000,0,100000,0,0,0,0,0,0,0
Liberia,LBR,2019,150000,280000,0,100000,0,0,0,0,0,0,0
Liberia,LBR,2020,30000,250000,0,110000,0,0,0,0,0,0,0
Liberia,LBR,2021,10000,250000,0,110000,0,0,0,0,0,0,0
Liberia,LBR,2022,20000,259999,0,110000,0,0,0,0,0,0,0
Liberia,LBR,2023,40000,259999,0,110000,0,0,0,0,0,0,0
Libya,LBY,1990,0,1400000,29940000,490000,0,0,140000,10000,0,0,40000
Libya,LBY,1991,0,1370000,31920000,500000,0,0,140000,10000,0,0,40000
Libya,LBY,1992,0,1310000,26140000,610000,0,0,140000,10000,0,0,40000
Libya,LBY,1993,0,1260000,31220000,730000,0,0,140000,10000,0,0,50000
Libya,LBY,1994,0,1230000,37690000,830000,0,0,140000,10000,0,0,60000
Libya,LBY,1995,0,1260000,40690000,930000,0,0,140000,20000,0,0,70000
Libya,LBY,1996,0,1320000,41520000,1030000,0,0,140000,20000,0,0,70000
Libya,LBY,1997,0,1230000,36250000,1130000,0,0,150000,20000,0,0,60000
Libya,LBY,1998,0,1320000,34800000,1220000,0,0,150000,20000,0,0,70000
Libya,LBY,1999,0,1200000,32450000,1300000,0,0,150000,20000,0,0,70000
Libya,LBY,2000,0,1039999,34300000,1390000,0,0,160000,20000,0,0,70000
Libya,LBY,2001,0,1100000,31000000,1470000,0,0,180000,20000,0,0,80000
Libya,LBY,2002,0,1130000,29750000,1560000,0,0,180000,20000,0,0,80000
Libya,LBY,2003,0,1230000,33880000,1640000,0,0,190000,20000,0,0,80000
Libya,LBY,2004,0,1340000,34890000,1720000,0,0,190000,20000,0,0,90000
Libya,LBY,2005,0,1420000,37580000,1810000,0,0,190000,20000,0,0,90000
Libya,LBY,2006,0,1560000,37820000,1890000,0,0,200000,20000,0,0,100000
Libya,LBY,2007,0,1640000,36680000,1970000,0,0,200000,20000,0,0,90000
Libya,LBY,2008,0,1640000,37180000,2050000,0,0,200000,20000,0,0,110000
Libya,LBY,2009,0,1700000,33520000,2130000,0,0,210000,20000,0,0,120000
Libya,LBY,2010,0,1760000,35860000,2200000,0,0,210000,20000,0,0,120000
Libya,LBY,2011,0,1770000,14600000,2240000,0,0,200000,20000,0,0,100000
Libya,LBY,2012,0,1770000,40200000,2270000,0,0,200000,20000,0,0,129999
Libya,LBY,2013,0,1790000,28120000,2320000,0,0,200000,20000,0,0,150000
Libya,LBY,2014,0,1790000,18540000,2370000,0,0,200000,20000,0,0,150000
Libya,LBY,2015,0,1780000,16890000,2420000,0,0,200000,20000,0,0,140000
Libya,LBY,2016,0,1780000,15870000,2480000,0,0,210000,10000,0,0,150000
Libya,LBY,2017,0,1780000,27540000,2530000,0,0,210000,20000,0,0,150000
Libya,LBY,2018,0,1850000,31920000,2580000,0,0,210000,20000,0,0,150000
Libya,LBY,2019,0,1900000,34130000,2630000,0,0,220000,20000,0,0,150000
Libya,LBY,2020,0,1840000,14640000,2680000,0,0,220000,10000,0,0,160000
Libya,LBY,2021,0,1830000,37010000,2730000,0,0,220000,20000,0,0,170000
Libya,LBY,2022,0,1850000,33220002,2780000,0,0,220000,20000,0,0,170000
Libya,LBY,2023,0,1870000,39180000,2830000,0,0,230000,20000,0,0,180000
Liechtenstein,LIE,1990,0,0,0,0,,0,,,,,
Liechtenstein,LIE,1991,0,0,0,0,,0,,,,,
Liechtenstein,LIE,1992,0,0,0,0,,0,,,,,
Liechtenstein,LIE,1993,0,0,0,0,,0,,,,,
Liechtenstein,LIE,1994,0,0,0,0,,0,,,,,
Liechtenstein,LIE,1995,0,0,0,0,,0,,,,,
Liechtenstein,LIE,1996,0,0,0,0,,0,,,,,
Liechtenstein,LIE,1997,0,0,0,0,,0,,,,,
Liechtenstein,LIE,1998,0,0,0,0,,0,,,,,
Liechtenstein,LIE,1999,0,0,0,0,,0,,,,,
Liechtenstein,LIE,2000,0,0,0,0,,0,,,,,
Liechtenstein,LIE,2001,0,0,0,0,,0,,,,,
Liechtenstein,LIE,2002,0,0,0,0,,0,,,,,
Liechtenstein,LIE,2003,0,0,0,0,,0,,,,,
Liechtenstein,LIE,2004,0,0,0,0,,0,,,,,
Liechtenstein,LIE,2005,0,0,0,0,,0,,,,,
Liechtenstein,LIE,2006,0,0,0,0,,0,,,,,
Liechtenstein,LIE,2007,0,0,0,0,,0,,,,,
Liechtenstein,LIE,2008,0,0,0,0,,0,,,,,
Liechtenstein,LIE,2009,0,0,0,0,,0,,,,,
Liechtenstein,LIE,2010,0,0,0,0,,0,,,,,
Liechtenstein,LIE,2011,0,0,0,0,,0,,,,,
Liechtenstein,LIE,2012,0,0,0,0,,0,,,,,
Liechtenstein,LIE,2013,0,0,0,0,,0,,,,,
Liechtenstein,LIE,2014,0,0,0,0,,0,,,,,
Liechtenstein,LIE,2015,0,0,0,0,,0,,,,,
Liechtenstein,LIE,2016,0,0,0,0,,0,,,,,
Liechtenstein,LIE,2017,0,0,0,0,,0,,,,,
Liechtenstein,LIE,2018,0,0,0,0,,0,,,,,
Liechtenstein,LIE,2019,0,0,0,0,,0,,,,,
Liechtenstein,LIE,2020,0,0,0,0,,0,,,,,
Liechtenstein,LIE,2021,0,0,0,0,,0,,,,,
Liechtenstein,LIE,2022,0,0,0,0,,0,,,,,
Liechtenstein,LIE,2023,0,0,0,0,,0,,,,,
Lithuania,LTU,1990,0,5690000,300000,1760000,20000,10000,230000,10000,10000,0,40000
Lithuania,LTU,1991,0,5580000,290000,1790000,20000,10000,240000,10000,10000,0,40000
Lithuania,LTU,1992,0,6090000,280000,1820000,10000,0,129999,10000,0,0,30000
Lithuania,LTU,1993,0,4870000,259999,1840000,10000,0,170000,10000,0,0,20000
Lithuania,LTU,1994,0,4150000,259999,1840000,10000,0,170000,10000,0,0,20000
Lithuania,LTU,1995,0,3660000,259999,1840000,0,0,170000,10000,0,0,20000
Lithuania,LTU,1996,0,3470000,230000,1840000,0,0,190000,10000,0,0,30000
Lithuania,LTU,1997,0,3460000,230000,1850000,0,0,190000,10000,0,0,30000
Lithuania,LTU,1998,0,3320000,220000,1850000,0,0,190000,10000,0,0,30000
Lithuania,LTU,1999,0,3070000,210000,1850000,0,0,200000,10000,0,0,30000
Lithuania,LTU,2000,0,2840000,220000,1850000,0,0,210000,0,0,0,20000
Lithuania,LTU,2001,0,2510000,210000,1890000,0,0,210000,10000,0,0,30000
Lithuania,LTU,2002,0,2550000,230000,1890000,0,0,210000,10000,0,0,30000
Lithuania,LTU,2003,0,2610000,230000,1890000,10000,0,210000,10000,0,0,30000
Lithuania,LTU,2004,0,2670000,250000,1860000,0,0,210000,10000,10000,0,30000
Lithuania,LTU,2005,0,2620000,300000,1830000,0,0,220000,10000,10000,0,30000
Lithuania,LTU,2006,0,2620000,280000,1800000,0,0,230000,10000,10000,0,30000
Lithuania,LTU,2007,0,2670000,259999,1770000,0,0,220000,10000,10000,0,40000
Lithuania,LTU,2008,0,2500000,259999,1660000,0,0,230000,10000,0,0,40000
Lithuania,LTU,2009,0,2420000,240000,1640000,0,0,230000,10000,0,0,30000
Lithuania,LTU,2010,0,2360000,270000,1620000,0,0,240000,10000,0,0,30000
Lithuania,LTU,2011,0,2350000,210000,1550000,10000,0,230000,10000,0,0,30000
Lithuania,LTU,2012,0,2290000,270000,1540000,10000,0,230000,10000,0,0,30000
Lithuania,LTU,2013,0,2220000,270000,1490000,10000,0,230000,20000,10000,0,20000
Lithuania,LTU,2014,0,2170000,320000,1420000,10000,0,210000,20000,0,0,20000
Lithuania,LTU,2015,0,2200000,340000,1360000,10000,0,200000,20000,0,0,30000
Lithuania,LTU,2016,0,2150000,340000,1310000,10000,0,200000,20000,0,0,30000
Lithuania,LTU,2017,0,2069999,340000,1290000,10000,0,200000,30000,0,0,30000
Lithuania,LTU,2018,0,1910000,300000,1160000,10000,0,200000,30000,10000,0,30000
Lithuania,LTU,2019,0,1840000,330000,1120000,10000,0,190000,30000,10000,0,30000
Lithuania,LTU,2020,0,1820000,280000,1100000,10000,0,190000,30000,10000,0,30000
Lithuania,LTU,2021,0,1800000,270000,1050000,10000,0,190000,30000,10000,0,30000
Lithuania,LTU,2022,0,1810000,180000,1000000,10000,0,180000,30000,10000,0,30000
Lithuania,LTU,2023,0,1740000,180000,970000,10000,0,170000,30000,10000,0,30000
Low-income countries,OWID_LIC,1990,44250000,217860000,94720000,17600000,480000,0,37260000,20000,350000,10000,130000
Low-income countries,OWID_LIC,1991,44250000,218420000,104430000,17940000,470000,0,38290000,10000,340000,10000,120000
Low-income countries,OWID_LIC,1992,44250000,223750000,112820000,22110000,460000,0,39950000,10000,330000,10000,110000
Low-income countries,OWID_LIC,1993,44250000,224940000,123490000,25680000,450000,0,40990000,10000,330000,10000,110000
Low-income countries,OWID_LIC,1994,44250000,230780000,135530000,28180000,430000,0,41890000,10000,310000,10000,100000
Low-income countries,OWID_LIC,1995,44250000,234570000,136660000,29650000,420000,0,44420000,10000,320000,10000,120000
Low-income countries,OWID_LIC,1996,35830000,242930000,132840008,31160000,390000,0,45830000,10000,320000,10000,130000
Low-income countries,OWID_LIC,1997,51560000,249300000,131080000,32730000,380000,0,48090000,10000,320000,10000,130000
Low-income countries,OWID_LIC,1998,66680000,263130000,129830000,34170000,360000,0,49720000,10000,330000,10000,130000
Low-income countries,OWID_LIC,1999,62590000,265120000,131840000,35710000,390000,0,51070000,10000,330000,10000,120000
Low-income countries,OWID_LIC,2000,45990000,269010016,133530008,37260000,490000,0,51210000,10000,320000,10000,120000
Low-income countries,OWID_LIC,2001,35090000,261850000,131750000,38950000,510000,0,51550000,20000,330000,10000,120000
Low-income countries,OWID_LIC,2002,33550000,279160000,134830000,40960000,470000,0,53330000,20000,320000,10000,130000
Low-income countries,OWID_LIC,2003,44560000,292169984,131890000,43000000,490000,0,55480000,30000,340000,10000,140000
Low-income countries,OWID_LIC,2004,41860000,297049984,114410000,44970000,510000,0,57030000,30000,330000,10000,170000
Low-income countries,OWID_LIC,2005,47380000,310560000,112070000,47140000,560000,0,58370000,30000,360000,10000,180000
Low-income countries,OWID_LIC,2006,45540000,311040000,109220000,49160000,580000,0,59870000,30000,380000,10000,200000
Low-income countries,OWID_LIC,2007,45330000,324050016,103700000,51190000,540000,0,58310000,30000,360000,10000,220000
Low-income countries,OWID_LIC,2008,45750000,336060000,99230000,53540000,570000,0,59800000,40000,380000,10000,230000
Low-income countries,OWID_LIC,2009,38980000,339950016,97800000,55780000,550000,0,61390000,40000,380000,10000,260000
Low-income countries,OWID_LIC,2010,48870000,348829984,100760000,58000000,540000,0,62380000,30000,370000,10000,270000
Low-income countries,OWID_LIC,2011,49040000,349369984,92690000,60570000,470000,0,64150000,40000,370000,10000,270000
Low-income countries,OWID_LIC,2012,49030000,361569984,65220000,62970000,470000,0,61370000,30000,330000,0,260000
Low-income countries,OWID_LIC,2013,46460000,367749984,55720000,65120000,420000,0,65010000,20000,310000,0,250000
Low-income countries,OWID_LIC,2014,43180000,375050016,50510000,66240000,450000,0,68440000,20000,340000,0,250000
Low-income countries,OWID_LIC,2015,43160000,382670016,36480000,67580000,410000,0,70250000,10000,330000,0,230000
Low-income countries,OWID_LIC,2016,48370000,394090016,32430000,68540000,380000,0,72870000,30000,310000,0,220000
Low-income countries,OWID_LIC,2017,45050000,395789984,38310000,69450000,479999,0,77670000,30000,280000,0,260000
Low-income countries,OWID_LIC,2018,42990000,407980000,37590000,70500000,450000,0,76200000,40000,300000,0,300000
Low-income countries,OWID_LIC,2019,41910000,414640000,40720000,72500000,480000,0,77230000,30000,330000,0,320000
Low-income countries,OWID_LIC,2020,41490000,429220000,40440000,74680000,510000,0,81690000,30000,350000,0,290000
Low-income countries,OWID_LIC,2021,40240000,429029984,40440000,76820000,500000,0,84390000,20000,360000,0,330000
Low-income countries,OWID_LIC,2022,37030000,433429984,39290000,79020000,540000,0,88510000,30000,380000,0,350000
Low-income countries,OWID_LIC,2023,30180000,446640000,36150000,81350000,550000,0,90620000,20000,390000,0,350000
Lower-middle-income countries,OWID_LMC,1990,48710000,980929984,205900000,133190000,1480000,0,197020000,190000,1250000,10000,860000
Lower-middle-income countries,OWID_LMC,1991,48710000,986089984,214220000,140310000,1580000,0,198900000,180000,1310000,10000,890000
Lower-middle-income countries,OWID_LMC,1992,48720000,991470016,212250000,168450000,1470000,0,201380000,200000,1330000,10000,900000
Lower-middle-income countries,OWID_LMC,1993,48720000,1000659968,211730000,194180000,1490000,0,204270000,210000,1380000,10000,900000
Lower-middle-income countries,OWID_LMC,1994,48720000,1013960000,212640000,218640000,1850000,0,207220000,210000,1490000,20000,900000
Lower-middle-income countries,OWID_LMC,1995,48720000,1027209984,224020000,223940000,1490000,0,210870000,240000,1520000,30000,1010000
Lower-middle-income countries,OWID_LMC,1996,54270000,1036369984,244470000,227420000,1590000,0,212740000,260000,1619999,30000,1080000
Lower-middle-income countries,OWID_LMC,1997,63830000,1043000000,248820000,231020000,1630000,0,215890000,290000,1740000,30000,1180000
Lower-middle-income countries,OWID_LMC,1998,72950000,1053009984,243720000,233860000,1410000,0,218890000,300000,1720000,30000,1170000
Lower-middle-income countries,OWID_LMC,1999,70520000,1078640000,242480000,236300000,1470000,0,221270000,330000,1800000,40000,1250000
Lower-middle-income countries,OWID_LMC,2000,47790000,1081080064,250640000,239530000,1430000,0,220920000,340000,1870000,30000,1320000
Lower-middle-income countries,OWID_LMC,2001,26190000,1082579968,254370000,244850000,1430000,0,223510000,340000,2070000,30000,1430000
Lower-middle-income countries,OWID_LMC,2002,30720000,1085660032,247230000,251330000,1580000,0,226640000,360000,2130000,30000,1540000
Lower-middle-income countries,OWID_LMC,2003,43770000,1109619968,261430000,257600000,1710000,0,229420000,370000,2190000,30000,1610000
Lower-middle-income countries,OWID_LMC,2004,60110000,1121410048,273280000,263920000,1700000,0,233690000,440000,2320000,30000,1700000
Lower-middle-income countries,OWID_LMC,2005,49150000,1152720000,284650016,269700000,1840000,0,237270000,450000,2450000,20000,1800000
Lower-middle-income countries,OWID_LMC,2006,41760000,1171129984,290770016,276790016,1900000,0,239780000,520000,2580000,20000,1890000
Lower-middle-income countries,OWID_LMC,2007,54230000,1203360000,290790016,283470016,1840000,0,241520000,570000,2740000,20000,2150000
Lower-middle-income countries,OWID_LMC,2008,41740000,1220750080,295180000,292880000,2670000,0,244700000,580000,2860000,10000,2370000
Lower-middle-income countries,OWID_LMC,2009,49520000,1214860032,300670016,300470016,2260000,0,248430000,660000,2990000,10000,2650000
Lower-middle-income countries,OWID_LMC,2010,67650000,1230749952,315410016,307010016,2240000,0,251260000,730000,3280000,10000,2940000
Lower-middle-income countries,OWID_LMC,2011,46490000,1254880000,312160000,313460000,2030000,0,254980000,780000,3460000,10000,3150000
Lower-middle-income countries,OWID_LMC,2012,52020000,1262080000,307180000,321500000,2040000,0,256040000,830000,3540000,10000,3290000
Lower-middle-income countries,OWID_LMC,2013,45580000,1276300032,299640000,319829984,2040000,0,263210000,839999,3620000,10000,3430000
Lower-middle-income countries,OWID_LMC,2014,44200000,1281820032,303210016,327760000,2010000,0,264860000,1000000,3740000,10000,3580000
Lower-middle-income countries,OWID_LMC,2015,49390000,1296909952,308560000,335600000,2460000,0,257990000,1010000,3840000,10000,3920000
Lower-middle-income countries,OWID_LMC,2016,46360000,1316989952,298820000,343340000,2510000,0,257620000,1220000,3949999,20000,4280000
Lower-middle-income countries,OWID_LMC,2017,46450000,1326140032,294230016,348410016,2540000,0,257330000,1390000,4200000,20000,4560000
Lower-middle-income countries,OWID_LMC,2018,38910000,1317660032,297610016,353469984,2620000,0,257410000,1350000,4450000,30000,5050000
Lower-middle-income countries,OWID_LMC,2019,47790000,1329369984,293260000,358440000,2850000,0,257960000,1330000,4400000,20000,5210000
Lower-middle-income countries,OWID_LMC,2020,45450000,1358530048,273520000,365460000,2920000,0,258430000,1400000,4540000,10000,4880000
Lower-middle-income countries,OWID_LMC,2021,44730000,1375560064,273910016,372380000,2990000,0,258690000,1530000,4930000,10000,5400000
Lower-middle-income countries,OWID_LMC,2022,31200000,1389410048,267870000,379209984,3090000,0,258300000,1810000,5090000,20000,5770000
Lower-middle-income countries,OWID_LMC,2023,35090000,1400870016,278660000,386680000,3150000,0,259050000,1670000,5390000,20000,5960000
Luxembourg,LUX,1990,0,510000,20000,160000,0,0,10000,0,10000,0,20000
Luxembourg,LUX,1991,0,510000,20000,160000,0,0,10000,0,0,0,20000
Luxembourg,LUX,1992,0,510000,20000,160000,0,0,10000,0,0,0,20000
Luxembourg,LUX,1993,0,500000,20000,160000,0,0,10000,0,0,0,20000
Luxembourg,LUX,1994,0,500000,20000,160000,0,0,10000,0,0,0,20000
Luxembourg,LUX,1995,0,510000,30000,160000,0,0,10000,0,0,0,20000
Luxembourg,LUX,1996,0,510000,30000,160000,0,0,10000,0,0,0,20000
Luxembourg,LUX,1997,0,500000,30000,160000,0,0,10000,0,0,0,20000
Luxembourg,LUX,1998,0,490000,30000,160000,0,0,10000,0,0,0,20000
Luxembourg,LUX,1999,0,510000,30000,160000,0,0,10000,0,0,0,20000
Luxembourg,LUX,2000,0,490000,30000,160000,0,0,10000,0,0,0,30000
Luxembourg,LUX,2001,0,480000,40000,150000,0,0,10000,0,0,0,30000
Luxembourg,LUX,2002,0,470000,50000,150000,0,0,10000,0,0,0,30000
Luxembourg,LUX,2003,0,450000,50000,150000,0,0,10000,0,0,0,30000
Luxembourg,LUX,2004,0,450000,60000,150000,0,0,10000,0,0,0,30000
Luxembourg,LUX,2005,0,440000,60000,150000,0,0,10000,0,0,0,30000
Luxembourg,LUX,2006,0,440000,60000,150000,0,0,10000,0,0,0,20000
Luxembourg,LUX,2007,0,450000,60000,150000,0,0,10000,0,0,0,20000
Luxembourg,LUX,2008,0,460000,60000,150000,0,0,10000,0,0,0,20000
Luxembourg,LUX,2009,0,460000,60000,150000,0,0,10000,0,0,0,20000
Luxembourg,LUX,2010,0,470000,60000,140000,0,0,10000,0,0,0,20000
Luxembourg,LUX,2011,0,460000,50000,140000,0,0,10000,0,0,0,20000
Luxembourg,LUX,2012,0,450000,50000,140000,0,0,10000,0,0,0,20000
Luxembourg,LUX,2013,0,460000,50000,140000,0,0,10000,0,0,0,20000
Luxembourg,LUX,2014,0,470000,40000,140000,0,0,10000,0,0,0,20000
Luxembourg,LUX,2015,0,480000,40000,140000,0,0,10000,0,0,0,20000
Luxembourg,LUX,2016,0,490000,40000,140000,0,0,10000,0,0,0,20000
Luxembourg,LUX,2017,0,490000,40000,140000,0,0,10000,0,0,0,20000
Luxembourg,LUX,2018,0,480000,30000,140000,0,0,10000,0,0,0,20000
Luxembourg,LUX,2019,0,480000,30000,140000,0,0,10000,0,0,0,20000
Luxembourg,LUX,2020,0,470000,30000,140000,0,0,10000,10000,0,0,20000
Luxembourg,LUX,2021,0,470000,30000,140000,0,0,10000,10000,0,0,20000
Luxembourg,LUX,2022,0,470000,30000,140000,0,0,10000,10000,0,0,20000
Luxembourg,LUX,2023,0,450000,30000,140000,0,0,10000,10000,0,0,20000
Madagascar,MDG,1990,430000,17500000,0,60000,0,0,1550000,0,0,0,0
Madagascar,MDG,1991,430000,17400000,0,70000,0,0,1590000,0,0,0,0
Madagascar,MDG,1992,430000,17600000,0,70000,0,0,1630000,0,0,0,0
Madagascar,MDG,1993,430000,17900000,0,70000,0,0,1680000,0,0,0,0
Madagascar,MDG,1994,430000,17480000,0,350000,0,0,1430000,0,0,0,0
Madagascar,MDG,1995,430000,17570000,0,370000,0,0,1740000,0,10000,0,0
Madagascar,MDG,1996,990000,17600000,0,380000,0,0,1770000,0,10000,0,0
Madagascar,MDG,1997,560000,17550000,0,390000,0,0,1820000,0,10000,0,0
Madagascar,MDG,1998,770000,18020000,0,400000,0,0,1860000,0,10000,0,0
Madagascar,MDG,1999,740000,17790000,0,420000,0,0,1910000,0,10000,0,0
Madagascar,MDG,2000,140000,17510000,0,430000,0,0,1960000,0,10000,0,0
Madagascar,MDG,2001,300000,16480000,0,430000,0,0,2010000,0,10000,0,0
Madagascar,MDG,2002,150000,15350000,0,430000,0,0,1960000,0,10000,0,0
Madagascar,MDG,2003,190000,16480000,0,430000,0,0,2030000,0,10000,0,0
Madagascar,MDG,2004,230000,15780000,0,430000,0,0,2089999,0,10000,0,0
Madagascar,MDG,2005,570000,17990000,0,430000,0,0,2130000,0,10000,0,0
Madagascar,MDG,2006,390000,17380000,0,40000,0,0,2190000,0,10000,0,0
Madagascar,MDG,2007,280000,18200000,0,40000,0,0,2240000,0,10000,0,0
Madagascar,MDG,2008,129999,17580000,0,40000,0,0,2310000,0,10000,0,0
Madagascar,MDG,2009,370000,18030000,0,40000,0,0,2300000,0,10000,0,0
Madagascar,MDG,2010,660000,18010000,0,40000,0,0,2320000,0,10000,0,0
Madagascar,MDG,2011,700000,17450000,10000,40000,0,0,2350000,0,10000,0,0
Madagascar,MDG,2012,300000,17940000,0,50000,0,0,2380000,0,10000,0,0
Madagascar,MDG,2013,530000,16650000,0,50000,0,0,2410000,0,20000,0,0
Madagascar,MDG,2014,230000,17620000,0,50000,0,0,2450000,0,20000,0,0
Madagascar,MDG,2015,630000,17290000,10000,50000,0,0,2490000,0,20000,0,0
Madagascar,MDG,2016,460000,18490000,0,50000,0,0,3400000,0,10000,0,0
Madagascar,MDG,2017,490000,17830000,10000,50000,0,0,3520000,0,10000,0,10000
Madagascar,MDG,2018,360000,17330000,0,50000,0,0,3580000,0,10000,0,10000
Madagascar,MDG,2019,310000,18140000,10000,50000,0,0,3570000,0,20000,0,10000
Madagascar,MDG,2020,330000,17910000,10000,60000,0,0,3630000,0,20000,0,10000
Madagascar,MDG,2021,330000,16450001,10000,60000,0,0,3700000,0,20000,0,10000
Madagascar,MDG,2022,480000,15630000,10000,60000,0,0,3760000,0,20000,0,10000
Madagascar,MDG,2023,390000,19170000,10000,60000,0,0,3830000,0,20000,0,10000
Malawi,MWI,1990,240000,1250000,20000,120000,0,0,0,0,0,0,0
Malawi,MWI,1991,240000,1240000,20000,120000,0,0,0,0,0,0,0
Malawi,MWI,1992,240000,1230000,20000,120000,0,0,0,0,0,0,0
Malawi,MWI,1993,240000,1250000,20000,120000,0,0,0,0,0,0,0
Malawi,MWI,1994,240000,1140000,20000,120000,0,0,0,0,0,0,0
Malawi,MWI,1995,240000,1160000,20000,140000,0,0,0,0,0,0,0
Malawi,MWI,1996,230000,1220000,20000,160000,0,0,0,0,0,0,0
Malawi,MWI,1997,140000,1180000,30000,190000,0,0,0,0,0,0,0
Malawi,MWI,1998,180000,1300000,30000,200000,0,0,0,0,0,0,0
Malawi,MWI,1999,170000,1270000,30000,220000,0,0,0,0,0,0,0
Malawi,MWI,2000,50000,1350000,40000,240000,0,0,0,0,0,0,0
Malawi,MWI,2001,180000,1320000,20000,259999,0,0,0,0,0,0,0
Malawi,MWI,2002,170000,1360000,30000,280000,0,0,0,0,0,0,0
Malawi,MWI,2003,310000,1450000,40000,300000,0,0,0,0,0,0,0
Malawi,MWI,2004,220000,1400000,20000,310000,0,0,0,0,0,0,0
Malawi,MWI,2005,360000,1480000,20000,330000,0,0,0,0,0,0,0
Malawi,MWI,2006,170000,1510000,30000,350000,0,0,0,0,0,0,0
Malawi,MWI,2007,240000,1660000,30000,360000,0,0,0,0,0,0,0
Malawi,MWI,2008,270000,1840000,30000,380000,0,0,0,0,0,0,0
Malawi,MWI,2009,129999,1910000,30000,400000,0,0,0,0,0,0,0
Malawi,MWI,2010,450000,2140000,40000,410000,0,0,0,0,0,0,0
Malawi,MWI,2011,270000,2240000,40000,430000,0,0,0,0,0,0,0
Malawi,MWI,2012,420000,2410000,30000,450000,0,0,0,0,0,0,0
Malawi,MWI,2013,270000,2530000,30000,470000,0,0,0,0,0,0,0
Malawi,MWI,2014,340000,2670000,30000,480000,0,0,0,0,0,0,0
Malawi,MWI,2015,330000,2880000,30000,500000,0,0,0,0,0,0,0
Malawi,MWI,2016,440000,3060000,20000,519999,0,0,0,0,0,0,0
Malawi,MWI,2017,200000,3160000,30000,540000,0,0,0,0,0,0,0
Malawi,MWI,2018,270000,3580000,20000,560000,0,0,0,0,0,0,0
Malawi,MWI,2019,190000,4110000,20000,570000,0,0,0,0,0,0,0
Malawi,MWI,2020,240000,4270000,20000,590000,0,0,0,0,0,0,0
Malawi,MWI,2021,150000,4440000,20000,610000,0,0,0,0,0,0,0
Malawi,MWI,2022,270000,4590000,20000,630000,0,0,0,0,0,0,0
Malawi,MWI,2023,110000,4800000,20000,650000,0,0,0,0,0,0,0
Malaysia,MYS,1990,2410000,5400000,12140000,5310000,0,0,300000,10000,30000,0,110000
Malaysia,MYS,1991,2410000,5180000,13210000,5470000,0,0,280000,20000,30000,0,120000
Malaysia,MYS,1992,2410000,5210000,12790000,5630000,0,0,259999,20000,30000,0,120000
Malaysia,MYS,1993,2410000,5360000,13540000,5960000,0,0,250000,20000,30000,0,129999
Malaysia,MYS,1994,2410000,5630000,14990000,6050000,0,0,230000,20000,30000,0,150000
Malaysia,MYS,1995,2410000,5470000,16040001,6300000,10000,0,210000,20000,40000,0,160000
Malaysia,MYS,1996,1750000,5460000,17460000,6550000,10000,0,200000,20000,40000,0,190000
Malaysia,MYS,1997,2350000,5530000,19050000,6810000,10000,0,180000,30000,40000,0,210000
Malaysia,MYS,1998,12300000,5430000,18280000,6780000,0,0,160000,30000,40000,0,210000
Malaysia,MYS,1999,1490000,5300000,17940000,7370000,0,0,140000,30000,40000,0,250000
Malaysia,MYS,2000,1490000,5360000,18760000,7580000,0,0,129999,30000,50000,0,240000
Malaysia,MYS,2001,50000,5300000,19090000,7920000,0,0,120000,30000,50000,0,250000
Malaysia,MYS,2002,2020000,5280000,19800000,8330000,0,0,120000,30000,50000,0,259999
Malaysia,MYS,2003,1710000,5290000,21220000,9020000,0,0,110000,30000,50000,0,280000
Malaysia,MYS,2004,3840000,5410000,22770000,9550000,0,0,100000,30000,50000,0,300000
Malaysia,MYS,2005,4510000,5360000,23500000,10130000,0,0,100000,30000,60000,0,310000
Malaysia,MYS,2006,1290000,5190000,23190000,11090000,0,0,90000,40000,60000,0,290000
Malaysia,MYS,2007,2640000,5430000,23260000,11730000,0,0,90000,40000,60000,0,330000
Malaysia,MYS,2008,1130000,5370000,23960000,12640000,0,0,80000,40000,60000,0,350000
Malaysia,MYS,2009,5470000,5450000,22260000,13170000,0,0,80000,50000,40000,0,340000
Malaysia,MYS,2010,3100000,5460000,21620000,13440000,10000,0,70000,60000,40000,0,370000
Malaysia,MYS,2011,2610000,5380000,21060000,14200000,10000,0,60000,60000,40000,0,330000
Malaysia,MYS,2012,1290000,5350000,22490000,14580000,10000,0,50000,60000,40000,0,350000
Malaysia,MYS,2013,1950000,5340000,24510000,15320000,10000,0,40000,60000,40000,0,480000
Malaysia,MYS,2014,6400000,5070000,26290000,15900000,10000,0,20000,60000,40000,0,500000
Malaysia,MYS,2015,1970000,5350000,27080000,16240000,10000,0,10000,60000,40000,0,500000
Malaysia,MYS,2016,2590000,5300000,26090000,16580000,0,0,10000,50000,40000,0,519999
Malaysia,MYS,2017,70000,5260000,24980000,16920000,10000,0,10000,50000,40000,0,510000
Malaysia,MYS,2018,1720000,5280000,24560000,17250000,10000,0,10000,60000,40000,0,490000
Malaysia,MYS,2019,2260000,5110000,24020000,17560000,10000,0,10000,60000,30000,0,530000
Malaysia,MYS,2020,590000,4960000,22730000,17880000,10000,0,10000,60000,20000,0,430000
Malaysia,MYS,2021,770000,4970000,22870000,18170000,10000,0,10000,60000,30000,10000,410000
Malaysia,MYS,2022,330000,4910000,22520000,18460000,10000,0,10000,70000,20000,10000,530000
Malaysia,MYS,2023,450000,4750000,22080000,18820000,10000,0,10000,70000,20000,10000,550000
Maldives,MDV,1990,0,0,0,30000,,0,,0,0,0,0
Maldives,MDV,1991,0,0,0,30000,,0,,0,0,0,0
Maldives,MDV,1992,0,0,0,30000,,0,,0,0,0,0
Maldives,MDV,1993,0,0,0,40000,,0,,0,0,0,0
Maldives,MDV,1994,0,0,0,50000,,0,,0,0,0,0
Maldives,MDV,1995,0,0,0,60000,,0,,0,0,0,0
Maldives,MDV,1996,0,0,0,70000,,0,,0,0,0,0
Maldives,MDV,1997,0,0,0,70000,,0,,0,0,0,0
Maldives,MDV,1998,0,0,0,80000,,0,,0,0,0,0
Maldives,MDV,1999,0,0,0,80000,,0,0,0,0,0,0
Maldives,MDV,2000,0,0,0,90000,,0,0,0,0,0,0
Maldives,MDV,2001,0,0,0,100000,,0,0,0,0,0,0
Maldives,MDV,2002,0,0,0,100000,,0,0,0,0,0,0
Maldives,MDV,2003,0,0,0,110000,,0,0,0,0,0,0
Maldives,MDV,2004,0,0,0,110000,,0,0,0,0,0,0
Maldives,MDV,2005,0,0,0,120000,,0,0,0,0,0,0
Maldives,MDV,2006,0,0,0,120000,,0,0,0,0,0,0
Maldives,MDV,2007,0,0,0,129999,,0,0,0,0,0,0
Maldives,MDV,2008,0,0,0,129999,,0,0,0,0,0,0
Maldives,MDV,2009,0,0,0,140000,,0,0,0,0,0,0
Maldives,MDV,2010,0,0,0,140000,,0,0,0,0,0,0
Maldives,MDV,2011,0,0,0,150000,,0,0,0,0,0,0
Maldives,MDV,2012,0,0,0,160000,,0,0,0,0,0,0
Maldives,MDV,2013,0,0,0,160000,,0,0,0,0,0,0
Maldives,MDV,2014,0,0,0,170000,,0,0,0,0,0,0
Maldives,MDV,2015,0,0,0,170000,,0,0,0,0,0,0
Maldives,MDV,2016,0,0,0,180000,,0,0,0,0,0,0
Maldives,MDV,2017,0,0,0,190000,,0,0,0,0,0,0
Maldives,MDV,2018,0,0,0,200000,,0,0,0,0,0,0
Maldives,MDV,2019,0,0,0,200000,,0,0,0,0,0,0
Maldives,MDV,2020,0,0,0,210000,,0,0,0,0,0,0
Maldives,MDV,2021,0,0,0,220000,,0,0,0,0,0,0
Maldives,MDV,2022,0,0,0,220000,,0,0,0,0,0,0
Maldives,MDV,2023,0,0,0,230000,,0,0,0,0,0,0
Mali,MLI,1990,1700000,9700000,0,50000,0,0,0,0,0,0,0
Mali,MLI,1991,1700000,9660000,0,50000,0,0,0,0,0,0,0
Mali,MLI,1992,1700000,9660000,0,90000,0,0,0,0,0,0,0
Mali,MLI,1993,1700000,9790000,0,120000,0,0,0,0,0,0,0
Mali,MLI,1994,1700000,9980000,0,140000,0,0,0,0,0,0,0
Mali,MLI,1995,1700000,10240000,0,150000,0,0,0,0,0,0,0
Mali,MLI,1996,1180000,10820000,0,180000,0,0,0,0,0,0,0
Mali,MLI,1997,1590000,10950000,0,210000,0,0,0,0,0,0,0
Mali,MLI,1998,4080000,11560000,0,240000,0,0,0,0,0,0,0
Mali,MLI,1999,3820000,12330000,0,259999,0,0,0,0,0,0,0
Mali,MLI,2000,2060000,12740000,0,290000,0,0,430000,0,0,0,0
Mali,MLI,2001,0,12610000,0,300000,0,0,430000,0,0,0,0
Mali,MLI,2002,0,12920000,0,310000,0,0,440000,0,0,0,0
Mali,MLI,2003,0,13430000,0,330000,0,0,450000,0,0,0,0
Mali,MLI,2004,0,14700000,0,340000,0,0,460000,0,0,0,0
Mali,MLI,2005,0,15260000,0,350000,0,0,470000,0,0,0,0
Mali,MLI,2006,0,15160000,0,360000,0,0,480000,0,0,0,0
Mali,MLI,2007,0,15860000,0,370000,0,0,490000,0,0,0,0
Mali,MLI,2008,0,16670000,0,380000,0,0,500000,0,0,0,0
Mali,MLI,2009,0,16660000,0,390000,0,0,620000,0,0,0,10000
Mali,MLI,2010,0,17660000,0,410000,0,0,640000,0,0,0,10000
Mali,MLI,2011,0,18020000,0,420000,0,0,650000,0,0,0,10000
Mali,MLI,2012,0,18610000,0,430000,0,0,680000,0,0,0,10000
Mali,MLI,2013,0,19070000,0,450000,0,0,700000,0,0,0,10000
Mali,MLI,2014,0,19550000,0,460000,0,0,720000,0,0,0,10000
Mali,MLI,2015,0,20220000,0,480000,0,0,750000,0,0,0,10000
Mali,MLI,2016,0,22180000,0,500000,0,0,780000,0,0,0,10000
Mali,MLI,2017,0,22700000,0,510000,0,0,810000,0,0,0,20000
Mali,MLI,2018,0,23530000,0,530000,0,0,840000,0,0,0,20000
Mali,MLI,2019,0,24290000,0,550000,0,0,870000,0,0,0,20000
Mali,MLI,2020,0,25350000,0,570000,0,0,900000,0,0,0,20000
Mali,MLI,2021,0,26040000,0,590000,0,0,970000,0,0,0,30000
Mali,MLI,2022,0,26710000,0,610000,0,0,990000,10000,0,0,20000
Mali,MLI,2023,0,27610000,0,630000,0,0,1000000,10000,0,0,30000
Malta,MLT,1990,0,100000,0,70000,0,0,0,0,0,0,0
Malta,MLT,1991,0,100000,0,70000,0,0,0,0,0,0,0
Malta,MLT,1992,0,110000,0,80000,0,0,0,0,0,0,0
Malta,MLT,1993,0,110000,0,90000,0,0,0,0,0,0,0
Malta,MLT,1994,0,110000,0,90000,0,0,0,0,0,0,0
Malta,MLT,1995,0,100000,0,100000,0,0,0,0,0,0,0
Malta,MLT,1996,0,100000,0,110000,0,0,0,0,0,0,0
Malta,MLT,1997,0,100000,0,110000,0,0,0,0,0,0,0
Malta,MLT,1998,0,90000,0,120000,0,0,0,0,0,0,0
Malta,MLT,1999,0,100000,0,129999,0,0,0,0,0,0,0
Malta,MLT,2000,0,100000,0,140000,0,0,0,0,0,10000,0
Malta,MLT,2001,0,90000,0,150000,0,0,0,0,0,10000,0
Malta,MLT,2002,0,90000,0,160000,0,0,0,0,0,10000,0
Malta,MLT,2003,0,90000,0,170000,0,0,0,0,0,10000,0
Malta,MLT,2004,0,90000,0,170000,0,0,0,0,0,10000,0
Malta,MLT,2005,0,90000,0,180000,0,0,0,0,0,10000,0
Malta,MLT,2006,0,90000,0,190000,0,0,0,0,0,10000,0
Malta,MLT,2007,0,90000,0,200000,0,0,0,0,0,10000,0
Malta,MLT,2008,0,90000,0,110000,0,0,0,0,0,10000,0
Malta,MLT,2009,0,80000,0,129999,0,0,0,0,0,10000,0
Malta,MLT,2010,0,80000,0,110000,0,0,0,0,0,10000,0
Malta,MLT,2011,0,70000,0,110000,0,0,0,0,0,10000,0
Malta,MLT,2012,0,70000,0,120000,0,0,0,0,0,10000,0
Malta,MLT,2013,0,70000,0,110000,0,0,0,0,0,10000,0
Malta,MLT,2014,0,70000,0,129999,0,0,0,0,0,10000,0
Malta,MLT,2015,0,70000,0,140000,0,0,0,0,0,10000,0
Malta,MLT,2016,0,70000,0,150000,0,0,0,0,0,10000,0
Malta,MLT,2017,0,60000,70000,150000,0,0,0,0,0,20000,0
Malta,MLT,2018,0,60000,90000,160000,0,0,0,0,0,20000,0
Malta,MLT,2019,0,60000,100000,170000,0,0,0,0,0,20000,0
Malta,MLT,2020,0,60000,110000,180000,0,0,0,0,0,20000,0
Malta,MLT,2021,0,60000,129999,190000,0,0,0,0,0,20000,0
Malta,MLT,2022,0,60000,100000,200000,0,0,0,0,0,20000,0
Malta,MLT,2023,0,60000,110000,210000,0,0,0,0,0,20000,0
Marshall Islands,MHL,1990,,,0,,,,,,,,
Marshall Islands,MHL,1991,0,0,0,,,,,,,,
Marshall Islands,MHL,1992,0,0,0,0,,,0,0,,0,0
Marshall Islands,MHL,1993,0,0,0,0,,,0,0,,0,0
Marshall Islands,MHL,1994,0,0,0,0,,,0,0,,0,0
Marshall Islands,MHL,1995,0,0,0,0,,,0,0,,0,0
Marshall Islands,MHL,1996,0,0,0,0,,,0,0,,0,0
Marshall Islands,MHL,1997,0,0,0,0,,,0,0,,0,0
Marshall Islands,MHL,1998,0,0,0,0,,,0,0,,0,0
Marshall Islands,MHL,1999,0,0,0,0,,,0,0,,0,0
Marshall Islands,MHL,2000,0,0,0,0,,,0,0,,0,0
Marshall Islands,MHL,2001,0,0,0,0,,,0,0,,0,0
Marshall Islands,MHL,2002,0,0,0,0,,,0,0,,0,0
Marshall Islands,MHL,2003,0,0,0,0,,,0,0,,0,0
Marshall Islands,MHL,2004,0,0,0,0,,,0,0,,0,0
Marshall Islands,MHL,2005,0,0,0,0,,,0,0,,0,0
Marshall Islands,MHL,2006,0,0,0,0,,,0,0,,0,0
Marshall Islands,MHL,2007,0,0,0,0,,,0,0,,0,0
Marshall Islands,MHL,2008,0,0,0,0,,,0,0,,0,0
Marshall Islands,MHL,2009,0,0,0,0,,,0,0,,0,0
Marshall Islands,MHL,2010,0,0,0,0,,,0,0,,0,0
Marshall Islands,MHL,2011,0,0,0,0,,,0,0,,0,0
Marshall Islands,MHL,2012,0,0,0,0,,,0,0,,0,0
Marshall Islands,MHL,2013,0,0,0,0,,,0,0,,0,0
Marshall Islands,MHL,2014,0,0,0,0,,,0,0,,0,0
Marshall Islands,MHL,2015,0,0,0,0,,,0,0,,0,0
Marshall Islands,MHL,2016,0,0,0,0,,,0,0,,0,0
Marshall Islands,MHL,2017,0,0,0,0,,,0,0,,0,0
Marshall Islands,MHL,2018,0,0,0,0,,,0,0,,0,0
Marshall Islands,MHL,2019,0,0,0,0,,,0,0,,0,0
Marshall Islands,MHL,2020,0,0,0,0,,,0,0,,0,0
Marshall Islands,MHL,2021,0,0,0,0,,,0,0,,0,0
Marshall Islands,MHL,2022,0,0,0,0,,,0,0,,0,0
Marshall Islands,MHL,2023,0,0,0,0,,,0,0,,0,0
Mauritania,MRT,1990,0,4139999,0,100000,0,0,60000,0,0,0,0
Mauritania,MRT,1991,0,4280000,0,100000,0,0,60000,0,0,0,0
Mauritania,MRT,1992,0,4159999,0,160000,0,0,60000,0,0,0,0
Mauritania,MRT,1993,0,4300000,0,210000,0,0,60000,0,0,0,0
Mauritania,MRT,1994,0,4190000,0,250000,0,0,60000,0,0,0,0
Mauritania,MRT,1995,0,4200000,0,280000,0,0,60000,0,0,0,0
Mauritania,MRT,1996,0,4540000,0,240000,0,0,60000,0,0,0,0
Mauritania,MRT,1997,0,4830000,0,190000,0,0,60000,0,0,0,0
Mauritania,MRT,1998,0,5100000,0,140000,0,0,70000,0,0,0,0
Mauritania,MRT,1999,0,5480000,0,90000,0,0,70000,0,0,0,0
Mauritania,MRT,2000,0,5770000,0,40000,0,0,70000,0,0,0,0
Mauritania,MRT,2001,0,5840000,100000,40000,0,0,70000,0,0,0,0
Mauritania,MRT,2002,0,5900000,120000,40000,0,0,70000,0,0,0,0
Mauritania,MRT,2003,0,6020000,129999,50000,0,0,70000,0,0,0,0
Mauritania,MRT,2004,0,5930000,0,50000,0,0,70000,0,0,0,0
Mauritania,MRT,2005,0,6020000,0,50000,0,0,70000,0,0,0,0
Mauritania,MRT,2006,0,6180000,150000,50000,0,0,70000,0,0,0,0
Mauritania,MRT,2007,0,6070000,80000,50000,0,0,80000,0,0,0,0
Mauritania,MRT,2008,0,5550000,70000,50000,0,0,80000,0,0,0,0
Mauritania,MRT,2009,0,5900000,70000,50000,0,0,80000,0,0,0,0
Mauritania,MRT,2010,0,6190000,50000,60000,0,0,80000,0,0,0,0
Mauritania,MRT,2011,0,6260000,40000,60000,0,0,80000,0,0,0,0
Mauritania,MRT,2012,0,6450000,40000,60000,0,0,80000,0,0,0,0
Mauritania,MRT,2013,0,6610000,40000,60000,0,0,90000,0,0,0,0
Mauritania,MRT,2014,0,6850000,30000,60000,0,0,90000,0,0,0,0
Mauritania,MRT,2015,0,6960000,30000,60000,0,0,90000,0,0,0,0
Mauritania,MRT,2016,0,6930000,30000,70000,0,0,90000,0,0,0,0
Mauritania,MRT,2017,0,7010000,20000,70000,0,0,90000,0,0,0,0
Mauritania,MRT,2018,0,7080000,0,70000,0,0,90000,0,0,0,0
Mauritania,MRT,2019,0,7220000,0,70000,0,0,90000,0,0,0,0
Mauritania,MRT,2020,0,7370000,0,70000,0,0,100000,0,0,0,0
Mauritania,MRT,2021,0,7560000,0,80000,0,0,100000,0,0,0,0
Mauritania,MRT,2022,0,7510000,0,80000,0,0,100000,0,0,0,10000
Mauritania,MRT,2023,0,7670000,0,80000,0,0,100000,0,0,0,10000
Mauritius,MUS,1990,0,50000,0,860000,0,0,40000,0,10000,0,0
Mauritius,MUS,1991,0,50000,0,870000,0,0,30000,0,10000,0,0
Mauritius,MUS,1992,0,50000,0,900000,0,0,20000,0,10000,0,0
Mauritius,MUS,1993,0,50000,0,930000,0,0,20000,0,10000,0,0
Mauritius,MUS,1994,0,50000,0,960000,0,0,10000,0,10000,0,0
Mauritius,MUS,1995,0,50000,0,980000,0,0,10000,0,10000,0,0
Mauritius,MUS,1996,0,50000,0,1090000,0,0,10000,0,10000,0,0
Mauritius,MUS,1997,0,40000,0,1200000,0,0,10000,0,10000,0,0
Mauritius,MUS,1998,0,40000,0,1310000,0,0,10000,10000,10000,0,0
Mauritius,MUS,1999,0,50000,0,1420000,0,0,10000,0,0,0,0
Mauritius,MUS,2000,0,50000,0,1520000,0,0,10000,10000,0,0,0
Mauritius,MUS,2001,0,30000,0,1670000,0,0,10000,10000,0,0,0
Mauritius,MUS,2002,0,30000,0,1590000,0,0,10000,10000,0,0,0
Mauritius,MUS,2003,0,30000,0,1650000,0,0,10000,10000,0,0,0
Mauritius,MUS,2004,0,30000,0,1660000,0,0,10000,10000,0,0,0
Mauritius,MUS,2005,0,20000,0,1650000,0,0,10000,10000,0,0,0
Mauritius,MUS,2006,0,20000,0,1990000,0,0,10000,10000,0,0,0
Mauritius,MUS,2007,0,20000,0,2000000,0,0,10000,10000,0,0,0
Mauritius,MUS,2008,0,20000,0,2000000,0,0,10000,10000,0,0,0
Mauritius,MUS,2009,0,20000,0,2000000,0,0,10000,10000,0,0,10000
Mauritius,MUS,2010,0,20000,0,2010000,0,0,10000,10000,0,0,10000
Mauritius,MUS,2011,0,30000,0,2010000,0,0,10000,10000,0,0,10000
Mauritius,MUS,2012,0,30000,0,2020000,0,0,10000,10000,0,0,10000
Mauritius,MUS,2013,0,30000,0,2020000,0,0,10000,10000,0,0,10000
Mauritius,MUS,2014,0,30000,0,2050000,0,0,10000,10000,0,0,10000
Mauritius,MUS,2015,0,30000,0,2069999,0,0,10000,10000,0,0,10000
Mauritius,MUS,2016,0,20000,0,2089999,0,0,10000,10000,0,0,10000
Mauritius,MUS,2017,0,20000,0,2120000,0,0,10000,10000,0,0,10000
Mauritius,MUS,2018,0,20000,0,2140000,0,0,10000,10000,0,0,10000
Mauritius,MUS,2019,0,20000,0,2160000,0,0,0,10000,0,10000,10000
Mauritius,MUS,2020,0,20000,0,2180000,0,0,0,10000,0,10000,10000
Mauritius,MUS,2021,0,20000,0,2200000,0,0,0,10000,0,0,10000
Mauritius,MUS,2022,0,20000,0,2210000,0,0,0,10000,0,0,10000
Mauritius,MUS,2023,0,20000,0,2230000,0,0,0,10000,0,0,10000
Mexico,MEX,1990,1490000,62060000,39750000,7620000,20000,0,2370000,80000,110000,0,740000
Mexico,MEX,1991,1490000,61590000,41420000,8319999,20000,0,2390000,110000,90000,0,800000
Mexico,MEX,1992,1490000,60540000,41150000,9010000,20000,0,2480000,120000,80000,0,800000
Mexico,MEX,1993,1490000,61830000,42100000,15530000,20000,0,2390000,120000,90000,0,820000
Mexico,MEX,1994,1490000,61660000,42500000,16160000,20000,0,2400000,129999,80000,10000,860000
Mexico,MEX,1995,1490000,60890000,42500000,16830000,20000,0,2400000,129999,80000,10000,800000
Mexico,MEX,1996,1370000,59170000,45680000,17430000,20000,0,2410000,120000,90000,10000,810000
Mexico,MEX,1997,1570000,59810000,49350000,17320000,20000,0,2420000,129999,100000,10000,840000
Mexico,MEX,1998,8330000,60560000,49600000,17240000,20000,0,2430000,150000,110000,10000,860000
Mexico,MEX,1999,4230000,58970000,48220000,18110000,20000,0,2440000,140000,90000,10000,890000
Mexico,MEX,2000,4260000,59530000,49590000,19190000,20000,0,2450000,150000,90000,10000,950000
Mexico,MEX,2001,400000,59570000,50090000,19800000,20000,0,2300000,160000,80000,10000,980000
Mexico,MEX,2002,920000,61000000,50680000,20660000,20000,0,2290000,160000,80000,10000,1020000
Mexico,MEX,2003,2190000,61400000,54980000,21440000,20000,0,2300000,160000,90000,10000,1080000
Mexico,MEX,2004,330000,60740000,55700000,22480000,30000,0,2300000,160000,100000,10000,1130000
Mexico,MEX,2005,1390000,60750000,55440000,23950000,30000,0,2290000,160000,110000,10000,1190000
Mexico,MEX,2006,1070000,60820000,55770000,26480000,30000,0,2280000,150000,129999,10000,1230000
Mexico,MEX,2007,740000,61400000,54310000,28130000,30000,0,2270000,160000,110000,10000,1300000
Mexico,MEX,2008,990000,61980000,53330000,29870000,30000,0,2260000,150000,120000,10000,1340000
Mexico,MEX,2009,980000,62860000,49990000,31020000,30000,0,2240000,140000,90000,10000,1330000
Mexico,MEX,2010,480000,63240000,49390000,32560002,30000,0,2230000,150000,110000,10000,1350000
Mexico,MEX,2011,1420000,64360000,49100000,34540000,30000,0,2220000,150000,120000,10000,1350000
Mexico,MEX,2012,610000,62270000,51600000,34630000,40000,0,2210000,170000,100000,10000,1350000
Mexico,MEX,2013,1490000,63100000,51050000,27200000,30000,0,2200000,170000,120000,10000,1360000
Mexico,MEX,2014,120000,63720000,50630000,37320000,30000,0,2190000,170000,90000,10000,1350000
Mexico,MEX,2015,650000,64750000,45820000,47440000,40000,0,2180000,160000,110000,10000,1370000
Mexico,MEX,2016,780000,65420000,43920000,48730000,40000,0,2160000,170000,90000,10000,1430000
Mexico,MEX,2017,1190000,66470000,37130000,49990000,40000,0,2150000,170000,140000,10000,1390000
Mexico,MEX,2018,550000,67200000,36490000,51200000,40000,0,2140000,190000,100000,10000,1370000
Mexico,MEX,2019,1510000,67980000,38130000,52370000,40000,0,2130000,180000,110000,10000,1390000
Mexico,MEX,2020,1290000,68650000,36890000,53450000,20000,0,1890000,170000,100000,0,1080000
Mexico,MEX,2021,850000,69170000,37960000,54350000,20000,0,2120000,170000,80000,0,1080000
Mexico,MEX,2022,750000,69690000,36720000,55270000,40000,0,2110000,150000,80000,10000,1360000
Mexico,MEX,2023,1020000,70250000,37090000,57990000,40000,0,2089999,150000,80000,10000,1320000
Micronesia (country),FSM,1990,,,0,0,,0,,,,,
Micronesia (country),FSM,1991,0,40000,0,0,,0,,,,,
Micronesia (country),FSM,1992,0,40000,0,0,0,0,,0,,0,0
Micronesia (country),FSM,1993,0,40000,0,0,0,0,,0,,0,0
Micronesia (country),FSM,1994,0,40000,0,0,0,0,,0,,0,0
Micronesia (country),FSM,1995,0,40000,0,0,0,0,,0,,0,0
Micronesia (country),FSM,1996,0,40000,0,0,0,0,,0,,0,0
Micronesia (country),FSM,1997,0,40000,0,0,0,0,,0,,0,0
Micronesia (country),FSM,1998,0,40000,0,0,0,0,,0,,0,0
Micronesia (country),FSM,1999,0,40000,0,0,0,0,,0,,0,0
Micronesia (country),FSM,2000,0,40000,0,0,0,0,,0,,0,0
Micronesia (country),FSM,2001,0,40000,0,0,0,0,,0,,0,0
Micronesia (country),FSM,2002,0,40000,0,0,0,0,,0,,0,0
Micronesia (country),FSM,2003,0,40000,0,0,0,0,,0,,0,0
Micronesia (country),FSM,2004,0,40000,0,0,0,0,,0,,0,0
Micronesia (country),FSM,2005,0,40000,0,0,0,0,,0,,0,0
Micronesia (country),FSM,2006,0,40000,0,0,0,0,,0,,0,0
Micronesia (country),FSM,2007,0,40000,0,0,0,0,,0,,0,0
Micronesia (country),FSM,2008,0,40000,0,0,0,0,,0,,0,0
Micronesia (country),FSM,2009,0,40000,0,0,0,0,,0,,0,0
Micronesia (country),FSM,2010,0,40000,0,0,0,0,,0,,0,0
Micronesia (country),FSM,2011,0,50000,0,0,0,0,,0,,0,0
Micronesia (country),FSM,2012,0,50000,0,0,0,0,,0,,0,0
Micronesia (country),FSM,2013,0,50000,0,0,0,0,,0,,0,0
Micronesia (country),FSM,2014,0,50000,0,0,0,0,,0,,0,0
Micronesia (country),FSM,2015,0,50000,0,0,0,0,,0,,0,0
Micronesia (country),FSM,2016,0,50000,0,0,0,0,,0,,0,0
Micronesia (country),FSM,2017,0,50000,0,0,0,0,,0,,0,0
Micronesia (country),FSM,2018,0,50000,0,0,0,0,,0,,0,0
Micronesia (country),FSM,2019,0,50000,0,0,0,0,,0,,0,0
Micronesia (country),FSM,2020,0,50000,0,0,0,0,,0,,0,0
Micronesia (country),FSM,2021,0,50000,0,0,0,0,,0,,0,0
Micronesia (country),FSM,2022,0,50000,0,0,0,0,,0,,0,0
Micronesia (country),FSM,2023,0,50000,0,0,0,0,,0,,0,0
Moldova,MDA,1990,0,3060000,910000,2350000,100000,0,0,10000,0,0,30000
Moldova,MDA,1991,0,3000000,850000,2510000,70000,0,0,10000,0,0,20000
Moldova,MDA,1992,0,2500000,770000,2630000,10000,0,90000,10000,0,0,20000
Moldova,MDA,1993,0,2170000,690000,2590000,20000,0,40000,10000,0,0,10000
Moldova,MDA,1994,0,2530000,670000,2500000,10000,0,40000,0,0,0,10000
Moldova,MDA,1995,0,2420000,740000,2430000,10000,0,40000,0,0,0,10000
Moldova,MDA,1996,0,2340000,810000,2320000,10000,0,30000,0,0,0,10000
Moldova,MDA,1997,0,2000000,660000,2220000,10000,0,20000,0,0,0,10000
Moldova,MDA,1998,0,1720000,620000,2110000,10000,0,10000,0,0,0,10000
Moldova,MDA,1999,0,1630000,620000,1970000,10000,0,10000,0,0,0,10000
Moldova,MDA,2000,0,1510000,670000,1850000,10000,0,10000,0,0,0,10000
Moldova,MDA,2001,0,1380000,670000,1750000,10000,0,10000,0,0,0,10000
Moldova,MDA,2002,0,1470000,720000,1650000,10000,0,10000,0,0,0,10000
Moldova,MDA,2003,0,1500000,760000,1610000,10000,0,20000,0,0,0,10000
Moldova,MDA,2004,0,1390000,820000,1590000,10000,0,20000,0,0,0,10000
Moldova,MDA,2005,0,1280000,880000,1610000,0,0,40000,0,0,0,10000
Moldova,MDA,2006,0,1230000,770000,1630000,0,0,50000,0,0,0,10000
Moldova,MDA,2007,0,1200000,810000,1710000,0,0,40000,0,0,0,10000
Moldova,MDA,2008,0,970000,810000,1830000,0,0,40000,0,0,0,10000
Moldova,MDA,2009,0,930000,670000,1910000,0,0,40000,0,0,0,10000
Moldova,MDA,2010,0,970000,650000,1980000,0,0,200000,0,0,0,10000
Moldova,MDA,2011,0,970000,740000,1970000,0,0,200000,0,0,0,10000
Moldova,MDA,2012,0,910000,730000,1960000,0,0,220000,0,0,0,10000
Moldova,MDA,2013,0,870000,690000,1970000,0,0,220000,0,0,0,10000
Moldova,MDA,2014,10000,870000,670000,1950000,0,0,230000,0,0,0,10000
Moldova,MDA,2015,0,840000,580000,1940000,0,0,230000,0,0,0,10000
Moldova,MDA,2016,0,820000,580000,1920000,0,0,250000,0,0,0,10000
Moldova,MDA,2017,0,830000,530000,1900000,0,0,280000,0,0,0,10000
Moldova,MDA,2018,0,790000,580000,1880000,0,0,270000,0,0,0,10000
Moldova,MDA,2019,0,710000,590000,1870000,0,0,240000,0,0,0,10000
Moldova,MDA,2020,0,570000,590000,1850000,0,0,220000,0,0,0,10000
Moldova,MDA,2021,0,550000,650000,1840000,0,0,230000,0,0,0,10000
Moldova,MDA,2022,0,540000,500000,1840000,10000,0,190000,0,0,0,10000
Moldova,MDA,2023,0,540000,510000,1880000,10000,0,190000,0,0,0,10000
Mongolia,MNG,1990,90000,9200000,259999,120000,50000,0,120000,0,10000,0,10000
Mongolia,MNG,1991,90000,9560000,240000,120000,20000,0,120000,0,10000,0,10000
Mongolia,MNG,1992,90000,9370000,180000,120000,30000,0,50000,0,10000,0,10000
Mongolia,MNG,1993,90000,9260000,150000,120000,20000,0,60000,0,10000,0,10000
Mongolia,MNG,1994,90000,9120000,129999,120000,20000,0,50000,0,0,0,10000
Mongolia,MNG,1995,90000,9860000,129999,120000,20000,0,40000,0,10000,0,10000
Mongolia,MNG,1996,190000,10500000,129999,120000,20000,0,40000,0,0,0,10000
Mongolia,MNG,1997,1100000,11110000,129999,120000,10000,0,40000,0,0,0,10000
Mongolia,MNG,1998,570000,11430000,129999,120000,10000,0,40000,0,0,0,10000
Mongolia,MNG,1999,170000,11910000,140000,129999,20000,0,40000,0,0,0,10000
Mongolia,MNG,2000,430000,12080000,150000,140000,20000,0,90000,0,0,0,10000
Mongolia,MNG,2001,0,10250000,160000,140000,30000,0,100000,0,0,0,10000
Mongolia,MNG,2002,40000,8200000,170000,150000,30000,0,129999,0,0,0,10000
Mongolia,MNG,2003,10000,8229999,180000,160000,30000,0,140000,0,0,0,10000
Mongolia,MNG,2004,0,7830000,190000,170000,30000,0,140000,0,0,0,10000
Mongolia,MNG,2005,0,8670000,200000,180000,30000,0,180000,0,0,0,10000
Mongolia,MNG,2006,0,9680000,220000,180000,30000,0,150000,0,10000,0,10000
Mongolia,MNG,2007,20000,11010000,270000,190000,40000,0,160000,0,0,0,10000
Mongolia,MNG,2008,0,11100000,300000,200000,40000,0,150000,0,0,0,10000
Mongolia,MNG,2009,60000,11280000,450000,210000,40000,0,220000,0,0,0,10000
Mongolia,MNG,2010,0,8840000,740000,220000,30000,0,230000,0,0,0,10000
Mongolia,MNG,2011,20000,10140000,990000,230000,40000,0,220000,0,0,0,10000
Mongolia,MNG,2012,0,11380000,960000,240000,40000,0,190000,0,0,0,20000
Mongolia,MNG,2013,0,12240000,1010000,250000,40000,0,210000,0,0,0,10000
Mongolia,MNG,2014,0,14180000,960000,259999,40000,0,170000,0,0,0,20000
Mongolia,MNG,2015,20000,15620000,970000,270000,30000,0,160000,0,0,0,20000
Mongolia,MNG,2016,0,16760000,1330000,280000,40000,0,210000,0,0,0,10000
Mongolia,MNG,2017,20000,17830000,1660000,290000,30000,0,200000,0,0,0,20000
Mongolia,MNG,2018,0,17780000,1740000,300000,50000,0,210000,0,0,0,20000
Mongolia,MNG,2019,0,19130000,1850000,310000,60000,0,170000,0,0,0,20000
Mongolia,MNG,2020,0,18470000,1480000,300000,40000,0,200000,0,0,0,20000
Mongolia,MNG,2021,0,18890000,1160000,300000,50000,0,210000,0,0,0,20000
Mongolia,MNG,2022,0,20510000,1020000,310000,50000,0,200000,0,0,0,30000
Mongolia,MNG,2023,0,19670000,1000000,320000,50000,0,200000,10000,0,0,30000
Montenegro,MNE,1990,0,790000,0,60000,0,0,0,0,0,0,0
Montenegro,MNE,1991,0,760000,0,60000,0,0,0,0,0,0,0
Montenegro,MNE,1992,0,640000,0,60000,0,0,0,0,0,0,0
Montenegro,MNE,1993,0,630000,0,70000,0,0,0,0,0,0,0
Montenegro,MNE,1994,0,610000,0,70000,0,0,0,0,0,0,0
Montenegro,MNE,1995,0,640000,0,80000,0,0,0,0,0,0,0
Montenegro,MNE,1996,0,640000,0,80000,0,0,0,0,0,0,0
Montenegro,MNE,1997,0,630000,0,80000,0,0,0,0,0,0,0
Montenegro,MNE,1998,0,620000,0,90000,0,0,0,0,0,0,0
Montenegro,MNE,1999,0,580000,0,90000,0,0,0,0,0,0,0
Montenegro,MNE,2000,0,500000,0,90000,0,0,0,0,0,0,0
Montenegro,MNE,2001,0,480000,0,100000,0,0,0,0,0,0,0
Montenegro,MNE,2002,0,470000,0,100000,0,0,0,0,0,0,0
Montenegro,MNE,2003,0,460000,0,100000,0,0,0,0,0,0,0
Montenegro,MNE,2004,0,460000,0,100000,0,0,0,0,0,0,0
Montenegro,MNE,2005,0,410000,40000,110000,0,0,50000,0,0,0,0
Montenegro,MNE,2006,0,440000,40000,110000,0,0,50000,0,0,0,0
Montenegro,MNE,2007,0,420000,30000,110000,0,0,50000,0,0,0,0
Montenegro,MNE,2008,0,400000,40000,110000,0,0,50000,0,0,0,0
Montenegro,MNE,2009,0,390000,20000,120000,0,0,60000,0,0,0,0
Montenegro,MNE,2010,0,370000,50000,110000,0,0,60000,0,0,0,0
Montenegro,MNE,2011,0,330000,50000,110000,0,0,60000,0,0,0,0
Montenegro,MNE,2012,0,350000,40000,110000,0,0,60000,0,0,0,0
Montenegro,MNE,2013,0,340000,40000,120000,0,0,60000,0,0,0,0
Montenegro,MNE,2014,0,350000,40000,120000,0,0,60000,0,0,0,0
Montenegro,MNE,2015,0,360000,40000,120000,0,0,60000,0,0,0,0
Montenegro,MNE,2016,0,350000,30000,120000,0,0,60000,0,0,0,0
Montenegro,MNE,2017,10000,350000,30000,120000,0,0,60000,0,0,0,0
Montenegro,MNE,2018,0,330000,40000,120000,0,0,50000,0,0,0,0
Montenegro,MNE,2019,0,320000,40000,120000,0,0,50000,0,0,0,0
Montenegro,MNE,2020,0,310000,40000,129999,0,0,50000,0,0,0,0
Montenegro,MNE,2021,0,290000,40000,129999,0,0,50000,0,0,0,0
Montenegro,MNE,2022,0,280000,40000,129999,0,0,50000,0,0,0,0
Montenegro,MNE,2023,0,280000,40000,129999,0,0,50000,0,0,0,0
Morocco,MAR,1990,0,7220000,80000,730000,0,0,680000,10000,10000,0,20000
Morocco,MAR,1991,0,6980000,80000,730000,0,0,690000,10000,10000,0,20000
Morocco,MAR,1992,0,6740000,90000,1400000,0,0,700000,10000,10000,0,20000
Morocco,MAR,1993,0,5820000,80000,2030000,0,0,710000,10000,10000,0,20000
Morocco,MAR,1994,0,6060000,80000,2630000,0,0,730000,10000,10000,0,20000
Morocco,MAR,1995,0,6010000,80000,2730000,0,0,740000,10000,10000,0,20000
Morocco,MAR,1996,0,6280000,70000,2820000,0,0,750000,10000,10000,0,20000
Morocco,MAR,1997,0,6610000,80000,2920000,0,0,760000,10000,10000,0,20000
Morocco,MAR,1998,0,6490000,80000,3010000,0,0,770000,10000,10000,0,20000
Morocco,MAR,1999,0,6740000,90000,3110000,0,0,780000,10000,10000,0,20000
Morocco,MAR,2000,0,7010000,80000,3200000,0,0,790000,10000,10000,0,20000
Morocco,MAR,2001,0,6950000,80000,3710000,0,0,800000,10000,10000,0,30000
Morocco,MAR,2002,0,6870000,80000,4220000,0,0,800000,10000,10000,0,30000
Morocco,MAR,2003,0,6970000,80000,4730000,10000,0,810000,10000,10000,0,30000
Morocco,MAR,2004,0,7100000,100000,5240000,10000,0,1610000,10000,10000,0,30000
Morocco,MAR,2005,0,7080000,129999,5750000,10000,0,1500000,10000,10000,0,30000
Morocco,MAR,2006,0,7210000,140000,6260000,10000,0,1390000,10000,10000,0,30000
Morocco,MAR,2007,0,7110000,150000,6770000,10000,0,1290000,10000,10000,0,30000
Morocco,MAR,2008,0,7190000,150000,7280000,10000,0,1180000,10000,10000,0,30000
Morocco,MAR,2009,0,7190000,160000,7790000,10000,0,1060000,10000,10000,0,40000
Morocco,MAR,2010,0,7400000,180000,8300000,10000,0,1010000,10000,10000,0,40000
Morocco,MAR,2011,0,7780000,200000,8860000,10000,0,950000,10000,10000,0,40000
Morocco,MAR,2012,0,7790000,220000,9430000,10000,0,900000,10000,10000,0,40000
Morocco,MAR,2013,0,7950000,220000,9690000,10000,0,870000,10000,10000,0,40000
Morocco,MAR,2014,0,8100000,220000,9950000,10000,0,850000,10000,10000,0,40000
Morocco,MAR,2015,0,8120000,220000,10200000,10000,0,850000,10000,10000,0,40000
Morocco,MAR,2016,0,8200000,230000,10460000,10000,0,830000,10000,10000,0,50000
Morocco,MAR,2017,0,8250000,240000,10700000,10000,0,810000,10000,10000,0,50000
Morocco,MAR,2018,0,8410000,230000,10940000,10000,0,770000,10000,10000,0,50000
Morocco,MAR,2019,0,8560000,240000,11170000,10000,0,750000,10000,10000,0,50000
Morocco,MAR,2020,0,8490000,190000,11360000,10000,0,740000,10000,10000,0,50000
Morocco,MAR,2021,0,8620000,210000,11540000,10000,0,730000,10000,10000,0,50000
Morocco,MAR,2022,20000,8350000,220000,11720000,10000,0,720000,10000,10000,0,50000
Morocco,MAR,2023,0,7890000,220000,11930000,10000,0,720000,10000,10000,0,50000
Mozambique,MOZ,1990,9850000,8390000,20000,1270000,0,0,3830000,0,20000,0,0
Mozambique,MOZ,1991,9850000,8290000,20000,1290000,0,0,3830000,0,20000,0,0
Mozambique,MOZ,1992,9850000,8380000,20000,1540000,0,0,3850000,0,20000,0,0
Mozambique,MOZ,1993,9850000,8450000,20000,1790000,0,0,3890000,0,20000,0,0
Mozambique,MOZ,1994,9850000,8500000,20000,2060000,0,0,3970000,0,20000,0,0
Mozambique,MOZ,1995,9850000,8520000,10000,2320000,0,0,4060000,0,20000,0,0
Mozambique,MOZ,1996,2180000,8440000,10000,2560000,0,0,4150000,0,20000,0,0
Mozambique,MOZ,1997,1360000,7650000,10000,2800000,0,0,4240000,0,20000,0,0
Mozambique,MOZ,1998,1900000,8730000,10000,3020000,0,0,5250000,0,20000,0,0
Mozambique,MOZ,1999,1570000,8229999,10000,3240000,0,0,5380000,0,20000,0,0
Mozambique,MOZ,2000,390000,7490000,10000,3460000,0,0,6100000,0,0,0,0
Mozambique,MOZ,2001,10990000,8350000,10000,3670000,0,0,5160000,0,0,0,0
Mozambique,MOZ,2002,7630000,9570000,20000,3880000,0,0,5650000,0,0,0,0
Mozambique,MOZ,2003,10090000,9840000,20000,4090000,0,0,6280000,0,0,0,0
Mozambique,MOZ,2004,10400000,9420000,160000,4290000,0,0,6470000,0,0,0,0
Mozambique,MOZ,2005,11650000,10130000,259999,4500000,0,0,6630000,0,0,0,0
Mozambique,MOZ,2006,11710000,9380000,320000,4700000,0,0,6420000,0,0,0,0
Mozambique,MOZ,2007,11570000,10090000,320000,4900000,0,0,3580000,0,0,0,10000
Mozambique,MOZ,2008,12600000,10630000,370000,5110000,0,0,3810000,0,0,0,10000
Mozambique,MOZ,2009,11030000,9520000,360000,5310000,0,0,3560000,0,0,0,10000
Mozambique,MOZ,2010,15210000,10140000,400000,5520000,0,0,3310000,0,0,0,10000
Mozambique,MOZ,2011,12230000,9330000,930000,5740000,0,0,3560000,0,20000,0,10000
Mozambique,MOZ,2012,14240000,9910000,1880000,5960000,0,0,3650000,0,20000,0,10000
Mozambique,MOZ,2013,14270000,10340000,2320000,6180000,0,0,3740000,0,20000,0,10000
Mozambique,MOZ,2014,13730000,10380000,2610000,6410000,0,0,3830000,0,20000,0,10000
Mozambique,MOZ,2015,12750000,9650000,2580000,6650000,0,0,3920000,0,20000,0,10000
Mozambique,MOZ,2016,14240000,9200000,2480000,6890000,0,0,4010000,0,20000,0,10000
Mozambique,MOZ,2017,13250000,8940000,4020000,7140000,0,0,4100000,0,20000,0,10000
Mozambique,MOZ,2018,13560000,10270000,5250000,7390000,0,0,4190000,0,20000,0,10000
Mozambique,MOZ,2019,11050000,9900000,3770000,7640000,0,0,4280000,0,20000,0,20000
Mozambique,MOZ,2020,10270000,9510000,2780000,7900000,0,0,4370000,0,20000,0,10000
Mozambique,MOZ,2021,10670000,9510000,3810000,8170000,0,0,4460000,0,20000,0,20000
Mozambique,MOZ,2022,10070000,11110000,4100000,8440000,0,0,4540000,0,20000,0,20000
Mozambique,MOZ,2023,7580000,10280000,4159999,8710000,0,0,4690000,0,20000,0,20000
Myanmar,MMR,1990,7440000,39240000,60000,1140000,0,0,8600000,0,0,0,10000
Myanmar,MMR,1991,7440000,38590000,60000,1140000,0,0,8470000,0,0,0,10000
Myanmar,MMR,1992,7440000,40980000,60000,1910000,0,0,8650000,0,0,0,10000
Myanmar,MMR,1993,7440000,43060000,60000,2440000,0,0,8600000,0,0,0,10000
Myanmar,MMR,1994,7440000,44360000,70000,2820000,0,0,8850000,0,20000,0,10000
Myanmar,MMR,1995,7440000,46050000,80000,3100000,0,0,8890000,0,20000,0,10000
Myanmar,MMR,1996,7780000,45410000,80000,3300000,0,0,8750000,0,20000,0,10000
Myanmar,MMR,1997,7100000,44050000,70000,3460000,0,0,8910000,0,30000,0,10000
Myanmar,MMR,1998,10470000,44720000,80000,3580000,0,0,9070000,0,20000,0,10000
Myanmar,MMR,1999,10810000,48560000,80000,3680000,0,0,9030000,0,40000,0,10000
Myanmar,MMR,2000,6580000,49390000,140000,3770000,0,0,9130000,0,40000,0,20000
Myanmar,MMR,2001,3000000,50410000,140000,3850000,0,0,9320000,0,40000,0,10000
Myanmar,MMR,2002,2820000,50800000,160000,3900000,0,0,9520000,0,30000,0,20000
Myanmar,MMR,2003,7730000,52050000,170000,4000000,0,0,9750000,0,30000,0,20000
Myanmar,MMR,2004,13290000,54030000,210000,4080000,0,0,10080000,0,30000,0,20000
Myanmar,MMR,2005,7130000,56820000,210000,4159999,0,0,10270000,0,40000,0,20000
Myanmar,MMR,2006,6860000,60470000,220000,4210000,0,0,10370000,0,40000,0,20000
Myanmar,MMR,2007,11690000,61920000,220000,4260000,0,0,10420000,0,40000,0,30000
Myanmar,MMR,2008,5160000,62830000,200000,4300000,0,0,10450000,0,40000,0,30000
Myanmar,MMR,2009,9990000,63710000,190000,4340000,0,0,10490000,0,40000,0,30000
Myanmar,MMR,2010,11280000,64730004,220000,4380000,0,0,10310000,0,40000,0,30000
Myanmar,MMR,2011,5250000,62780000,220000,4420000,0,0,10360000,0,40000,0,30000
Myanmar,MMR,2012,8000000,62490000,220000,4460000,10000,0,10420000,0,40000,0,40000
Myanmar,MMR,2013,7100000,63280000,220000,4500000,10000,0,10480000,0,40000,0,40000
Myanmar,MMR,2014,8380000,64309996,250000,4540000,10000,0,10540000,10000,50000,0,40000
Myanmar,MMR,2015,9260000,65860000,270000,4580000,10000,0,10600000,10000,50000,0,50000
Myanmar,MMR,2016,5580000,67010004,280000,4620000,20000,0,10650000,10000,50000,0,50000
Myanmar,MMR,2017,5600000,69600000,290000,4670000,20000,0,10690000,10000,50000,0,60000
Myanmar,MMR,2018,5660000,51390000,290000,4710000,20000,0,10720000,10000,50000,0,60000
Myanmar,MMR,2019,5910000,50790000,340000,4750000,20000,0,10760000,10000,30000,0,70000
Myanmar,MMR,2020,9470000,50960000,330000,4790000,20000,0,10790000,10000,30000,0,60000
Myanmar,MMR,2021,7580000,52540000,310000,4820000,20000,0,10820000,10000,30000,0,60000
Myanmar,MMR,2022,4350000,52950000,280000,4860000,10000,0,11050000,10000,10000,0,80000
Myanmar,MMR,2023,6220000,50440000,290000,4910000,10000,0,11070000,10000,20000,0,80000
Namibia,NAM,1990,10000,4650000,0,110000,0,0,0,0,0,0,0
Namibia,NAM,1991,10000,4790000,0,110000,0,0,129999,0,0,0,10000
Namibia,NAM,1992,10000,4680000,0,110000,0,0,129999,0,0,0,10000
Namibia,NAM,1993,10000,4510000,0,120000,0,0,129999,0,0,0,10000
Namibia,NAM,1994,10000,4490000,0,220000,0,0,129999,0,0,0,10000
Namibia,NAM,1995,10000,4450000,0,230000,0,0,129999,0,0,0,10000
Namibia,NAM,1996,0,4370000,0,250000,0,0,129999,0,0,0,10000
Namibia,NAM,1997,0,4260000,0,259999,0,0,140000,0,0,0,10000
Namibia,NAM,1998,40000,4610000,0,270000,0,0,140000,0,0,0,10000
Namibia,NAM,1999,70000,4650000,0,290000,0,0,129999,0,0,0,10000
Namibia,NAM,2000,90000,5130000,0,300000,0,0,129999,0,0,0,10000
Namibia,NAM,2001,0,4760000,0,150000,0,0,129999,0,0,0,10000
Namibia,NAM,2002,0,4270000,0,150000,0,0,129999,0,0,0,10000
Namibia,NAM,2003,0,4530000,0,150000,0,0,129999,0,0,0,10000
Namibia,NAM,2004,0,4720000,0,150000,0,0,120000,0,0,0,10000
Namibia,NAM,2005,0,5250000,0,160000,0,0,120000,0,0,0,10000
Namibia,NAM,2006,0,5800000,0,160000,0,0,120000,0,0,0,10000
Namibia,NAM,2007,0,5360000,0,160000,0,0,110000,0,0,0,10000
Namibia,NAM,2008,0,4380000,0,160000,0,0,100000,0,0,0,10000
Namibia,NAM,2009,0,5950000,0,170000,0,0,110000,0,0,0,10000
Namibia,NAM,2010,0,5510000,0,170000,0,0,50000,0,0,0,10000
Namibia,NAM,2011,0,8189999,0,170000,0,0,40000,0,0,0,10000
Namibia,NAM,2012,0,9020000,0,180000,0,0,30000,0,0,0,10000
Namibia,NAM,2013,0,4910000,0,180000,0,0,20000,0,0,0,10000
Namibia,NAM,2014,0,4460000,0,180000,0,0,20000,0,0,0,10000
Namibia,NAM,2015,0,4340000,0,190000,0,0,20000,0,0,0,10000
Namibia,NAM,2016,0,4680000,0,190000,0,0,20000,0,0,0,10000
Namibia,NAM,2017,0,4650000,0,200000,0,0,20000,0,0,0,10000
Namibia,NAM,2018,0,4090000,0,200000,0,0,20000,0,0,0,10000
Namibia,NAM,2019,0,3510000,0,200000,0,0,30000,0,0,0,10000
Namibia,NAM,2020,0,5040000,0,210000,0,0,30000,0,0,0,10000
Namibia,NAM,2021,0,5290000,0,210000,0,0,30000,0,0,0,10000
Namibia,NAM,2022,0,4720000,0,220000,0,0,40000,0,0,0,10000
Namibia,NAM,2023,0,5160000,0,220000,0,0,40000,0,0,0,10000
Nauru,NRU,1990,0,0,0,0,0,0,,0,0,0,0
Nauru,NRU,1991,0,0,0,0,0,0,,0,0,0,0
Nauru,NRU,1992,0,0,0,0,0,0,,0,0,0,0
Nauru,NRU,1993,0,0,0,0,0,0,,0,0,0,0
Nauru,NRU,1994,0,0,0,0,0,0,,0,0,0,0
Nauru,NRU,1995,0,0,0,0,0,0,,0,0,0,0
Nauru,NRU,1996,0,0,0,0,0,0,,0,0,0,0
Nauru,NRU,1997,0,0,0,0,0,0,,0,0,0,0
Nauru,NRU,1998,0,0,0,0,0,0,,0,0,0,0
Nauru,NRU,1999,0,0,0,10000,0,0,,0,0,0,0
Nauru,NRU,2000,0,0,0,10000,0,0,,0,0,0,0
Nauru,NRU,2001,0,0,0,10000,0,0,,0,0,0,0
Nauru,NRU,2002,0,0,0,10000,0,0,,0,,0,0
Nauru,NRU,2003,0,0,0,10000,0,0,,0,,0,0
Nauru,NRU,2004,0,0,0,10000,0,0,,0,,0,0
Nauru,NRU,2005,0,0,0,10000,0,0,,0,,0,0
Nauru,NRU,2006,0,0,0,10000,0,0,,0,,0,0
Nauru,NRU,2007,0,0,0,10000,0,0,0,0,,0,0
Nauru,NRU,2008,0,0,0,10000,0,0,0,0,,0,0
Nauru,NRU,2009,0,0,0,10000,0,0,0,0,,0,0
Nauru,NRU,2010,0,0,0,0,0,0,0,0,,0,0
Nauru,NRU,2011,0,0,0,0,0,0,0,0,,0,0
Nauru,NRU,2012,0,0,0,0,0,0,0,0,,0,0
Nauru,NRU,2013,0,0,0,0,0,0,0,0,,0,0
Nauru,NRU,2014,0,0,0,0,0,0,0,0,,0,0
Nauru,NRU,2015,0,0,0,0,0,0,0,0,,0,0
Nauru,NRU,2016,0,0,0,0,0,0,0,0,,0,0
Nauru,NRU,2017,0,0,0,0,0,0,0,0,,0,0
Nauru,NRU,2018,0,0,0,0,0,0,0,0,,0,0
Nauru,NRU,2019,0,0,0,0,0,0,0,0,,0,0
Nauru,NRU,2020,0,0,0,0,0,0,0,0,,0,0
Nauru,NRU,2021,0,0,0,0,0,0,0,0,,0,0
Nauru,NRU,2022,0,0,0,0,0,0,0,0,,0,0
Nauru,NRU,2023,0,0,0,0,0,0,0,0,,0,0
Nepal,NPL,1990,470000,16110001,0,100000,0,0,5670000,0,0,0,0
Nepal,NPL,1991,470000,15580000,0,100000,0,0,5790000,0,0,0,0
Nepal,NPL,1992,470000,16170000,0,170000,0,0,5920000,0,0,0,0
Nepal,NPL,1993,470000,15950000,0,230000,0,0,6040000,0,0,0,0
Nepal,NPL,1994,470000,16800000,0,290000,0,0,6170000,0,0,0,0
Nepal,NPL,1995,470000,17300000,0,320000,0,0,6310000,0,0,0,0
Nepal,NPL,1996,290000,17490000,0,350000,0,0,6440000,0,0,0,0
Nepal,NPL,1997,200000,17680000,0,380000,0,0,6580000,0,0,0,0
Nepal,NPL,1998,330000,17940000,0,410000,0,0,6720000,0,0,0,0
Nepal,NPL,1999,420000,18070000,10000,440000,0,0,6870000,0,0,0,0
Nepal,NPL,2000,340000,18060000,10000,470000,0,0,7260000,0,10000,0,0
Nepal,NPL,2001,259999,18310000,0,500000,0,0,7450000,0,10000,0,0
Nepal,NPL,2002,60000,18450000,0,519999,0,0,7700000,0,0,0,0
Nepal,NPL,2003,500000,18760000,0,550000,0,0,7860000,0,0,0,0
Nepal,NPL,2004,400000,18950000,0,570000,0,0,8029999,0,0,0,0
Nepal,NPL,2005,400000,19240000,0,600000,0,0,8200000,0,10000,0,0
Nepal,NPL,2006,240000,19160000,0,620000,0,0,8359999,0,0,0,0
Nepal,NPL,2007,170000,19860000,10000,640000,0,0,8530000,0,0,0,0
Nepal,NPL,2008,340000,20190000,10000,660000,0,0,8710000,0,0,0,10000
Nepal,NPL,2009,490000,20410000,10000,680000,0,0,8810000,0,0,0,10000
Nepal,NPL,2010,600000,20810000,0,690000,0,0,8890000,0,10000,0,10000
Nepal,NPL,2011,360000,21260000,10000,710000,0,0,9100000,0,10000,0,10000
Nepal,NPL,2012,610000,21260000,10000,730000,0,0,7520000,0,30000,0,10000
Nepal,NPL,2013,640000,21730000,10000,740000,0,0,8400000,0,30000,0,10000
Nepal,NPL,2014,630000,21480000,10000,750000,0,0,8520000,0,30000,0,10000
Nepal,NPL,2015,90000,21270000,10000,770000,0,0,8630000,0,30000,0,10000
Nepal,NPL,2016,1540000,22060000,10000,780000,0,0,8720000,0,30000,0,10000
Nepal,NPL,2017,370000,21850000,10000,790000,0,0,8860000,0,40000,0,20000
Nepal,NPL,2018,259999,22210000,10000,800000,0,0,8980000,0,40000,0,20000
Nepal,NPL,2019,820000,22310000,10000,820000,0,0,9060000,0,40000,0,10000
Nepal,NPL,2020,120000,22480000,10000,830000,0,0,9290000,0,40000,0,20000
Nepal,NPL,2021,820000,22510000,10000,840000,0,0,8570000,0,60000,0,20000
Nepal,NPL,2022,280000,22380000,10000,860000,0,0,7090000,0,50000,0,20000
Nepal,NPL,2023,720000,16540001,10000,870000,0,0,7170000,0,50000,0,20000
Netherlands,NLD,1990,0,16230000,2920000,15740000,30000,600000,190000,40000,20000,90000,220000
Netherlands,NLD,1991,0,16370001,3240000,15860000,30000,600000,200000,40000,20000,90000,220000
Netherlands,NLD,1992,0,16150000,3230000,15540000,30000,600000,200000,40000,20000,90000,220000
Netherlands,NLD,1993,0,15850000,3270000,15110000,30000,600000,200000,50000,20000,90000,230000
Netherlands,NLD,1994,0,15590000,3190000,14500000,30000,600000,200000,50000,20000,90000,230000
Netherlands,NLD,1995,0,15540000,3190000,13710000,30000,600000,200000,50000,20000,90000,230000
Netherlands,NLD,1996,0,15210000,3530000,13250000,30000,600000,220000,60000,20000,90000,240000
Netherlands,NLD,1997,0,14720000,3170000,12830000,30000,600000,220000,70000,20000,100000,230000
Netherlands,NLD,1998,0,14330000,3020000,12310000,30000,600000,220000,70000,20000,100000,230000
Netherlands,NLD,1999,0,14340000,2860000,11270000,30000,640000,210000,70000,20000,100000,230000
Netherlands,NLD,2000,0,13860000,2800000,10610000,30000,640000,220000,70000,20000,110000,220000
Netherlands,NLD,2001,0,13790000,2930000,10000000,30000,640000,230000,80000,20000,120000,220000
Netherlands,NLD,2002,0,13130000,2900000,9470000,30000,720000,220000,80000,20000,120000,220000
Netherlands,NLD,2003,0,12850000,2820000,8850000,20000,720000,230000,80000,20000,110000,210000
Netherlands,NLD,2004,0,12800000,3200000,8470000,20000,720000,230000,90000,20000,120000,210000
Netherlands,NLD,2005,0,12900000,2940000,6780000,30000,720000,240000,90000,20000,129999,210000
Netherlands,NLD,2006,0,12720000,2890000,6270000,30000,650000,250000,90000,20000,140000,210000
Netherlands,NLD,2007,0,12940000,2810000,5830000,30000,660000,240000,90000,20000,140000,210000
Netherlands,NLD,2008,0,13440000,3060000,5450000,30000,640000,259999,100000,20000,129999,210000
Netherlands,NLD,2009,0,13570000,2860000,5210000,30000,620000,259999,110000,20000,120000,210000
Netherlands,NLD,2010,0,13630000,3210000,4850000,40000,660000,270000,110000,20000,110000,210000
Netherlands,NLD,2011,0,13450000,3000000,4540000,40000,650000,250000,110000,20000,120000,210000
Netherlands,NLD,2012,0,13380000,2940000,4270000,40000,660000,250000,110000,20000,110000,200000
Netherlands,NLD,2013,0,13710000,3090000,4040000,40000,650000,250000,110000,20000,110000,190000
Netherlands,NLD,2014,0,14060000,2650000,3770000,40000,670000,230000,100000,20000,110000,180000
Netherlands,NLD,2015,0,14620000,1830000,3550000,40000,660000,240000,110000,20000,100000,180000
Netherlands,NLD,2016,0,14700000,1780000,3340000,50000,660000,240000,110000,20000,100000,180000
Netherlands,NLD,2017,0,13900000,1610000,3100000,50000,670000,250000,110000,20000,100000,190000
Netherlands,NLD,2018,0,12940000,1220000,3010000,60000,640000,250000,110000,20000,90000,200000
Netherlands,NLD,2019,0,13070000,750000,2880000,70000,680000,250000,120000,20000,90000,200000
Netherlands,NLD,2020,0,12920000,650000,2700000,70000,730000,250000,140000,20000,100000,170000
Netherlands,NLD,2021,0,12740000,630000,2580000,80000,730000,250000,160000,20000,90000,170000
Netherlands,NLD,2022,0,12750000,510000,2490000,70000,730000,230000,150000,20000,90000,180000
Netherlands,NLD,2023,0,12660000,420000,2430000,40000,730000,230000,120000,10000,90000,190000
New Zealand,NZL,1990,0,31340000,890000,4030000,10000,60000,90000,20000,10000,0,80000
New Zealand,NZL,1991,0,30700000,970000,4159999,10000,110000,80000,20000,10000,0,80000
New Zealand,NZL,1992,0,30200000,1010000,4280000,10000,90000,70000,20000,20000,0,80000
New Zealand,NZL,1993,0,30100000,1050000,4390000,10000,100000,70000,20000,20000,0,80000
New Zealand,NZL,1994,0,31200000,960000,4310000,10000,129999,70000,20000,20000,0,80000
New Zealand,NZL,1995,0,31900000,980000,4420000,10000,180000,70000,20000,20000,0,90000
New Zealand,NZL,1996,0,31200000,1100000,4520000,10000,240000,70000,20000,20000,0,80000
New Zealand,NZL,1997,0,31400000,1160000,4570000,10000,250000,70000,20000,20000,0,90000
New Zealand,NZL,1998,0,30600000,1020000,4550000,10000,230000,70000,20000,20000,0,90000
New Zealand,NZL,1999,0,30900000,1090000,4560000,10000,270000,70000,20000,20000,0,90000
New Zealand,NZL,2000,0,30200000,1120000,4600000,10000,310000,70000,20000,20000,0,90000
New Zealand,NZL,2001,0,30450000,1220000,4640000,10000,270000,70000,20000,20000,0,90000
New Zealand,NZL,2002,0,31260000,1230000,4670000,10000,290000,70000,20000,30000,0,90000
New Zealand,NZL,2003,0,31670000,1080000,4580000,10000,120000,70000,20000,30000,0,90000
New Zealand,NZL,2004,0,31640000,1039999,4590000,10000,140000,70000,20000,30000,0,90000
New Zealand,NZL,2005,0,31610000,990000,4590000,20000,40000,70000,20000,30000,0,90000
New Zealand,NZL,2006,0,31870000,1050000,4360000,20000,50000,70000,20000,30000,0,90000
New Zealand,NZL,2007,0,31620000,1130000,4320000,20000,60000,70000,20000,30000,0,100000
New Zealand,NZL,2008,0,30970000,1210000,4230000,20000,70000,60000,20000,30000,0,100000
New Zealand,NZL,2009,0,31380000,1170000,4080000,10000,110000,70000,20000,20000,0,90000
New Zealand,NZL,2010,0,31360000,1240000,4010000,20000,110000,70000,20000,20000,0,90000
New Zealand,NZL,2011,0,31500000,1150000,3840000,20000,110000,70000,20000,20000,0,90000
New Zealand,NZL,2012,0,32080002,1140000,3710000,30000,140000,60000,20000,20000,0,90000
New Zealand,NZL,2013,0,31960000,1150000,3650000,30000,180000,60000,20000,20000,0,90000
New Zealand,NZL,2014,0,32300000,1140000,3590000,20000,280000,60000,20000,20000,0,90000
New Zealand,NZL,2015,0,31380000,1070000,3550000,20000,240000,60000,20000,30000,0,90000
New Zealand,NZL,2016,0,31450000,1010000,3500000,10000,280000,60000,20000,30000,0,100000
New Zealand,NZL,2017,0,31190000,980000,3460000,30000,250000,60000,20000,30000,0,100000
New Zealand,NZL,2018,0,31030000,880000,3380000,20000,210000,60000,20000,30000,0,100000
New Zealand,NZL,2019,10000,30790000,840000,3320000,20000,240000,60000,20000,20000,0,100000
New Zealand,NZL,2020,0,30420000,800000,3270000,20000,220000,60000,20000,20000,0,90000
New Zealand,NZL,2021,0,30430000,730000,3200000,20000,190000,60000,20000,20000,0,90000
New Zealand,NZL,2022,0,29350000,680000,3290000,20000,190000,60000,20000,30000,0,90000
New Zealand,NZL,2023,0,28800000,690000,3370000,20000,190000,60000,10000,20000,0,90000
Nicaragua,NIC,1990,90000,5510000,0,170000,0,0,880000,0,0,0,0
Nicaragua,NIC,1991,90000,4380000,0,180000,0,0,890000,0,0,0,0
Nicaragua,NIC,1992,90000,4870000,0,259999,0,0,900000,0,0,0,10000
Nicaragua,NIC,1993,90000,5470000,0,330000,0,0,910000,0,0,0,10000
Nicaragua,NIC,1994,90000,5520000,0,370000,0,0,920000,0,0,0,10000
Nicaragua,NIC,1995,90000,4730000,0,440000,0,0,930000,0,0,0,10000
Nicaragua,NIC,1996,90000,4550000,0,510000,0,0,930000,0,0,0,10000
Nicaragua,NIC,1997,170000,4970000,0,570000,0,0,940000,10000,10000,0,10000
Nicaragua,NIC,1998,620000,4810000,0,640000,10000,0,950000,10000,0,0,10000
Nicaragua,NIC,1999,150000,5710000,0,710000,0,0,950000,0,10000,0,10000
Nicaragua,NIC,2000,180000,5910000,0,770000,0,0,960000,10000,10000,0,10000
Nicaragua,NIC,2001,10000,5940000,0,800000,0,0,970000,0,0,0,10000
Nicaragua,NIC,2002,0,6040000,0,820000,20000,0,970000,10000,0,0,10000
Nicaragua,NIC,2003,110000,6390000,0,830000,20000,0,880000,10000,0,0,10000
Nicaragua,NIC,2004,10000,6140000,0,850000,20000,0,890000,10000,0,0,10000
Nicaragua,NIC,2005,140000,6450000,0,870000,30000,0,900000,10000,0,0,10000
Nicaragua,NIC,2006,30000,6520000,0,890000,20000,0,970000,10000,0,0,10000
Nicaragua,NIC,2007,10000,6510000,0,900000,20000,0,980000,10000,0,0,10000
Nicaragua,NIC,2008,30000,6560000,0,920000,20000,0,980000,10000,0,0,10000
Nicaragua,NIC,2009,10000,6620000,0,940000,20000,0,980000,10000,0,0,10000
Nicaragua,NIC,2010,60000,6770000,0,950000,20000,0,990000,10000,0,0,10000
Nicaragua,NIC,2011,30000,7420000,0,970000,30000,0,1000000,10000,0,0,10000
Nicaragua,NIC,2012,10000,7700000,0,990000,30000,0,1000000,10000,0,0,10000
Nicaragua,NIC,2013,60000,8120000,0,1010000,20000,0,1010000,10000,0,0,10000
Nicaragua,NIC,2014,70000,8510000,0,1030000,30000,0,1010000,10000,0,0,10000
Nicaragua,NIC,2015,30000,8850000,0,1050000,30000,0,1020000,10000,0,0,10000
Nicaragua,NIC,2016,70000,8880000,0,1060000,30000,0,1020000,10000,0,0,10000
Nicaragua,NIC,2017,10000,8720000,0,1080000,30000,0,1030000,20000,0,0,10000
Nicaragua,NIC,2018,60000,8960000,0,1100000,30000,0,1030000,20000,0,0,10000
Nicaragua,NIC,2019,70000,9140000,0,1120000,40000,0,1039999,20000,0,0,10000
Nicaragua,NIC,2020,110000,9260000,0,1140000,40000,0,1050000,10000,0,0,10000
Nicaragua,NIC,2021,10000,9370000,0,1160000,40000,0,1060000,10000,0,0,10000
Nicaragua,NIC,2022,10000,9520000,0,1180000,40000,0,1060000,10000,0,0,10000
Nicaragua,NIC,2023,210000,9850000,0,1230000,40000,0,1170000,10000,0,0,10000
Niger,NER,1990,120000,7110000,10000,10000,0,0,1290000,0,0,0,0
Niger,NER,1991,120000,7380000,0,10000,0,0,1330000,0,0,0,0
Niger,NER,1992,120000,7640000,0,20000,0,0,1380000,0,0,0,0
Niger,NER,1993,120000,8000000,0,30000,0,0,1420000,0,0,0,0
Niger,NER,1994,120000,8310000,0,40000,0,0,1470000,0,0,0,0
Niger,NER,1995,120000,8620000,0,40000,0,0,1520000,0,0,0,0
Niger,NER,1996,120000,9010000,0,50000,0,0,1580000,0,0,0,0
Niger,NER,1997,70000,9370000,0,60000,0,0,2010000,0,0,0,0
Niger,NER,1998,180000,9720000,0,60000,0,0,2060000,0,0,0,0
Niger,NER,1999,80000,10120000,10000,70000,0,0,2110000,0,0,0,0
Niger,NER,2000,120000,10600000,10000,80000,0,0,1250000,0,0,0,0
Niger,NER,2001,0,11050000,10000,80000,0,0,1300000,0,0,0,0
Niger,NER,2002,0,11470000,10000,90000,0,0,1340000,0,0,0,0
Niger,NER,2003,0,11960000,10000,100000,0,0,1390000,0,0,0,0
Niger,NER,2004,0,12480000,10000,110000,0,0,1430000,0,0,0,0
Niger,NER,2005,0,12960000,10000,120000,0,0,1470000,0,0,0,0
Niger,NER,2006,0,13430000,10000,120000,0,0,1520000,0,0,0,0
Niger,NER,2007,0,14060000,10000,129999,0,0,1570000,0,0,0,0
Niger,NER,2008,0,14680000,10000,140000,0,0,1620000,0,0,0,0
Niger,NER,2009,0,15350000,10000,150000,0,0,1670000,0,0,0,0
Niger,NER,2010,0,14950000,10000,150000,0,0,1730000,0,0,0,0
Niger,NER,2011,0,15580000,90000,160000,0,0,1410000,0,0,0,0
Niger,NER,2012,0,16290001,190000,160000,0,0,1540000,0,0,0,10000
Niger,NER,2013,0,17130000,440000,170000,0,0,2069999,0,0,0,10000
Niger,NER,2014,0,17960000,430000,180000,0,0,2150000,0,0,0,10000
Niger,NER,2015,0,18690000,320000,180000,0,0,2230000,0,0,0,10000
Niger,NER,2016,0,19630000,290000,190000,0,0,2310000,0,0,0,10000
Niger,NER,2017,0,20540000,280000,200000,0,0,2370000,0,0,0,10000
Niger,NER,2018,0,21560000,280000,210000,0,0,2470000,0,0,0,10000
Niger,NER,2019,0,22560000,270000,210000,0,0,2570000,0,0,0,10000
Niger,NER,2020,0,23680000,259999,220000,0,0,2810000,0,0,0,10000
Niger,NER,2021,0,24980000,280000,230000,0,0,2880000,0,0,0,10000
Niger,NER,2022,0,25960000,240000,240000,0,0,2960000,0,0,0,10000
Niger,NER,2023,0,24980000,240000,250000,0,0,3020000,0,0,0,10000
Nigeria,NGA,1990,1760000,25050000,76640000,49240000,0,0,11730000,10000,30000,0,100000
Nigeria,NGA,1991,1760000,26630000,79540000,50550000,0,0,11660000,10000,30000,0,129999
Nigeria,NGA,1992,1760000,26920000,83720000,53360000,0,0,11890000,10000,30000,0,150000
Nigeria,NGA,1993,1760000,27520000,83210000,55830000,0,0,12060000,10000,30000,0,129999
Nigeria,NGA,1994,1760000,28600000,82260000,58070000,0,0,12090000,10000,40000,0,110000
Nigeria,NGA,1995,1760000,29480000,86230000,50120000,0,0,12310000,10000,40000,0,120000
Nigeria,NGA,1996,10030000,30660000,99490000,42040000,0,0,12790000,10000,50000,0,129999
Nigeria,NGA,1997,8520000,32340000,97440000,33890000,0,0,13140000,10000,50000,0,170000
Nigeria,NGA,1998,10010000,33860000,89520000,25680000,0,0,13440000,10000,60000,0,150000
Nigeria,NGA,1999,8480000,34600000,84880000,17430000,0,0,13520000,10000,60000,10000,170000
Nigeria,NGA,2000,9400000,35150000,92730000,9170000,0,0,14100000,10000,70000,0,190000
Nigeria,NGA,2001,380000,34710000,93750000,9510000,0,0,14430000,10000,80000,0,240000
Nigeria,NGA,2002,210000,35150000,80060000,9840000,0,0,14760000,10000,90000,0,250000
Nigeria,NGA,2003,350000,36030000,90490000,10180000,0,0,15130000,10000,100000,0,250000
Nigeria,NGA,2004,140000,37040000,93620000,10520000,0,0,15380000,10000,110000,0,250000
Nigeria,NGA,2005,310000,38880000,92410000,10860000,0,0,15640000,10000,120000,0,270000
Nigeria,NGA,2006,230000,39370000,87660000,11210000,10000,0,15930000,10000,140000,0,240000
Nigeria,NGA,2007,190000,38970000,82290000,11560000,10000,0,16090000,10000,150000,0,230000
Nigeria,NGA,2008,180000,38780000,77530000,11920000,10000,0,16330000,10000,180000,0,259999
Nigeria,NGA,2009,80000,37340000,76180000,12290000,0,0,16620001,10000,190000,0,259999
Nigeria,NGA,2010,120000,40070000,84600000,12670000,10000,0,17090000,10000,210000,0,300000
Nigeria,NGA,2011,110000,43620000,81130000,13050000,10000,0,17390000,10000,240000,0,340000
Nigeria,NGA,2012,120000,46010000,77220000,13450000,10000,0,18060000,10000,270000,0,390000
Nigeria,NGA,2013,240000,46830000,72060000,13850000,10000,0,18160000,10000,259999,0,440000
Nigeria,NGA,2014,140000,47860000,73230000,14270000,10000,0,18660000,20000,150000,0,480000
Nigeria,NGA,2015,100000,49950000,71540000,14680000,10000,0,19040000,20000,160000,0,440000
Nigeria,NGA,2016,170000,51950000,63300000,15100000,0,0,19510000,20000,160000,0,480000
Nigeria,NGA,2017,110000,51680000,64870004,15520000,0,0,19930000,10000,160000,0,480000
Nigeria,NGA,2018,40000,53000000,64850000,15950000,0,0,20560000,10000,160000,0,510000
Nigeria,NGA,2019,140000,54010000,67880000,16389999,0,0,21080000,10000,160000,0,550000
Nigeria,NGA,2020,500000,55120000,60250000,16830000,0,0,22130000,10000,160000,0,480000
Nigeria,NGA,2021,170000,56110000,54650000,17270000,0,0,23300000,10000,160000,0,540000
Nigeria,NGA,2022,140000,57580000,47010000,17720000,0,0,23690000,10000,170000,0,580000
Nigeria,NGA,2023,180000,57420000,51870000,18180000,0,0,24090000,10000,160000,0,510000
Niue,NIU,1990,0,0,0,0,,0,,0,,0,0
Niue,NIU,1991,0,0,0,0,,0,,0,,0,0
Niue,NIU,1992,0,0,0,0,,0,,0,,0,0
Niue,NIU,1993,0,0,0,0,,0,,0,,0,0
Niue,NIU,1994,0,0,0,0,,0,,0,,0,0
Niue,NIU,1995,0,0,0,0,,0,,0,,0,0
Niue,NIU,1996,0,0,0,0,,0,,0,,0,0
Niue,NIU,1997,0,0,0,10000,,0,,0,,0,0
Niue,NIU,1998,0,0,0,10000,,0,,0,,0,0
Niue,NIU,1999,0,0,0,10000,,0,,0,,0,0
Niue,NIU,2000,0,0,0,10000,,0,,0,,0,0
Niue,NIU,2001,0,0,0,10000,,0,,0,,0,0
Niue,NIU,2002,0,0,0,10000,,0,,0,,0,0
Niue,NIU,2003,0,0,0,20000,,0,0,0,,0,0
Niue,NIU,2004,0,0,0,20000,,0,0,0,,0,0
Niue,NIU,2005,0,0,0,20000,,0,0,0,,0,0
Niue,NIU,2006,0,0,0,20000,,0,0,0,,0,0
Niue,NIU,2007,0,0,0,20000,,0,0,0,,0,0
Niue,NIU,2008,0,0,0,30000,,0,0,0,,0,0
Niue,NIU,2009,0,0,0,30000,0,0,0,0,0,0,0
Niue,NIU,2010,0,0,0,0,0,0,0,0,0,0,0
Niue,NIU,2011,0,0,0,0,0,0,0,0,0,0,0
Niue,NIU,2012,0,0,0,0,0,0,0,0,0,0,0
Niue,NIU,2013,0,0,0,0,0,0,0,0,0,0,0
Niue,NIU,2014,0,0,0,0,0,0,0,0,0,0,0
Niue,NIU,2015,0,0,0,0,0,0,0,0,0,0,0
Niue,NIU,2016,0,0,0,0,0,0,0,0,0,0,0
Niue,NIU,2017,0,0,0,0,0,0,0,0,0,0,0
Niue,NIU,2018,0,0,0,0,0,0,0,0,0,0,0
Niue,NIU,2019,0,0,0,0,0,0,0,0,0,0,0
Niue,NIU,2020,0,0,0,0,0,0,0,0,0,0,0
Niue,NIU,2021,0,0,0,0,0,0,0,0,0,0,0
Niue,NIU,2022,0,0,0,0,0,0,0,0,0,0,0
Niue,NIU,2023,0,0,0,0,0,0,0,0,0,0,0
North America,OWID_NAM,1990,4940000,349929984,382259968,269549984,2380000,590000,13910000,2420000,1610000,260000,13310000
North America,OWID_NAM,1991,4940000,349390016,384220000,273589984,2720000,560000,14080000,2460000,1560000,280000,13250000
North America,OWID_NAM,1992,4940000,353220000,384689984,275990016,2720000,540000,14310000,2580000,1530000,290000,13590000
North America,OWID_NAM,1993,4940000,354300000,375240000,282130016,290000,590000,19320000,2550000,1380000,270000,13770000
North America,OWID_NAM,1994,4940000,359960000,382590016,287309984,270000,630000,19200000,2650000,1410000,270000,14190000
North America,OWID_NAM,1995,4940000,359420000,386260000,279260000,260000,660000,19680000,2590000,1450000,280000,14430000
North America,OWID_NAM,1996,8650000,358680000,392940000,273929984,260000,700000,19870000,2700000,1430000,270000,14680000
North America,OWID_NAM,1997,6020000,358280000,400989984,261480000,280000,710000,18940000,2910000,1530000,240000,14910000
North America,OWID_NAM,1998,21540000,357540000,401569984,249220000,260000,690000,19170000,2940000,1580000,240000,15380000
North America,OWID_NAM,1999,11090000,353670016,393949984,242390000,400000,690000,18720000,2180000,2280000,260000,15760000
North America,OWID_NAM,2000,10770000,350809984,400150016,239010000,440000,660000,17460000,2170000,2380000,280000,15940000
North America,OWID_NAM,2001,930000,351669984,405729984,234330000,350000,550000,16500000,2190000,2140000,210000,16060000
North America,OWID_NAM,2002,2310000,354360000,402800000,234700000,450000,540000,16620000,2220000,1980000,240000,16460000
North America,OWID_NAM,2003,6030000,353860000,407600000,237290000,460000,550000,17920000,2190000,2050000,210000,16650000
North America,OWID_NAM,2004,1710000,355090016,411029984,236050000,540000,560000,18300000,2200000,2190000,260000,16960000
North America,OWID_NAM,2005,3870000,356720000,413570016,235460000,580000,420000,19270000,2140000,2190000,270000,17030000
North America,OWID_NAM,2006,2500000,356820000,424140000,236570000,480000,390000,18560000,1970000,2370000,280000,17140000
North America,OWID_NAM,2007,2650000,358230016,434420000,236080000,490000,400000,19220000,2040000,2240000,300000,17300000
North America,OWID_NAM,2008,2710000,360530016,445040000,236240000,470000,390000,19790000,1960000,2110000,280000,16760000
North America,OWID_NAM,2009,2580000,358390016,436340000,234000000,450000,360000,19860000,1890000,1860000,250000,16460000
North America,OWID_NAM,2010,1940000,359249984,459889984,235880000,800000,350000,20840000,1970000,1970000,280000,16980000
North America,OWID_NAM,2011,3580000,355840000,491670016,223600000,800000,360000,20860000,1940000,1930000,270000,16260000
North America,OWID_NAM,2012,2170000,351680000,508810016,227290016,700000,400000,20070000,2010000,1889999,220000,16180000
North America,OWID_NAM,2013,3630000,349900000,529009984,216960000,660000,420000,21710000,2000000,1920000,210000,16510000
North America,OWID_NAM,2014,1800000,351129984,570609984,227150000,650000,500000,22070000,2040000,1920000,210000,16580000
North America,OWID_NAM,2015,4240000,351320000,577310016,236680000,690000,530000,20990000,1980000,1890000,200000,17100000
North America,OWID_NAM,2016,2680000,359300000,548089984,234150000,670000,610000,20550000,1980000,1810000,230000,17460000
North America,OWID_NAM,2017,3750000,360970016,571400000,237720000,650000,650000,20050000,1930000,1910000,270000,17360000
North America,OWID_NAM,2018,3950000,366670016,637569984,242070000,740000,710000,21420000,1970000,2010000,240000,17460000
North America,OWID_NAM,2019,3380000,366620000,684080000,245470000,810000,720000,22160000,1890000,1980000,260000,17480000
North America,OWID_NAM,2020,5400000,367280000,616240000,242890000,720000,690000,21330000,1780000,1860000,170000,15040000
North America,OWID_NAM,2021,4700000,366180000,597299968,241529984,770000,740000,21690000,1810000,1880000,180000,16390000
North America,OWID_NAM,2022,2470000,361360000,623950016,240960000,930000,310000,22480000,1770000,1819999,190000,16900000
North America,OWID_NAM,2023,10150000,363280000,628129984,243890000,1070000,310000,22850000,1710000,1840000,190000,17090000
North Korea,PRK,1990,60000,5130000,22930000,1039999,430000,0,20000,10000,200000,0,30000
North Korea,PRK,1991,60000,4910000,21490000,1050000,420000,0,20000,0,190000,0,30000
North Korea,PRK,1992,60000,4870000,20050000,1060000,410000,0,20000,0,170000,0,20000
North Korea,PRK,1993,60000,4800000,18610000,1080000,410000,0,20000,0,160000,0,20000
North Korea,PRK,1994,60000,4770000,17160000,1090000,390000,0,20000,0,140000,0,10000
North Korea,PRK,1995,60000,4590000,15750000,1100000,380000,0,20000,0,129999,0,20000
North Korea,PRK,1996,80000,4200000,14350000,1110000,350000,0,20000,0,120000,0,10000
North Korea,PRK,1997,259999,4240000,12940000,1120000,340000,0,20000,0,120000,0,10000
North Korea,PRK,1998,100000,4230000,11530000,1130000,320000,0,20000,0,110000,0,10000
North Korea,PRK,1999,60000,4340000,10120000,1140000,350000,0,20000,0,120000,0,10000
North Korea,PRK,2000,70000,4179999,8710000,1150000,370000,0,20000,0,129999,0,10000
North Korea,PRK,2001,50000,4400000,8860000,1160000,370000,0,30000,0,129999,0,10000
North Korea,PRK,2002,10000,4480000,9020000,1180000,350000,0,30000,0,129999,0,10000
North Korea,PRK,2003,20000,4500000,9280000,1190000,360000,0,30000,0,129999,0,10000
North Korea,PRK,2004,230000,4480000,9740000,1210000,370000,0,30000,0,129999,0,10000
North Korea,PRK,2005,60000,4520000,10630000,1230000,380000,0,30000,0,140000,0,10000
North Korea,PRK,2006,20000,4520000,10780000,1250000,390000,0,30000,0,140000,0,10000
North Korea,PRK,2007,10000,4510000,9320000,1270000,340000,0,30000,0,120000,0,10000
North Korea,PRK,2008,40000,4450000,9930000,1280000,360000,0,30000,0,129999,0,10000
North Korea,PRK,2009,150000,4460000,7830000,1300000,340000,0,30000,0,120000,0,10000
North Korea,PRK,2010,10000,4470000,7830000,1310000,330000,0,30000,0,110000,0,10000
North Korea,PRK,2011,70000,4500000,7830000,1320000,259999,0,30000,0,80000,0,10000
North Korea,PRK,2012,20000,4500000,7920000,1340000,250000,0,30000,0,80000,0,10000
North Korea,PRK,2013,20000,4370000,9340000,1350000,200000,0,30000,0,50000,0,10000
North Korea,PRK,2014,210000,4240000,9510000,1360000,220000,0,30000,0,60000,0,10000
North Korea,PRK,2015,50000,3960000,9290000,1380000,170000,0,30000,0,40000,0,10000
North Korea,PRK,2016,0,4000000,10150000,1390000,170000,0,30000,10000,40000,0,10000
North Korea,PRK,2017,20000,4030000,8950000,1400000,259999,0,550000,10000,110000,0,10000
North Korea,PRK,2018,50000,4010000,7470000,1420000,230000,0,480000,10000,90000,0,10000
North Korea,PRK,2019,50000,3990000,8350000,1430000,250000,0,540000,10000,100000,0,10000
North Korea,PRK,2020,0,4010000,7850000,1440000,250000,0,519999,10000,100000,0,10000
North Korea,PRK,2021,0,4250000,6450000,1450000,220000,0,430000,0,80000,0,10000
North Korea,PRK,2022,0,3800000,6650000,1460000,230000,0,450000,0,80000,0,10000
North Korea,PRK,2023,0,3600000,6520000,1470000,240000,0,480000,0,90000,0,10000
North Macedonia,MKD,1990,0,1710000,200000,980000,0,0,0,0,0,0,10000
North Macedonia,MKD,1991,0,1650000,190000,990000,0,0,0,0,0,0,10000
North Macedonia,MKD,1992,0,1390000,180000,1000000,0,0,70000,0,0,0,10000
North Macedonia,MKD,1993,0,1390000,190000,1010000,0,0,70000,0,0,0,10000
North Macedonia,MKD,1994,0,1370000,200000,940000,0,0,70000,0,0,0,10000
North Macedonia,MKD,1995,0,1360000,200000,970000,0,0,70000,0,0,0,10000
North Macedonia,MKD,1996,0,1360000,200000,980000,0,0,70000,0,0,0,10000
North Macedonia,MKD,1997,0,1280000,210000,1030000,0,0,70000,0,0,0,10000
North Macedonia,MKD,1998,0,1210000,240000,1030000,0,0,50000,0,0,0,10000
North Macedonia,MKD,1999,0,1100000,230000,1030000,0,0,60000,0,0,0,10000
North Macedonia,MKD,2000,20000,1120000,240000,1050000,0,0,70000,0,0,0,10000
North Macedonia,MKD,2001,0,1070000,270000,1039999,0,0,50000,0,0,0,10000
North Macedonia,MKD,2002,0,1050000,250000,1050000,0,0,50000,0,0,0,10000
North Macedonia,MKD,2003,0,1050000,310000,1050000,0,0,60000,0,0,0,10000
North Macedonia,MKD,2004,0,1070000,259999,1070000,0,0,60000,0,0,0,10000
North Macedonia,MKD,2005,0,1020000,250000,1070000,0,0,70000,0,0,0,10000
North Macedonia,MKD,2006,0,1039999,250000,1080000,0,0,70000,0,0,0,10000
North Macedonia,MKD,2007,10000,1050000,250000,1090000,0,0,70000,0,0,0,10000
North Macedonia,MKD,2008,0,1030000,290000,1100000,0,0,70000,0,0,0,10000
North Macedonia,MKD,2009,0,970000,270000,1110000,0,0,70000,0,0,0,10000
North Macedonia,MKD,2010,0,1010000,240000,1140000,0,0,70000,0,0,0,10000
North Macedonia,MKD,2011,0,1039999,300000,1180000,0,0,70000,0,0,0,10000
North Macedonia,MKD,2012,0,980000,259999,1210000,0,0,80000,0,0,0,10000
North Macedonia,MKD,2013,0,960000,230000,1240000,0,0,80000,0,0,0,10000
North Macedonia,MKD,2014,0,980000,250000,1270000,0,0,80000,0,0,0,10000
North Macedonia,MKD,2015,0,1000000,230000,1300000,0,0,80000,0,0,0,10000
North Macedonia,MKD,2016,0,1020000,220000,1330000,0,0,70000,0,0,0,10000
North Macedonia,MKD,2017,0,1020000,240000,1360000,0,0,80000,0,0,0,10000
North Macedonia,MKD,2018,0,1000000,230000,1380000,0,0,70000,0,0,0,10000
North Macedonia,MKD,2019,0,870000,259999,1410000,0,0,70000,0,0,0,10000
North Macedonia,MKD,2020,0,860000,250000,1430000,0,0,70000,0,0,0,10000
North Macedonia,MKD,2021,10000,780000,240000,1450000,0,0,70000,0,0,0,10000
North Macedonia,MKD,2022,0,740000,240000,1470000,0,0,70000,0,0,0,10000
North Macedonia,MKD,2023,0,660000,240000,1510000,0,0,60000,0,0,0,10000
Norway,NOR,1990,0,3080000,610000,2620000,10000,60000,190000,10000,30000,0,70000
Norway,NOR,1991,0,3140000,280000,2500000,10000,50000,170000,10000,20000,0,70000
Norway,NOR,1992,0,3170000,310000,2470000,10000,50000,170000,10000,20000,0,70000
Norway,NOR,1993,0,3130000,340000,2480000,10000,50000,190000,10000,20000,0,70000
Norway,NOR,1994,0,3170000,380000,2460000,10000,60000,210000,10000,30000,0,70000
Norway,NOR,1995,0,3200000,430000,2470000,10000,60000,200000,10000,30000,10000,70000
Norway,NOR,1996,0,3250000,450000,2370000,10000,60000,200000,10000,30000,10000,70000
Norway,NOR,1997,0,3250000,480000,2320000,10000,70000,210000,10000,30000,10000,70000
Norway,NOR,1998,0,3260000,460000,2130000,10000,80000,220000,10000,30000,10000,70000
Norway,NOR,1999,0,3220000,480000,2040000,10000,80000,210000,10000,40000,10000,70000
Norway,NOR,2000,0,3120000,510000,2100000,10000,70000,210000,10000,30000,10000,70000
Norway,NOR,2001,0,3100000,490000,2010000,10000,80000,220000,10000,30000,10000,70000
Norway,NOR,2002,0,3060000,480000,1910000,10000,80000,250000,10000,20000,10000,70000
Norway,NOR,2003,0,3060000,500000,1900000,10000,60000,250000,10000,20000,0,70000
Norway,NOR,2004,0,3030000,510000,1880000,10000,60000,230000,10000,20000,0,70000
Norway,NOR,2005,0,2990000,490000,1780000,10000,60000,250000,10000,20000,10000,70000
Norway,NOR,2006,0,2950000,470000,1800000,10000,60000,240000,20000,20000,0,70000
Norway,NOR,2007,0,2890000,450000,1770000,10000,50000,220000,20000,20000,10000,70000
Norway,NOR,2008,0,2850000,460000,1690000,10000,60000,230000,20000,20000,0,70000
Norway,NOR,2009,0,2820000,460000,1710000,10000,50000,240000,20000,20000,0,60000
Norway,NOR,2010,0,2820000,440000,1690000,0,60000,270000,20000,30000,0,70000
Norway,NOR,2011,0,2790000,420000,1720000,0,60000,240000,20000,30000,0,60000
Norway,NOR,2012,0,2770000,430000,1610000,0,50000,250000,20000,30000,0,60000
Norway,NOR,2013,0,2750000,430000,1570000,0,50000,200000,20000,30000,0,60000
Norway,NOR,2014,0,2720000,430000,1530000,0,50000,170000,20000,20000,0,60000
Norway,NOR,2015,0,2770000,450000,1470000,0,50000,180000,30000,20000,0,60000
Norway,NOR,2016,0,2820000,460000,1400000,0,50000,180000,30000,20000,0,60000
Norway,NOR,2017,0,2820000,470000,1320000,0,50000,190000,30000,20000,0,60000
Norway,NOR,2018,0,2810000,450000,1280000,0,50000,180000,30000,30000,0,60000
Norway,NOR,2019,0,2750000,430000,1220000,0,50000,170000,30000,30000,0,60000
Norway,NOR,2020,0,2760000,460000,1170000,10000,50000,190000,30000,30000,0,60000
Norway,NOR,2021,0,2790000,470000,1150000,10000,50000,200000,30000,30000,0,50000
Norway,NOR,2022,0,2770000,470000,1100000,0,50000,210000,30000,30000,0,50000
Norway,NOR,2023,0,2700000,470000,1060000,10000,50000,190000,30000,30000,0,50000
Oceania,OWID_OCE,1990,2889999,147470000,27500000,23240000,,150000,740000,90000,110000,10000,610000
Oceania,OWID_OCE,1991,2889999,145920000,28120000,23390000,,190000,750000,90000,110000,10000,590000
Oceania,OWID_OCE,1992,2889999,142840000,29930000,23360000,,180000,750000,90000,110000,10000,620000
Oceania,OWID_OCE,1993,2889999,140800000,32010000,23450000,,190000,880000,90000,120000,10000,630000
Oceania,OWID_OCE,1994,2889999,143900000,31810000,22950000,,230000,780000,90000,130000,10000,650000
Oceania,OWID_OCE,1995,2889999,141820000,33360000,23190000,,290000,780000,90000,130000,10000,680000
Oceania,OWID_OCE,1996,5050000,135730000,34090000,21730000,,350000,760000,100000,160000,10000,680000
Oceania,OWID_OCE,1997,19190000,135740000,35900000,21680000,,360000,760000,100000,160000,10000,700000
Oceania,OWID_OCE,1998,5930000,137900000,37900000,20920000,,350000,760000,100000,160000,10000,710000
Oceania,OWID_OCE,1999,7970000,154580000,38580000,21090000,,380000,750000,100000,160000,10000,720000
Oceania,OWID_OCE,2000,2740000,164060000,41180000,21400000,30000,410000,760000,100000,160000,10000,740000
Oceania,OWID_OCE,2001,1620000,173850000,44180000,21050000,30000,360000,770000,110000,160000,10000,730000
Oceania,OWID_OCE,2002,2580000,166920000,44630000,21330000,30000,380000,810000,110000,170000,10000,740000
Oceania,OWID_OCE,2003,3890000,124790000,44550000,20250000,30000,220000,740000,150000,140000,10000,740000
Oceania,OWID_OCE,2004,730000,147260000,45350000,19820000,30000,240000,660000,150000,140000,10000,770000
Oceania,OWID_OCE,2005,410000,125210000,48230000,19530000,,130000,610000,160000,140000,10000,750000
Oceania,OWID_OCE,2006,3200000,145190000,49050000,19000000,,150000,610000,160000,140000,10000,770000
Oceania,OWID_OCE,2007,1190000,139960000,52050000,19180000,,160000,620000,170000,140000,10000,760000
Oceania,OWID_OCE,2008,250000,120320000,52350000,19600000,,170000,600000,180000,140000,10000,760000
Oceania,OWID_OCE,2009,1860000,124669992,52880000,19420000,30000,200000,600000,120000,140000,10000,730000
Oceania,OWID_OCE,2010,330000,110340008,59250000,19660000,40000,210000,570000,120000,160000,10000,740000
Oceania,OWID_OCE,2011,700000,166060000,56120000,19050000,40000,220000,550000,120000,160000,10000,750000
Oceania,OWID_OCE,2012,1070000,166860000,58110000,17580000,50000,220000,540000,120000,160000,10000,740000
Oceania,OWID_OCE,2013,1650000,124370000,63060000,16700000,50000,260000,540000,120000,170000,10000,740000
Oceania,OWID_OCE,2014,1220000,135150000,70960000,16680000,40000,350000,540000,120000,160000,10000,730000
Oceania,OWID_OCE,2015,1390000,129010000,76500000,16200000,40000,320000,520000,120000,180000,10000,700000
Oceania,OWID_OCE,2016,980000,109640000,76530000,16480000,40000,360000,510000,130000,180000,10000,700000
Oceania,OWID_OCE,2017,650000,133000000,74400000,16790000,60000,330000,510000,130000,200000,10000,700000
Oceania,OWID_OCE,2018,1140000,132400000,72180000,16540000,50000,290000,500000,130000,190000,10000,680000
Oceania,OWID_OCE,2019,10710000,113550008,72780000,16330000,40000,320000,500000,130000,170000,10000,670000
Oceania,OWID_OCE,2020,5880000,99360000,69780000,15940000,40000,300000,490000,130000,160000,10000,600000
Oceania,OWID_OCE,2021,240000,109050000,62900000,15970001,50000,270000,500000,120000,170000,0,590000
Oceania,OWID_OCE,2022,280000,110600000,61190000,16170000,50000,270000,490000,120000,180000,10000,560000
Oceania,OWID_OCE,2023,580000,156220000,62740000,16380000,50000,270000,510000,110000,170000,10000,600000
Oman,OMN,1990,0,410000,8069999,330000,0,0,0,0,0,0,20000
Oman,OMN,1991,0,440000,8330000,340000,0,0,0,0,10000,0,20000
Oman,OMN,1992,0,470000,8910000,390000,0,0,0,0,0,0,20000
Oman,OMN,1993,0,500000,10370000,450000,0,0,0,0,0,0,20000
Oman,OMN,1994,0,530000,11560000,500000,0,0,0,0,0,0,20000
Oman,OMN,1995,0,540000,12420000,540000,0,0,0,10000,0,0,20000
Oman,OMN,1996,0,560000,12950000,580000,0,0,0,10000,0,0,20000
Oman,OMN,1997,0,580000,13650000,630000,10000,0,0,10000,0,0,30000
Oman,OMN,1998,0,610000,12870000,670000,10000,0,0,10000,0,0,30000
Oman,OMN,1999,0,650000,13280000,700000,10000,0,0,10000,0,0,30000
Oman,OMN,2000,0,650000,14350000,740000,10000,0,0,10000,0,0,30000
Oman,OMN,2001,0,670000,15000000,780000,10000,0,0,10000,0,0,30000
Oman,OMN,2002,0,680000,14600000,820000,10000,0,0,10000,10000,0,30000
Oman,OMN,2003,0,710000,14820000,850000,10000,0,0,10000,10000,0,30000
Oman,OMN,2004,0,720000,14320000,880000,0,0,0,10000,0,0,30000
Oman,OMN,2005,0,760000,14290000,920000,0,0,0,10000,0,0,40000
Oman,OMN,2006,0,770000,13710000,960000,10000,0,0,10000,10000,0,40000
Oman,OMN,2007,0,790000,13120000,990000,10000,0,0,10000,10000,0,50000
Oman,OMN,2008,0,800000,13540000,1030000,10000,0,0,10000,10000,10000,60000
Oman,OMN,2009,0,820000,14010000,1060000,10000,0,0,10000,0,10000,60000
Oman,OMN,2010,0,850000,14390000,1120000,10000,0,10000,10000,0,10000,70000
Oman,OMN,2011,0,870000,14910000,1200000,10000,0,20000,10000,10000,0,80000
Oman,OMN,2012,0,890000,16080000,1290000,10000,0,20000,10000,10000,10000,90000
Oman,OMN,2013,0,1110000,17210000,1380000,10000,0,20000,10000,10000,10000,100000
Oman,OMN,2014,0,1120000,17240000,1450000,10000,0,20000,10000,10000,10000,110000
Oman,OMN,2015,0,1140000,16880000,1530000,10000,0,30000,10000,10000,10000,110000
Oman,OMN,2016,0,1170000,17470000,1610000,10000,0,30000,10000,10000,10000,110000
Oman,OMN,2017,0,1190000,17380000,1690000,10000,0,30000,10000,10000,10000,110000
Oman,OMN,2018,0,1210000,17970000,1750000,10000,0,40000,10000,10000,20000,110000
Oman,OMN,2019,0,1240000,18510000,1800000,10000,0,40000,10000,10000,10000,110000
Oman,OMN,2020,0,1260000,17870000,1840000,10000,0,40000,10000,10000,10000,90000
Oman,OMN,2021,0,1290000,18450000,1880000,10000,0,40000,10000,10000,20000,90000
Oman,OMN,2022,0,1310000,19110000,1930000,10000,0,50000,10000,10000,20000,120000
Oman,OMN,2023,0,1340000,18880000,1980000,10000,0,50000,20000,10000,20000,120000
Pakistan,PAK,1990,0,67790000,7270000,13940000,0,0,17310000,10000,90000,0,50000
Pakistan,PAK,1991,0,68940000,8100000,14280000,0,0,17800000,10000,90000,0,50000
Pakistan,PAK,1992,0,69670000,8660000,18080000,0,0,18250000,20000,100000,0,50000
Pakistan,PAK,1993,0,71780000,8279999,21720000,0,0,18810000,20000,100000,0,60000
Pakistan,PAK,1994,0,72850000,8319999,25240000,0,0,19210000,20000,110000,0,60000
Pakistan,PAK,1995,0,74350000,8870000,28660000,0,0,19690000,20000,110000,0,60000
Pakistan,PAK,1996,0,77920000,9300000,32000000,0,0,20090000,20000,110000,0,70000
Pakistan,PAK,1997,0,79790000,9240000,35230000,0,0,20500000,30000,110000,0,80000
Pakistan,PAK,1998,0,81830000,9540000,38390000,0,0,20950000,20000,110000,0,80000
Pakistan,PAK,1999,0,84120000,10380000,41480000,0,0,21480000,30000,120000,0,80000
Pakistan,PAK,2000,0,85180000,10980000,44540000,0,0,22150000,30000,120000,0,80000
Pakistan,PAK,2001,0,86000000,11580000,47570000,0,0,22850000,30000,120000,0,90000
Pakistan,PAK,2002,0,88400000,11830000,50480000,0,0,23420000,30000,129999,0,100000
Pakistan,PAK,2003,0,91440000,14050000,53300000,0,0,23940000,20000,140000,0,120000
Pakistan,PAK,2004,0,93690000,15330000,56060000,0,0,24480000,20000,150000,0,140000
Pakistan,PAK,2005,0,96290000,16250000,58750000,0,0,25020000,30000,160000,0,170000
Pakistan,PAK,2006,0,103470000,16490000,61390000,0,0,25550000,30000,170000,0,210000
Pakistan,PAK,2007,10000,106120000,17400000,63990000,0,0,26110000,40000,180000,0,259999
Pakistan,PAK,2008,0,110940000,16870000,66559996,0,0,26680000,40000,170000,0,300000
Pakistan,PAK,2009,0,113750000,17300000,69120000,0,0,27280000,40000,180000,0,340000
Pakistan,PAK,2010,0,112620000,17200000,71650000,0,0,27900000,40000,180000,0,380000
Pakistan,PAK,2011,0,119080000,17270000,74160000,0,0,28500000,30000,180000,0,420000
Pakistan,PAK,2012,0,121490000,16980000,76580000,0,0,29020000,40000,180000,0,390000
Pakistan,PAK,2013,0,126750000,18250000,78930000,0,0,29470000,40000,170000,0,380000
Pakistan,PAK,2014,0,130820008,17970000,81210000,0,0,29890000,40000,190000,0,360000
Pakistan,PAK,2015,0,133979992,17270000,83410000,0,0,29980000,50000,200000,0,400000
Pakistan,PAK,2016,0,137760000,16620001,85550000,10000,0,29260000,50000,210000,0,440000
Pakistan,PAK,2017,0,142490000,15210000,87650000,0,0,28590000,50000,230000,0,480000
Pakistan,PAK,2018,0,146330000,17890000,89760000,0,0,28090000,40000,240000,0,470000
Pakistan,PAK,2019,0,151500000,16580000,91860000,0,0,27330000,40000,220000,0,410000
Pakistan,PAK,2020,0,157150000,17400000,93980000,10000,0,26940000,40000,259999,0,470000
Pakistan,PAK,2021,0,162580000,15880000,96120000,0,0,26620000,50000,230000,0,420000
Pakistan,PAK,2022,10000,165110000,15600000,98290000,10000,0,27120000,40000,210000,0,360000
Pakistan,PAK,2023,0,172620000,15080000,100530000,10000,0,27660000,40000,210000,0,360000
Palau,PLW,1990,,,0,0,,0,,,,,
Palau,PLW,1991,0,0,0,0,,0,,,,,
Palau,PLW,1992,0,0,0,0,,0,0,0,,0,0
Palau,PLW,1993,0,0,0,0,,0,0,0,,0,0
Palau,PLW,1994,0,0,0,20000,,0,0,0,,0,0
Palau,PLW,1995,0,0,0,10000,,0,0,0,,0,0
Palau,PLW,1996,0,0,0,10000,,0,0,0,,0,0
Palau,PLW,1997,0,0,0,10000,,0,0,0,,0,0
Palau,PLW,1998,0,0,0,10000,,0,0,0,,0,0
Palau,PLW,1999,0,0,0,10000,,0,0,0,,0,0
Palau,PLW,2000,0,0,0,10000,,0,0,0,,0,0
Palau,PLW,2001,0,0,0,10000,,0,0,0,,0,0
Palau,PLW,2002,0,0,0,10000,,0,0,0,,0,0
Palau,PLW,2003,0,0,0,10000,,0,0,0,,0,0
Palau,PLW,2004,0,0,0,10000,,0,0,0,,0,0
Palau,PLW,2005,0,0,0,10000,,0,0,0,,0,0
Palau,PLW,2006,0,0,0,0,,0,0,0,,0,0
Palau,PLW,2007,0,0,0,0,,0,0,0,,0,0
Palau,PLW,2008,0,0,0,0,,0,0,0,,0,0
Palau,PLW,2009,0,0,0,0,,0,0,0,,0,0
Palau,PLW,2010,0,0,0,0,,0,0,0,,0,0
Palau,PLW,2011,0,0,0,0,,0,0,0,,0,0
Palau,PLW,2012,0,0,0,0,,0,0,0,,0,0
Palau,PLW,2013,0,0,0,0,,0,0,0,,0,0
Palau,PLW,2014,0,0,0,0,,0,0,0,,0,0
Palau,PLW,2015,0,0,0,0,,0,0,0,,0,0
Palau,PLW,2016,0,0,0,0,,0,0,0,,0,0
Palau,PLW,2017,0,0,0,0,,0,0,0,,0,0
Palau,PLW,2018,0,0,0,0,,0,0,0,,0,0
Palau,PLW,2019,0,0,0,0,,0,0,0,,0,0
Palau,PLW,2020,0,0,0,0,,0,0,0,,0,0
Palau,PLW,2021,0,0,0,0,,0,0,0,,0,0
Palau,PLW,2022,0,0,0,0,,0,0,0,,0,0
Palau,PLW,2023,0,0,0,0,,0,0,0,,0,0
Panama,PAN,1990,10000,2430000,0,1590000,0,0,320000,0,0,10000,10000
Panama,PAN,1991,10000,2450000,0,1620000,0,0,320000,0,0,10000,10000
Panama,PAN,1992,10000,2500000,0,1830000,0,0,340000,0,0,10000,10000
Panama,PAN,1993,10000,2520000,0,2000000,0,0,350000,0,0,20000,10000
Panama,PAN,1994,10000,2550000,0,2140000,0,0,350000,0,0,20000,10000
Panama,PAN,1995,10000,2560000,0,2020000,0,0,330000,0,0,20000,10000
Panama,PAN,1996,10000,2520000,0,1890000,0,0,370000,0,0,20000,10000
Panama,PAN,1997,10000,2380000,0,1770000,0,0,370000,0,0,20000,10000
Panama,PAN,1998,10000,2420000,0,1640000,0,0,370000,0,0,20000,20000
Panama,PAN,1999,10000,2390000,0,1520000,0,0,370000,0,0,20000,20000
Panama,PAN,2000,10000,2370000,0,1390000,0,0,180000,0,0,20000,20000
Panama,PAN,2001,10000,2680000,0,1460000,0,0,180000,0,0,20000,10000
Panama,PAN,2002,0,2690000,0,1520000,0,0,180000,0,10000,20000,20000
Panama,PAN,2003,70000,2670000,0,1580000,0,0,180000,0,0,20000,20000
Panama,PAN,2004,10000,2630000,0,1640000,0,0,180000,0,0,20000,20000
Panama,PAN,2005,0,2720000,0,1710000,0,0,180000,0,0,20000,20000
Panama,PAN,2006,0,2730000,0,1770000,0,0,190000,0,10000,20000,20000
Panama,PAN,2007,0,2670000,0,1850000,0,0,180000,0,0,20000,20000
Panama,PAN,2008,10000,2800000,0,1930000,0,0,180000,0,0,30000,20000
Panama,PAN,2009,10000,2840000,0,2020000,0,0,180000,0,0,20000,20000
Panama,PAN,2010,0,2850000,0,2100000,0,0,180000,0,0,20000,20000
Panama,PAN,2011,0,2990000,0,2180000,0,0,180000,0,10000,30000,20000
Panama,PAN,2012,0,2990000,0,2280000,0,0,180000,0,10000,30000,20000
Panama,PAN,2013,0,2980000,0,2380000,0,0,180000,0,10000,30000,30000
Panama,PAN,2014,0,2830000,0,2490000,0,0,180000,0,10000,30000,30000
Panama,PAN,2015,10000,2700000,0,2600000,0,0,180000,0,10000,30000,30000
Panama,PAN,2016,10000,2710000,0,2710000,0,0,180000,0,0,30000,30000
Panama,PAN,2017,0,2650000,0,2820000,0,0,180000,0,10000,40000,30000
Panama,PAN,2018,0,2710000,1080000,2940000,0,0,180000,0,0,40000,30000
Panama,PAN,2019,10000,2630000,2260000,3050000,0,0,180000,0,10000,40000,40000
Panama,PAN,2020,0,2630000,1460000,3170000,0,0,180000,0,0,30000,30000
Panama,PAN,2021,0,2630000,1140000,3220000,0,0,180000,0,0,30000,30000
Panama,PAN,2022,0,2640000,1520000,3300000,0,0,180000,0,0,30000,40000
Panama,PAN,2023,0,2650000,1520000,3750000,0,0,180000,0,0,30000,40000
Papua New Guinea,PNG,1990,530000,680000,1310000,0,0,0,0,0,0,0,0
Papua New Guinea,PNG,1991,530000,670000,0,0,0,0,0,0,0,0,0
Papua New Guinea,PNG,1992,530000,710000,870000,0,0,0,0,0,0,0,0
Papua New Guinea,PNG,1993,530000,750000,2040000,0,0,0,0,0,0,0,0
Papua New Guinea,PNG,1994,530000,790000,2130000,0,0,0,0,0,0,0,0
Papua New Guinea,PNG,1995,530000,830000,1700000,0,0,0,0,0,0,0,0
Papua New Guinea,PNG,1996,360000,800000,1770000,0,0,0,0,0,0,0,0
Papua New Guinea,PNG,1997,12150000,900000,1340000,0,0,0,0,0,0,0,0
Papua New Guinea,PNG,1998,450000,830000,1320000,0,0,0,0,0,0,0,0
Papua New Guinea,PNG,1999,390000,840000,1470000,0,0,0,0,0,0,0,0
Papua New Guinea,PNG,2000,270000,830000,1090000,259999,0,0,0,0,0,0,0
Papua New Guinea,PNG,2001,10000,910000,1020000,0,0,0,0,0,0,0,0
Papua New Guinea,PNG,2002,160000,1020000,840000,0,0,0,0,0,0,0,0
Papua New Guinea,PNG,2003,50000,1039999,870000,0,0,0,0,0,0,0,0
Papua New Guinea,PNG,2004,300000,1140000,770000,0,0,0,0,0,0,0,0
Papua New Guinea,PNG,2005,30000,1000000,920000,0,0,0,0,0,0,0,0
Papua New Guinea,PNG,2006,90000,1070000,860000,0,0,0,0,0,0,0,0
Papua New Guinea,PNG,2007,20000,1000000,700000,0,0,0,0,0,0,0,0
Papua New Guinea,PNG,2008,20000,1010000,750000,0,0,0,0,0,0,0,0
Papua New Guinea,PNG,2009,30000,1039999,690000,0,0,0,0,0,0,0,0
Papua New Guinea,PNG,2010,40000,1070000,560000,0,0,0,0,0,0,0,0
Papua New Guinea,PNG,2011,20000,1060000,530000,0,0,0,0,0,0,0,0
Papua New Guinea,PNG,2012,20000,1090000,500000,0,0,0,0,0,0,0,0
Papua New Guinea,PNG,2013,40000,1070000,560000,0,0,0,0,0,0,0,0
Papua New Guinea,PNG,2014,30000,1140000,3070000,0,0,0,0,0,0,0,0
Papua New Guinea,PNG,2015,640000,1210000,5600000,0,0,0,0,0,0,0,0
Papua New Guinea,PNG,2016,20000,1060000,6150000,0,0,0,0,0,0,0,0
Papua New Guinea,PNG,2017,30000,1080000,6160000,0,0,0,0,0,0,0,0
Papua New Guinea,PNG,2018,90000,1180000,5420000,0,0,0,0,0,0,0,0
Papua New Guinea,PNG,2019,40000,1100000,6120000,0,0,0,0,0,0,0,0
Papua New Guinea,PNG,2020,20000,1070000,6330000,0,0,0,0,0,0,0,0
Papua New Guinea,PNG,2021,20000,1090000,6020000,0,0,0,0,0,0,0,0
Papua New Guinea,PNG,2022,60000,1110000,6440000,0,0,0,0,0,0,0,0
Papua New Guinea,PNG,2023,50000,1180000,6510000,0,0,0,0,0,0,0,0
Paraguay,PRY,1990,620000,14620000,0,4580000,0,0,1230000,0,40000,0,10000
Paraguay,PRY,1991,620000,13510000,0,3490000,0,0,1260000,0,40000,0,10000
Paraguay,PRY,1992,620000,13940000,0,2410000,0,0,1090000,0,50000,0,10000
Paraguay,PRY,1993,620000,15120000,0,1330000,0,0,1120000,0,40000,0,10000
Paraguay,PRY,1994,620000,15930000,0,240000,0,0,1060000,0,50000,0,10000
Paraguay,PRY,1995,620000,17060000,0,259999,0,0,1090000,0,60000,0,10000
Paraguay,PRY,1996,1250000,16559999,0,270000,0,0,1120000,0,60000,0,10000
Paraguay,PRY,1997,1660000,16639999,0,290000,0,0,1170000,0,60000,0,20000
Paraguay,PRY,1998,1380000,16740000,0,310000,0,0,1020000,0,70000,0,20000
Paraguay,PRY,1999,3560000,16840000,10000,330000,0,0,1030000,0,50000,0,20000
Paraguay,PRY,2000,680000,16330000,0,340000,0,0,1030000,0,50000,0,10000
Paraguay,PRY,2001,460000,17400000,0,640000,0,0,1120000,0,50000,0,10000
Paraguay,PRY,2002,1200000,16540001,0,930000,0,0,1050000,0,50000,0,10000
Paraguay,PRY,2003,630000,18080000,0,1220000,0,0,1080000,0,50000,0,10000
Paraguay,PRY,2004,310000,16700001,0,1520000,0,0,1050000,0,50000,0,10000
Paraguay,PRY,2005,570000,17460000,0,1810000,0,0,1010000,0,50000,0,10000
Paraguay,PRY,2006,320000,17590000,0,1950000,0,0,860000,0,50000,0,10000
Paraguay,PRY,2007,1370000,18800000,0,2079999,0,0,880000,0,50000,0,10000
Paraguay,PRY,2008,240000,18200000,10000,2220000,0,0,900000,0,50000,0,10000
Paraguay,PRY,2009,220000,19860000,10000,2360000,0,0,940000,0,50000,0,20000
Paraguay,PRY,2010,250000,20970000,10000,2490000,0,0,950000,0,50000,0,20000
Paraguay,PRY,2011,290000,21420000,10000,2630000,0,0,920000,0,50000,0,20000
Paraguay,PRY,2012,240000,22670000,10000,2700000,0,0,890000,0,50000,0,20000
Paraguay,PRY,2013,300000,23140000,10000,2270000,0,0,750000,0,40000,0,20000
Paraguay,PRY,2014,100000,24590000,10000,1840000,0,0,780000,0,40000,0,20000
Paraguay,PRY,2015,50000,24190000,10000,1410000,0,0,760000,0,40000,0,30000
Paraguay,PRY,2016,90000,23850000,10000,1420000,0,0,1160000,0,50000,0,30000
Paraguay,PRY,2017,380000,24430000,10000,1420000,0,0,1180000,0,50000,0,40000
Paraguay,PRY,2018,120000,23210000,10000,1680000,0,0,1110000,0,50000,0,40000
Paraguay,PRY,2019,810000,24040000,10000,1950000,0,0,1090000,0,50000,0,40000
Paraguay,PRY,2020,300000,25020000,10000,1980000,0,0,1020000,0,50000,0,30000
Paraguay,PRY,2021,450000,24380000,10000,2020000,0,0,960000,0,50000,0,40000
Paraguay,PRY,2022,129999,23580000,10000,2050000,0,0,950000,0,50000,0,30000
Paraguay,PRY,2023,80000,23510000,10000,2130000,0,0,860000,0,50000,0,40000
Peru,PER,1990,100000,14090000,1800000,1790000,129999,0,2480000,10000,10000,0,50000
Peru,PER,1991,100000,13790000,1700000,1800000,129999,0,2390000,0,10000,0,40000
Peru,PER,1992,100000,13680000,1750000,2550000,129999,0,2320000,10000,10000,0,40000
Peru,PER,1993,100000,13710000,1750000,3090000,110000,0,2250000,10000,10000,0,40000
Peru,PER,1994,100000,14400000,1650000,3500000,120000,0,2200000,10000,10000,0,50000
Peru,PER,1995,100000,15030000,1700000,4440000,150000,0,2150000,10000,10000,0,50000
Peru,PER,1996,90000,15270000,1760000,5390000,140000,0,2120000,10000,10000,0,50000
Peru,PER,1997,100000,15380000,1680000,6330000,160000,0,2089999,10000,10000,0,50000
Peru,PER,1998,170000,15810000,1680000,7270000,129999,0,2680000,10000,40000,0,50000
Peru,PER,1999,150000,16930000,1600000,8210000,150000,0,2580000,10000,40000,0,50000
Peru,PER,2000,20000,17000000,1520000,9150000,170000,0,2670000,10000,40000,0,50000
Peru,PER,2001,10000,17100000,1490000,9190000,170000,0,2700000,10000,40000,0,50000
Peru,PER,2002,60000,17570000,1460000,9220000,190000,0,2630000,10000,40000,0,50000
Peru,PER,2003,129999,17790000,1550000,9260000,200000,0,2610000,10000,30000,0,40000
Peru,PER,2004,60000,17620000,1530000,9300000,160000,0,2630000,10000,40000,0,50000
Peru,PER,2005,320000,18680000,1710000,9340000,70000,0,2640000,10000,30000,0,50000
Peru,PER,2006,90000,18550000,1720000,9380000,100000,0,2590000,10000,30000,0,50000
Peru,PER,2007,190000,18870000,1770000,9420000,100000,0,2570000,10000,30000,0,60000
Peru,PER,2008,70000,19250000,1990000,9450000,120000,0,2700000,10000,30000,0,80000
Peru,PER,2009,40000,19670000,2190000,9490000,129999,0,2720000,10000,30000,0,100000
Peru,PER,2010,180000,19780000,2900000,9530000,160000,0,2590000,20000,30000,0,120000
Peru,PER,2011,40000,19760000,3630000,9600000,170000,0,2480000,20000,30000,0,129999
Peru,PER,2012,100000,19480000,3730000,9660000,230000,0,2390000,20000,30000,0,150000
Peru,PER,2013,70000,19510000,3900000,9940000,140000,0,2350000,20000,30000,0,170000
Peru,PER,2014,60000,19660000,4250000,10230000,150000,0,2370000,20000,30000,0,170000
Peru,PER,2015,70000,19680000,4000000,10490000,140000,0,2240000,20000,30000,0,190000
Peru,PER,2016,70000,19600000,3900000,10730000,230000,0,2210000,20000,30000,0,200000
Peru,PER,2017,30000,19670000,3500000,11040000,70000,0,2060000,20000,30000,0,210000
Peru,PER,2018,70000,19840000,3520000,11310000,0,0,2100000,20000,30000,0,220000
Peru,PER,2019,90000,19800000,3670000,11580000,0,0,1970000,20000,30000,0,240000
Peru,PER,2020,90000,19860000,3230000,11860000,0,0,2280000,20000,30000,0,180000
Peru,PER,2021,80000,20250000,3180000,12060000,0,0,2560000,20000,30000,0,230000
Peru,PER,2022,100000,20330000,3570000,12280000,0,0,2400000,20000,30000,0,250000
Peru,PER,2023,70000,20350000,3670000,13500000,0,0,2400000,20000,30000,0,270000
Philippines,PHL,1990,40000,40600000,129999,4370000,0,0,7400000,20000,30000,0,70000
Philippines,PHL,1991,40000,41500000,100000,4430000,0,0,7230000,10000,30000,0,60000
Philippines,PHL,1992,40000,39330000,180000,6010000,0,0,7050000,10000,30000,0,70000
Philippines,PHL,1993,40000,40420000,240000,7220000,0,0,6880000,10000,30000,0,80000
Philippines,PHL,1994,40000,43990000,180000,8189999,0,0,6710000,10000,40000,0,80000
Philippines,PHL,1995,40000,45490000,140000,8980000,0,0,6530000,20000,40000,0,100000
Philippines,PHL,1996,40000,47690000,110000,9660000,0,0,6300000,20000,40000,0,110000
Philippines,PHL,1997,60000,47220000,120000,10270000,0,0,6060000,20000,40000,0,120000
Philippines,PHL,1998,180000,41150000,120000,10820000,0,0,5830000,20000,40000,0,120000
Philippines,PHL,1999,50000,49060000,120000,11340000,0,0,5590000,20000,40000,0,120000
Philippines,PHL,2000,60000,49590000,110000,11820000,0,0,5360000,20000,40000,0,120000
Philippines,PHL,2001,0,50000000,170000,12290000,0,0,5120000,20000,40000,0,120000
Philippines,PHL,2002,40000,50130000,690000,12740000,0,0,4880000,10000,40000,0,129999
Philippines,PHL,2003,40000,50030000,810000,13170000,0,0,4650000,10000,40000,0,129999
Philippines,PHL,2004,40000,51370000,740000,13590000,0,0,4410000,20000,50000,0,129999
Philippines,PHL,2005,60000,50780000,900000,14010000,0,0,4520000,10000,50000,0,129999
Philippines,PHL,2006,20000,51520000,840000,14410000,0,0,4640000,10000,50000,0,120000
Philippines,PHL,2007,30000,52760000,980000,14810000,0,0,4750000,10000,50000,0,120000
Philippines,PHL,2008,10000,54380000,990000,15210000,0,0,4870000,10000,60000,0,120000
Philippines,PHL,2009,10000,55190000,1160000,15600000,0,0,4990000,10000,60000,0,129999
Philippines,PHL,2010,110000,53370000,1100000,15990000,0,0,5100000,20000,60000,0,129999
Philippines,PHL,2011,10000,54440000,1170000,16379999,0,0,5220000,20000,60000,0,129999
Philippines,PHL,2012,10000,55560000,1150000,16760000,0,0,5300000,20000,60000,0,129999
Philippines,PHL,2013,20000,56010000,1130000,17150000,0,0,5430000,20000,70000,0,140000
Philippines,PHL,2014,30000,55870000,1280000,17520000,0,0,5490000,20000,70000,0,140000
Philippines,PHL,2015,50000,55170000,1200000,17900000,0,0,5440000,30000,70000,0,160000
Philippines,PHL,2016,50000,54370000,1320000,18280000,0,0,5300000,30000,80000,0,180000
Philippines,PHL,2017,10000,56770000,1210000,18660000,0,0,5300000,40000,80000,0,190000
Philippines,PHL,2018,10000,56720000,1250000,19050000,0,0,5290000,40000,80000,0,200000
Philippines,PHL,2019,40000,55310000,1170000,19440000,0,0,5280000,40000,70000,0,210000
Philippines,PHL,2020,40000,55960000,1070000,19820000,0,0,5300000,40000,60000,0,170000
Philippines,PHL,2021,20000,56270000,990000,20200000,0,0,5330000,40000,60000,0,200000
Philippines,PHL,2022,10000,56010000,940000,20580000,0,0,5340000,50000,60000,0,220000
Philippines,PHL,2023,30000,56210000,840000,20980000,0,0,5340000,50000,60000,0,230000
Poland,POL,1990,0,28840000,56340000,18280000,460000,140000,2470000,90000,90000,0,120000
Poland,POL,1991,0,26290000,52870000,18500000,610000,110000,3160000,90000,90000,0,140000
Poland,POL,1992,0,24460000,51670000,18660000,660000,100000,3220000,90000,80000,0,150000
Poland,POL,1993,0,22500000,50230000,18710000,730000,100000,4450000,80000,120000,0,150000
Poland,POL,1994,0,22220000,50320000,17760000,740000,100000,3890000,80000,120000,0,170000
Poland,POL,1995,0,21380000,52390000,17410000,720000,110000,3850000,60000,160000,0,180000
Poland,POL,1996,0,20560000,50650000,16830000,750000,110000,3980000,70000,180000,0,200000
Poland,POL,1997,0,20910000,52090000,16120001,670000,120000,3540000,60000,160000,0,220000
Poland,POL,1998,0,20020000,44150000,15690000,620000,110000,2920000,60000,129999,0,220000
Poland,POL,1999,0,19030000,42200000,14920000,640000,100000,2950000,60000,110000,0,250000
Poland,POL,2000,0,17930000,38600000,14070000,490000,120000,2410000,60000,110000,0,230000
Poland,POL,2001,0,17200000,38570000,13280000,540000,110000,2640000,60000,100000,0,230000
Poland,POL,2002,0,16930000,38120000,12570000,480000,120000,2820000,60000,90000,0,230000
Poland,POL,2003,10000,16870000,37920000,12140000,480000,120000,2790000,60000,90000,0,250000
Poland,POL,2004,0,16299999,37010000,11440000,500000,120000,2890000,60000,90000,0,280000
Poland,POL,2005,0,16620001,36160000,10720000,519999,110000,3090000,70000,80000,0,290000
Poland,POL,2006,0,16930000,35740000,9910000,580000,160000,3410000,70000,90000,0,310000
Poland,POL,2007,0,16970000,33009998,9320000,519999,160000,3140000,80000,90000,0,320000
Poland,POL,2008,0,16750000,31300000,8720000,560000,140000,3300000,90000,80000,0,330000
Poland,POL,2009,0,16299999,27980000,8200000,560000,140000,3390000,100000,80000,0,330000
Poland,POL,2010,0,16440001,28820000,7790000,620000,140000,3840000,110000,90000,0,340000
Poland,POL,2011,0,16100000,28480000,6830000,590000,150000,3480000,120000,100000,0,330000
Poland,POL,2012,0,15870000,29640000,6040000,580000,129999,3620000,140000,100000,0,320000
Poland,POL,2013,0,15830000,29210000,5790000,570000,140000,3530000,129999,100000,0,310000
Poland,POL,2014,0,15890000,27860000,5230000,540000,140000,3220000,129999,110000,0,310000
Poland,POL,2015,0,15960000,28080000,4790000,510000,150000,3200000,129999,110000,0,320000
Poland,POL,2016,0,15660000,27610000,4340000,540000,110000,3370000,120000,120000,0,340000
Poland,POL,2017,0,16129999,26050000,4440000,540000,140000,3340000,100000,129999,0,370000
Poland,POL,2018,0,16320000,24980000,4400000,519999,140000,4270000,110000,129999,0,390000
Poland,POL,2019,0,16400000,24160000,4190000,450000,140000,3700000,120000,129999,0,410000
Poland,POL,2020,0,16500000,22270000,3750000,460000,129999,3650000,120000,129999,0,380000
Poland,POL,2021,0,16240000,22730000,3630000,450000,120000,3580000,120000,120000,0,410000
Poland,POL,2022,0,16350000,20750000,3690000,360000,120000,3210000,120000,120000,0,430000
Poland,POL,2023,0,16320000,18740000,3820000,330000,120000,3090000,110000,110000,0,440000
Portugal,PRT,1990,60000,5830000,200000,4860000,10000,60000,410000,20000,50000,10000,60000
Portugal,PRT,1991,60000,5810000,190000,4980000,10000,40000,410000,20000,50000,10000,60000
Portugal,PRT,1992,60000,5660000,170000,5140000,10000,50000,410000,20000,50000,10000,70000
Portugal,PRT,1993,60000,5430000,170000,5270000,10000,50000,410000,20000,50000,0,70000
Portugal,PRT,1994,60000,5610000,140000,5430000,10000,50000,410000,20000,50000,0,80000
Portugal,PRT,1995,60000,5570000,70000,5580000,10000,50000,410000,20000,60000,0,80000
Portugal,PRT,1996,120000,5690000,70000,5750000,10000,40000,410000,20000,50000,0,80000
Portugal,PRT,1997,70000,5680000,70000,5940000,10000,60000,410000,20000,60000,0,80000
Portugal,PRT,1998,100000,5650000,70000,6130000,10000,60000,410000,20000,60000,0,90000
Portugal,PRT,1999,80000,5660000,70000,6330000,10000,60000,410000,20000,60000,10000,90000
Portugal,PRT,2000,60000,5580000,80000,6570000,10000,60000,410000,30000,60000,10000,90000
Portugal,PRT,2001,10000,5210000,90000,6750000,10000,40000,420000,30000,50000,0,90000
Portugal,PRT,2002,20000,5160000,90000,6920000,0,50000,420000,30000,60000,0,90000
Portugal,PRT,2003,220000,5150000,90000,7050000,0,50000,420000,30000,50000,10000,90000
Portugal,PRT,2004,10000,5160000,100000,7050000,10000,60000,420000,30000,50000,10000,90000
Portugal,PRT,2005,200000,5220000,100000,6930000,10000,60000,420000,30000,50000,10000,90000
Portugal,PRT,2006,30000,5140000,100000,6830000,0,50000,420000,30000,60000,10000,80000
Portugal,PRT,2007,0,5160000,100000,6660000,0,60000,420000,30000,60000,0,80000
Portugal,PRT,2008,0,5170000,100000,6440000,0,50000,420000,30000,60000,0,80000
Portugal,PRT,2009,10000,5160000,100000,6310000,0,40000,420000,30000,60000,0,80000
Portugal,PRT,2010,40000,5020000,100000,6150000,0,50000,259999,30000,60000,0,80000
Portugal,PRT,2011,10000,5150000,100000,6090000,0,50000,259999,30000,60000,10000,80000
Portugal,PRT,2012,30000,5120000,100000,5860000,10000,30000,290000,30000,40000,10000,70000
Portugal,PRT,2013,40000,5040000,100000,5660000,10000,50000,290000,30000,40000,10000,70000
Portugal,PRT,2014,0,5160000,100000,5510000,10000,60000,290000,30000,40000,10000,70000
Portugal,PRT,2015,20000,5340000,110000,5200000,10000,60000,280000,40000,40000,10000,70000
Portugal,PRT,2016,80000,5370000,110000,5020000,0,60000,280000,40000,40000,10000,70000
Portugal,PRT,2017,300000,5560000,110000,4950000,0,60000,280000,40000,40000,10000,70000
Portugal,PRT,2018,10000,5330000,110000,4850000,10000,40000,280000,40000,40000,10000,70000
Portugal,PRT,2019,10000,5420000,110000,4840000,10000,60000,280000,40000,40000,10000,70000
Portugal,PRT,2020,70000,5500000,110000,4670000,10000,60000,280000,40000,40000,10000,60000
Portugal,PRT,2021,0,5360000,110000,4620000,10000,60000,290000,50000,40000,10000,70000
Portugal,PRT,2022,30000,5200000,90000,4680000,10000,60000,290000,50000,40000,10000,70000
Portugal,PRT,2023,20000,5020000,90000,4750000,10000,60000,290000,40000,40000,10000,80000
Qatar,QAT,1990,0,80000,3800000,70000,0,0,0,0,0,0,10000
Qatar,QAT,1991,0,90000,4740000,70000,0,0,0,0,0,0,10000
Qatar,QAT,1992,0,110000,4040000,100000,0,0,0,0,0,0,10000
Qatar,QAT,1993,0,120000,5250000,120000,0,0,0,0,0,0,10000
Qatar,QAT,1994,0,129999,6250000,150000,0,0,0,0,0,0,10000
Qatar,QAT,1995,0,140000,6450000,180000,0,0,10000,10000,0,0,10000
Qatar,QAT,1996,0,140000,7680000,200000,0,0,10000,10000,0,0,20000
Qatar,QAT,1997,0,140000,11600000,230000,0,0,10000,10000,0,0,20000
Qatar,QAT,1998,0,140000,11840000,250000,0,0,10000,10000,0,0,20000
Qatar,QAT,1999,0,150000,12930000,280000,0,0,10000,10000,0,0,20000
Qatar,QAT,2000,0,150000,14610000,310000,0,0,10000,10000,0,0,20000
Qatar,QAT,2001,0,100000,13800000,330000,0,0,10000,10000,0,0,20000
Qatar,QAT,2002,0,100000,13610000,360000,0,0,10000,10000,10000,0,20000
Qatar,QAT,2003,0,100000,15730000,390000,0,0,10000,10000,10000,0,20000
Qatar,QAT,2004,0,110000,17000000,410000,0,0,10000,10000,10000,0,30000
Qatar,QAT,2005,0,70000,15780000,450000,0,0,10000,10000,10000,0,30000
Qatar,QAT,2006,0,80000,16709999,500000,0,0,10000,10000,10000,0,30000
Qatar,QAT,2007,0,100000,17920000,550000,0,0,10000,10000,10000,0,30000
Qatar,QAT,2008,0,100000,19950000,620000,0,0,20000,10000,10000,0,40000
Qatar,QAT,2009,0,140000,20710000,690000,0,0,20000,10000,10000,0,50000
Qatar,QAT,2010,0,150000,23850000,770000,0,0,20000,20000,10000,0,50000
Qatar,QAT,2011,0,170000,26730000,840000,0,0,20000,20000,10000,0,50000
Qatar,QAT,2012,0,180000,28130000,920000,0,0,10000,20000,10000,0,60000
Qatar,QAT,2013,0,210000,28270000,1010000,0,0,20000,20000,10000,0,60000
Qatar,QAT,2014,0,170000,27740000,1100000,0,0,20000,20000,10000,0,70000
Qatar,QAT,2015,0,280000,27710000,1200000,0,0,20000,20000,10000,0,60000
Qatar,QAT,2016,0,340000,27730000,1300000,0,0,20000,20000,10000,0,70000
Qatar,QAT,2017,0,370000,27380000,1410000,0,0,20000,20000,10000,0,80000
Qatar,QAT,2018,0,430000,27170000,1510000,0,0,20000,20000,10000,0,70000
Qatar,QAT,2019,0,450000,26740000,1600000,0,0,20000,30000,10000,0,80000
Qatar,QAT,2020,0,450000,27040000,1680000,0,0,20000,30000,10000,0,70000
Qatar,QAT,2021,0,420000,27370000,1750000,0,0,20000,30000,10000,0,80000
Qatar,QAT,2022,0,380000,27520000,1810000,0,0,20000,30000,20000,0,70000
Qatar,QAT,2023,0,380000,28210000,1880000,0,0,20000,30000,20000,0,80000
Romania,ROU,1990,10000,20460000,18850000,5250000,50000,160000,430000,50000,40000,0,80000
Romania,ROU,1991,10000,18370000,16040001,5160000,60000,110000,310000,40000,30000,0,70000
Romania,ROU,1992,10000,16219999,14420000,5090000,30000,80000,310000,60000,20000,0,60000
Romania,ROU,1993,10000,13950000,13940000,5090000,20000,80000,360000,60000,10000,0,50000
Romania,ROU,1994,10000,14180000,12980000,5130000,20000,110000,350000,40000,30000,0,50000
Romania,ROU,1995,10000,13070000,13160000,5360000,20000,120000,390000,40000,30000,0,50000
Romania,ROU,1996,20000,13010000,12970000,5430000,20000,110000,820000,40000,30000,0,60000
Romania,ROU,1997,20000,12710000,11760000,5510000,30000,120000,1080000,40000,30000,0,60000
Romania,ROU,1998,20000,12160000,11080000,5450000,20000,100000,970000,30000,20000,0,60000
Romania,ROU,1999,20000,11850000,10640000,5520000,20000,90000,920000,20000,20000,0,50000
Romania,ROU,2000,20000,11450000,10510000,5650000,10000,120000,900000,30000,20000,0,50000
Romania,ROU,2001,0,10920000,10490000,5730000,20000,110000,640000,30000,20000,0,70000
Romania,ROU,2002,0,10620000,10840000,5790000,20000,140000,650000,30000,30000,0,70000
Romania,ROU,2003,0,10910000,10880000,5910000,20000,160000,800000,30000,30000,0,70000
Romania,ROU,2004,0,11030000,10030000,6010000,20000,200000,970000,20000,30000,0,80000
Romania,ROU,2005,0,11030000,10000000,6020000,30000,190000,990000,20000,30000,0,70000
Romania,ROU,2006,10000,11250000,9840000,5800000,30000,200000,940000,30000,30000,0,60000
Romania,ROU,2007,0,11420000,9040000,5980000,40000,129999,970000,20000,30000,0,70000
Romania,ROU,2008,0,11310000,8650000,5920000,30000,110000,1240000,20000,20000,0,70000
Romania,ROU,2009,10000,10990000,8090000,5940000,20000,40000,1220000,20000,20000,0,80000
Romania,ROU,2010,0,10550000,7820000,6040000,20000,60000,1260000,20000,20000,0,60000
Romania,ROU,2011,10000,9130000,7880000,5520000,20000,40000,1130000,20000,20000,0,70000
Romania,ROU,2012,20000,9080000,7760000,5720000,20000,50000,1190000,20000,20000,0,70000
Romania,ROU,2013,0,9120000,7570000,6030000,30000,30000,1120000,20000,20000,0,70000
Romania,ROU,2014,0,9220000,7580000,6020000,10000,30000,1140000,20000,20000,0,70000
Romania,ROU,2015,0,9340000,7490000,6010000,20000,40000,1090000,20000,20000,0,70000
Romania,ROU,2016,0,9410000,7070000,6040000,20000,30000,1090000,20000,20000,0,80000
Romania,ROU,2017,0,9300000,7330000,6080000,20000,20000,1110000,20000,20000,0,80000
Romania,ROU,2018,0,9070000,7320000,6020000,10000,20000,1130000,20000,20000,0,80000
Romania,ROU,2019,0,9000000,7150000,6080000,10000,20000,1140000,20000,20000,0,90000
Romania,ROU,2020,10000,8790000,6760000,6050000,20000,20000,1150000,20000,30000,0,80000
Romania,ROU,2021,0,8640000,6800000,6050000,20000,30000,1220000,20000,30000,0,90000
Romania,ROU,2022,40000,8420000,6520000,6080000,20000,30000,1150000,20000,30000,0,90000
Romania,ROU,2023,0,8279999,6470000,6140000,20000,30000,1100000,10000,20000,0,90000
Russia,RUS,1990,3910000,167550000,328089984,55290000,1300000,1010000,7360000,790000,210000,20000,1440000
Russia,RUS,1991,3910000,164270000,306450016,55240000,980000,950000,6850000,800000,160000,0,1360000
Russia,RUS,1992,3890000,149820000,282580000,54510000,700000,880000,6330000,790000,190000,0,1340000
Russia,RUS,1993,3890000,143490000,280680000,54560000,1150000,810000,6140000,710000,170000,0,1130000
Russia,RUS,1994,3890000,134030000,280560000,54050000,510000,740000,5020000,640000,150000,0,1090000
Russia,RUS,1995,3890000,119120000,274570016,54560000,660000,730000,4420000,620000,129999,0,1020000
Russia,RUS,1996,13790000,108460000,268430000,54680000,380000,590000,4110000,580000,120000,0,960000
Russia,RUS,1997,5160000,95170000,257980016,55380000,350000,660000,3860000,540000,110000,0,950000
Russia,RUS,1998,9840000,88070000,266630000,56060000,210000,600000,3440000,550000,100000,0,1000000
Russia,RUS,1999,6580000,79150000,268090000,57380000,270000,750000,4200000,570000,120000,0,1000000
Russia,RUS,2000,7400000,78210000,278329984,58440000,300000,880000,4220000,560000,129999,0,940000
Russia,RUS,2001,1620000,76980000,289470016,59770000,300000,940000,4380000,570000,120000,0,1010000
Russia,RUS,2002,2940000,76780000,294929984,60990000,320000,970000,3270000,570000,120000,0,1030000
Russia,RUS,2003,4240000,78240000,328489984,62330000,310000,1080000,2930000,550000,110000,0,1030000
Russia,RUS,2004,3590000,69760000,334440000,63790000,270000,1100000,2740000,580000,120000,0,1070000
Russia,RUS,2005,1850000,65750000,359380000,65629996,210000,1100000,1950000,580000,100000,0,1080000
Russia,RUS,2006,3200000,63060000,347269984,67440000,190000,1160000,2120000,600000,100000,0,1150000
Russia,RUS,2007,1600000,62880000,356900000,69610000,250000,1200000,1940000,570000,100000,0,1190000
Russia,RUS,2008,5420000,64989996,337290016,71610000,180000,1220000,2069999,560000,100000,0,1290000
Russia,RUS,2009,2450000,62430000,337850016,73470000,200000,1030000,1580000,540000,100000,0,1270000
Russia,RUS,2010,3620000,62410000,331910016,75540000,129999,1160000,1530000,580000,100000,20000,1340000
Russia,RUS,2011,3710000,60800000,338620000,78570000,140000,1210000,1570000,620000,100000,30000,1360000
Russia,RUS,2012,5720000,61540000,318970016,81200000,120000,1210000,1590000,630000,259999,20000,1390000
Russia,RUS,2013,1640000,60220000,316790016,84010000,120000,1290000,1380000,600000,250000,40000,1410000
Russia,RUS,2014,5630000,61400000,315300000,87660000,150000,1250000,1520000,570000,290000,120000,1440000
Russia,RUS,2015,1860000,59130000,313520000,90220000,129999,1300000,1800000,550000,310000,110000,1420000
Russia,RUS,2016,3740000,58220000,324720000,92540000,110000,1310000,1830000,530000,340000,90000,1400000
Russia,RUS,2017,2130000,56740000,330540000,94870000,110000,1380000,1700000,519999,340000,100000,1380000
Russia,RUS,2018,3610000,57250000,346290016,97040000,110000,1450000,1890000,530000,360000,100000,1580000
Russia,RUS,2019,3100000,57230000,350890016,99160000,90000,1510000,1890000,530000,450000,90000,1510000
Russia,RUS,2020,1590000,57460000,337860000,102020000,90000,1690000,1860000,519999,450000,60000,1430000
Russia,RUS,2021,1640000,57000000,366529984,104960000,80000,1710000,1970000,570000,470000,50000,1550000
Russia,RUS,2022,1640000,54180000,353600000,106340000,90000,1710000,1830000,550000,460000,60000,1600000
Russia,RUS,2023,1420000,54770000,352769984,110960000,80000,1710000,1760000,570000,480000,60000,1670000
Rwanda,RWA,1990,0,830000,0,129999,0,0,1490000,0,0,0,0
Rwanda,RWA,1991,0,860000,0,129999,0,0,1480000,0,0,0,0
Rwanda,RWA,1992,0,830000,0,129999,0,0,1470000,0,0,0,0
Rwanda,RWA,1993,0,790000,0,140000,0,0,1460000,0,0,0,0
Rwanda,RWA,1994,0,740000,0,120000,0,0,1250000,0,0,0,0
Rwanda,RWA,1995,0,600000,0,110000,0,0,2420000,0,0,0,0
Rwanda,RWA,1996,10000,670000,0,129999,0,0,2600000,0,0,0,0
Rwanda,RWA,1997,10000,720000,0,150000,0,0,3300000,0,0,0,0
Rwanda,RWA,1998,20000,820000,0,150000,0,0,3040000,0,0,0,0
Rwanda,RWA,1999,10000,930000,0,160000,0,0,3170000,0,0,0,0
Rwanda,RWA,2000,0,920000,0,160000,0,0,2140000,0,0,0,0
Rwanda,RWA,2001,0,1010000,0,160000,0,0,2140000,0,0,0,0
Rwanda,RWA,2002,0,1050000,0,170000,0,0,2140000,0,0,0,0
Rwanda,RWA,2003,0,1230000,0,140000,0,0,2140000,0,0,0,0
Rwanda,RWA,2004,0,1320000,0,110000,0,0,2140000,0,0,0,0
Rwanda,RWA,2005,0,1390000,0,80000,0,0,1810000,0,0,0,0
Rwanda,RWA,2006,0,1540000,0,90000,0,0,1860000,0,0,0,0
Rwanda,RWA,2007,0,1640000,0,90000,0,0,1900000,0,0,0,0
Rwanda,RWA,2008,0,1750000,0,90000,0,0,1950000,0,0,0,0
Rwanda,RWA,2009,0,1790000,0,100000,0,0,2000000,0,0,0,0
Rwanda,RWA,2010,0,1930000,0,100000,0,0,2050000,0,0,0,0
Rwanda,RWA,2011,0,1780000,0,100000,0,0,2100000,0,0,0,0
Rwanda,RWA,2012,0,1760000,0,110000,0,0,2160000,0,0,0,0
Rwanda,RWA,2013,0,1770000,0,110000,0,0,2210000,0,0,0,0
Rwanda,RWA,2014,0,1760000,0,110000,0,0,2210000,0,0,0,0
Rwanda,RWA,2015,0,2030000,0,110000,0,0,2220000,0,0,0,0
Rwanda,RWA,2016,0,1890000,20000,120000,0,0,2220000,0,0,0,0
Rwanda,RWA,2017,0,1890000,20000,120000,0,0,2260000,0,0,0,0
Rwanda,RWA,2018,0,1960000,40000,120000,0,0,2320000,0,0,0,0
Rwanda,RWA,2019,0,1990000,40000,129999,0,0,2370000,0,0,0,0
Rwanda,RWA,2020,0,2089999,40000,129999,0,0,2460000,0,0,0,0
Rwanda,RWA,2021,0,1980000,50000,129999,0,0,2510000,0,0,0,0
Rwanda,RWA,2022,0,1840000,50000,140000,0,0,2560000,0,10000,0,10000
Rwanda,RWA,2023,0,1850000,50000,140000,0,0,2620000,0,10000,0,10000
Saint Kitts and Nevis,KNA,1990,0,10000,0,0,,0,0,0,0,0,0
Saint Kitts and Nevis,KNA,1991,0,10000,0,0,,0,0,0,0,0,0
Saint Kitts and Nevis,KNA,1992,0,10000,0,0,,0,0,0,0,0,0
Saint Kitts and Nevis,KNA,1993,0,10000,0,0,,0,0,0,0,0,0
Saint Kitts and Nevis,KNA,1994,0,10000,0,60000,,0,0,0,0,0,0
Saint Kitts and Nevis,KNA,1995,0,10000,0,0,,0,0,0,0,0,0
Saint Kitts and Nevis,KNA,1996,0,10000,0,0,,0,0,0,0,0,0
Saint Kitts and Nevis,KNA,1997,0,10000,0,0,,0,0,0,0,0,0
Saint Kitts and Nevis,KNA,1998,0,10000,0,0,,0,0,0,0,0,0
Saint Kitts and Nevis,KNA,1999,0,10000,0,0,,0,0,0,0,0,0
Saint Kitts and Nevis,KNA,2000,0,10000,0,0,,0,0,0,0,0,0
Saint Kitts and Nevis,KNA,2001,0,10000,0,0,,0,0,0,0,0,0
Saint Kitts and Nevis,KNA,2002,0,10000,0,0,,0,0,0,0,0,0
Saint Kitts and Nevis,KNA,2003,0,10000,0,0,,0,0,0,0,0,0
Saint Kitts and Nevis,KNA,2004,0,10000,0,0,,0,0,0,0,0,0
Saint Kitts and Nevis,KNA,2005,0,10000,0,0,,0,0,0,0,0,0
Saint Kitts and Nevis,KNA,2006,0,10000,0,0,,0,0,0,0,0,0
Saint Kitts and Nevis,KNA,2007,0,10000,0,0,,0,0,0,0,0,0
Saint Kitts and Nevis,KNA,2008,0,10000,0,0,,0,0,0,0,0,0
Saint Kitts and Nevis,KNA,2009,0,10000,0,0,0,0,0,0,0,0,0
Saint Kitts and Nevis,KNA,2010,0,10000,0,0,0,0,0,0,0,0,0
Saint Kitts and Nevis,KNA,2011,0,10000,0,0,0,0,0,0,0,0,0
Saint Kitts and Nevis,KNA,2012,0,10000,0,0,0,0,0,0,0,0,0
Saint Kitts and Nevis,KNA,2013,0,10000,0,0,0,0,0,0,0,0,0
Saint Kitts and Nevis,KNA,2014,0,10000,0,0,0,0,0,0,0,0,0
Saint Kitts and Nevis,KNA,2015,0,10000,0,0,0,0,0,0,0,0,0
Saint Kitts and Nevis,KNA,2016,0,10000,0,0,0,0,0,0,0,0,0
Saint Kitts and Nevis,KNA,2017,0,10000,0,0,0,0,0,0,0,0,0
Saint Kitts and Nevis,KNA,2018,0,10000,0,0,0,0,0,0,0,0,0
Saint Kitts and Nevis,KNA,2019,0,10000,0,0,0,0,0,0,0,0,0
Saint Kitts and Nevis,KNA,2020,0,10000,0,0,0,0,0,0,0,0,0
Saint Kitts and Nevis,KNA,2021,0,10000,0,0,0,0,0,0,0,0,0
Saint Kitts and Nevis,KNA,2022,0,10000,0,0,0,0,0,0,0,0,0
Saint Kitts and Nevis,KNA,2023,0,10000,0,0,0,0,0,0,0,0,0
Saint Lucia,LCA,1990,0,30000,0,10000,0,0,0,0,0,0,0
Saint Lucia,LCA,1991,0,30000,0,10000,0,0,0,0,0,0,0
Saint Lucia,LCA,1992,0,30000,0,10000,0,0,0,0,0,0,0
Saint Lucia,LCA,1993,0,30000,0,10000,0,0,0,0,0,0,0
Saint Lucia,LCA,1994,0,30000,0,780000,0,0,0,0,0,0,0
Saint Lucia,LCA,1995,0,30000,0,670000,0,0,0,0,0,0,0
Saint Lucia,LCA,1996,0,30000,0,550000,0,0,0,0,0,0,0
Saint Lucia,LCA,1997,0,30000,0,440000,0,0,0,0,0,0,0
Saint Lucia,LCA,1998,0,30000,0,320000,0,0,0,0,0,0,0
Saint Lucia,LCA,1999,0,30000,0,200000,0,0,0,0,0,0,0
Saint Lucia,LCA,2000,0,20000,0,90000,0,0,0,0,0,0,0
Saint Lucia,LCA,2001,0,20000,0,90000,0,0,0,0,0,0,0
Saint Lucia,LCA,2002,0,20000,0,90000,0,0,0,0,0,0,0
Saint Lucia,LCA,2003,0,20000,0,90000,0,0,0,0,0,0,0
Saint Lucia,LCA,2004,0,20000,0,90000,0,0,0,0,0,0,0
Saint Lucia,LCA,2005,0,20000,0,90000,0,0,0,0,0,0,0
Saint Lucia,LCA,2006,0,20000,0,100000,0,0,0,0,0,0,0
Saint Lucia,LCA,2007,0,20000,0,100000,0,0,0,0,0,0,0
Saint Lucia,LCA,2008,0,20000,0,100000,0,0,0,0,0,0,0
Saint Lucia,LCA,2009,0,20000,0,100000,0,0,0,0,0,0,0
Saint Lucia,LCA,2010,0,20000,0,100000,0,0,0,0,0,0,0
Saint Lucia,LCA,2011,0,20000,0,10000,0,0,0,0,0,0,0
Saint Lucia,LCA,2012,0,20000,0,10000,0,0,0,0,0,0,0
Saint Lucia,LCA,2013,0,20000,0,10000,0,0,0,0,0,0,0
Saint Lucia,LCA,2014,0,20000,0,10000,0,0,0,0,0,0,0
Saint Lucia,LCA,2015,0,20000,0,10000,0,0,0,0,0,0,0
Saint Lucia,LCA,2016,0,20000,0,10000,0,0,0,0,0,0,0
Saint Lucia,LCA,2017,0,20000,0,10000,0,0,0,0,0,0,0
Saint Lucia,LCA,2018,0,20000,0,10000,0,0,0,0,0,0,0
Saint Lucia,LCA,2019,0,20000,0,10000,0,0,0,0,0,0,0
Saint Lucia,LCA,2020,0,20000,0,10000,0,0,0,0,0,0,0
Saint Lucia,LCA,2021,0,20000,0,10000,0,0,0,0,0,0,0
Saint Lucia,LCA,2022,0,20000,0,10000,0,0,0,0,0,0,0
Saint Lucia,LCA,2023,0,20000,0,10000,0,0,0,0,0,0,0
Saint Vincent and the Grenadines,VCT,1990,0,10000,0,50000,,0,0,0,,0,0
Saint Vincent and the Grenadines,VCT,1991,0,10000,0,60000,,0,0,0,,,0
Saint Vincent and the Grenadines,VCT,1992,0,10000,0,60000,,0,0,0,,,0
Saint Vincent and the Grenadines,VCT,1993,0,10000,0,60000,,0,0,0,,,0
Saint Vincent and the Grenadines,VCT,1994,0,10000,0,60000,,0,0,0,,,0
Saint Vincent and the Grenadines,VCT,1995,0,10000,0,60000,,0,0,0,,,0
Saint Vincent and the Grenadines,VCT,1996,0,10000,0,60000,,0,0,0,,,0
Saint Vincent and the Grenadines,VCT,1997,0,10000,0,60000,,0,0,0,,,0
Saint Vincent and the Grenadines,VCT,1998,0,10000,0,70000,,0,0,0,,,0
Saint Vincent and the Grenadines,VCT,1999,0,10000,0,70000,,0,0,0,,0,0
Saint Vincent and the Grenadines,VCT,2000,0,10000,0,80000,,0,0,0,,0,0
Saint Vincent and the Grenadines,VCT,2001,0,10000,0,80000,,0,0,0,,0,0
Saint Vincent and the Grenadines,VCT,2002,0,10000,0,80000,,0,0,0,,0,0
Saint Vincent and the Grenadines,VCT,2003,0,10000,0,80000,,0,0,0,,0,0
Saint Vincent and the Grenadines,VCT,2004,0,10000,0,80000,,0,0,0,,0,0
Saint Vincent and the Grenadines,VCT,2005,0,10000,0,10000,,0,0,0,,0,0
Saint Vincent and the Grenadines,VCT,2006,0,10000,0,10000,,0,0,0,,0,0
Saint Vincent and the Grenadines,VCT,2007,0,10000,0,10000,,0,0,0,,0,0
Saint Vincent and the Grenadines,VCT,2008,0,10000,0,10000,,0,0,0,,0,0
Saint Vincent and the Grenadines,VCT,2009,0,10000,0,10000,,0,0,0,,0,0
Saint Vincent and the Grenadines,VCT,2010,0,10000,0,10000,,0,0,0,,0,0
Saint Vincent and the Grenadines,VCT,2011,0,10000,0,10000,,0,0,0,,0,0
Saint Vincent and the Grenadines,VCT,2012,0,10000,0,10000,,0,0,0,,0,0
Saint Vincent and the Grenadines,VCT,2013,0,10000,0,10000,,0,0,0,,0,0
Saint Vincent and the Grenadines,VCT,2014,0,10000,0,10000,,0,0,0,,0,0
Saint Vincent and the Grenadines,VCT,2015,0,10000,0,10000,,0,0,0,,0,0
Saint Vincent and the Grenadines,VCT,2016,0,10000,0,10000,,0,0,0,,0,0
Saint Vincent and the Grenadines,VCT,2017,0,10000,0,10000,,0,0,0,,0,0
Saint Vincent and the Grenadines,VCT,2018,0,10000,0,10000,,0,0,0,,0,0
Saint Vincent and the Grenadines,VCT,2019,0,10000,0,10000,,0,0,0,,0,0
Saint Vincent and the Grenadines,VCT,2020,0,10000,0,10000,,0,0,0,,0,0
Saint Vincent and the Grenadines,VCT,2021,0,10000,0,10000,,0,0,0,,0,0
Saint Vincent and the Grenadines,VCT,2022,0,10000,0,10000,,0,0,0,,0,0
Saint Vincent and the Grenadines,VCT,2023,0,10000,0,10000,,0,0,0,,0,0
Samoa,WSM,1990,0,129999,0,0,,0,0,0,0,0,0
Samoa,WSM,1991,0,129999,0,0,,0,0,0,0,0,0
Samoa,WSM,1992,0,120000,0,0,,0,0,0,0,0,0
Samoa,WSM,1993,0,120000,0,0,,0,0,0,0,0,0
Samoa,WSM,1994,0,129999,0,0,,0,0,0,0,0,0
Samoa,WSM,1995,0,120000,0,0,,0,0,0,0,0,0
Samoa,WSM,1996,0,120000,0,0,,0,0,0,0,0,0
Samoa,WSM,1997,0,120000,0,0,,0,0,0,0,0,0
Samoa,WSM,1998,0,120000,0,0,,0,0,0,0,0,0
Samoa,WSM,1999,0,120000,0,0,,0,0,0,0,0,0
Samoa,WSM,2000,0,129999,0,0,,0,0,0,0,0,0
Samoa,WSM,2001,0,140000,0,0,,0,0,0,0,0,0
Samoa,WSM,2002,0,140000,0,0,,0,0,0,0,0,0
Samoa,WSM,2003,0,140000,0,0,,0,0,0,0,0,0
Samoa,WSM,2004,0,140000,0,0,,0,0,0,0,0,0
Samoa,WSM,2005,0,140000,0,0,,0,0,0,0,0,0
Samoa,WSM,2006,0,140000,0,0,,0,0,0,0,0,0
Samoa,WSM,2007,0,140000,0,0,,0,0,0,0,0,0
Samoa,WSM,2008,0,129999,0,0,,0,0,0,0,0,0
Samoa,WSM,2009,0,140000,0,0,,0,0,0,0,0,0
Samoa,WSM,2010,0,150000,0,0,0,0,0,0,0,0,0
Samoa,WSM,2011,0,160000,0,0,0,0,0,0,0,0,0
Samoa,WSM,2012,0,160000,0,0,0,0,0,0,0,0,0
Samoa,WSM,2013,0,160000,0,0,0,0,0,0,0,0,0
Samoa,WSM,2014,0,160000,0,0,0,0,0,0,0,0,0
Samoa,WSM,2015,0,180000,0,0,0,0,0,0,0,0,0
Samoa,WSM,2016,0,160000,0,0,0,0,0,0,0,0,0
Samoa,WSM,2017,0,150000,0,0,0,0,0,0,0,0,0
Samoa,WSM,2018,0,129999,0,0,0,0,0,0,0,0,0
Samoa,WSM,2019,0,110000,0,0,0,0,0,0,0,0,0
Samoa,WSM,2020,0,90000,0,0,0,0,0,0,0,0,0
Samoa,WSM,2021,0,129999,0,0,0,0,0,0,0,0,0
Samoa,WSM,2022,0,120000,0,0,0,0,0,0,0,0,0
Samoa,WSM,2023,0,120000,0,0,0,0,0,0,0,0,0
Sao Tome and Principe,STP,1990,0,0,0,0,,0,0,0,0,0,0
Sao Tome and Principe,STP,1991,0,0,0,0,,0,0,0,0,0,0
Sao Tome and Principe,STP,1992,0,10000,0,0,,0,0,0,0,0,0
Sao Tome and Principe,STP,1993,0,10000,0,0,,0,0,0,0,0,0
Sao Tome and Principe,STP,1994,0,10000,0,0,,0,0,0,0,0,0
Sao Tome and Principe,STP,1995,0,10000,0,10000,,0,0,0,0,0,0
Sao Tome and Principe,STP,1996,0,10000,0,10000,,0,0,0,0,0,0
Sao Tome and Principe,STP,1997,0,10000,0,10000,,0,0,0,0,0,0
Sao Tome and Principe,STP,1998,0,10000,0,10000,,0,0,0,0,0,0
Sao Tome and Principe,STP,1999,0,10000,0,10000,,0,0,0,0,0,0
Sao Tome and Principe,STP,2000,0,10000,0,10000,,0,0,0,0,0,0
Sao Tome and Principe,STP,2001,0,10000,0,10000,,0,0,0,0,0,0
Sao Tome and Principe,STP,2002,0,10000,0,10000,,0,0,0,0,0,0
Sao Tome and Principe,STP,2003,0,10000,0,10000,,0,0,0,0,0,0
Sao Tome and Principe,STP,2004,0,10000,0,10000,,0,0,0,0,0,0
Sao Tome and Principe,STP,2005,0,10000,0,10000,,0,0,0,0,0,0
Sao Tome and Principe,STP,2006,0,0,0,10000,,0,0,0,0,0,0
Sao Tome and Principe,STP,2007,0,0,0,10000,,0,0,0,0,0,0
Sao Tome and Principe,STP,2008,0,0,0,10000,,0,0,0,0,0,0
Sao Tome and Principe,STP,2009,0,0,0,10000,,0,0,0,0,0,0
Sao Tome and Principe,STP,2010,0,0,0,10000,0,0,0,0,0,0,0
Sao Tome and Principe,STP,2011,0,0,0,10000,0,0,0,0,0,0,0
Sao Tome and Principe,STP,2012,0,0,0,10000,0,0,0,0,0,0,0
Sao Tome and Principe,STP,2013,0,0,0,10000,0,0,0,0,0,0,0
Sao Tome and Principe,STP,2014,0,0,0,10000,0,0,0,0,0,0,0
Sao Tome and Principe,STP,2015,0,0,0,10000,0,0,0,0,0,0,0
Sao Tome and Principe,STP,2016,0,10000,0,10000,0,0,0,0,0,0,0
Sao Tome and Principe,STP,2017,0,10000,0,10000,0,0,0,0,0,0,0
Sao Tome and Principe,STP,2018,0,10000,0,10000,0,0,0,0,0,0,0
Sao Tome and Principe,STP,2019,0,10000,0,10000,0,0,0,0,0,0,0
Sao Tome and Principe,STP,2020,0,10000,0,10000,0,0,0,0,0,0,0
Sao Tome and Principe,STP,2021,0,10000,0,10000,0,0,0,0,0,0,0
Sao Tome and Principe,STP,2022,0,10000,0,10000,0,0,0,0,0,0,0
Sao Tome and Principe,STP,2023,0,10000,0,10000,0,0,0,0,0,0,0
Saudi Arabia,SAU,1990,0,2260000,32240002,16850000,0,0,30000,60000,20000,20000,280000
Saudi Arabia,SAU,1991,0,2340000,43360000,17590000,0,0,30000,60000,20000,20000,290000
Saudi Arabia,SAU,1992,0,2450000,44940000,18330000,0,0,30000,70000,20000,20000,320000
Saudi Arabia,SAU,1993,0,2520000,41340000,19070000,0,0,30000,70000,20000,20000,350000
Saudi Arabia,SAU,1994,0,2610000,37790000,19800000,0,0,30000,80000,30000,20000,370000
Saudi Arabia,SAU,1995,0,2640000,37680000,20540000,0,0,30000,80000,30000,20000,360000
Saudi Arabia,SAU,1996,0,2680000,37830000,21280000,0,0,30000,80000,40000,20000,380000
Saudi Arabia,SAU,1997,0,2690000,38780000,22020000,0,0,30000,90000,30000,20000,380000
Saudi Arabia,SAU,1998,0,2610000,38850000,22760000,0,0,30000,100000,40000,20000,390000
Saudi Arabia,SAU,1999,0,2450000,36370000,23500000,0,0,30000,100000,40000,20000,400000
Saudi Arabia,SAU,2000,0,2560000,39060000,24230000,0,0,30000,100000,40000,20000,410000
Saudi Arabia,SAU,2001,0,2610000,37960000,24860000,0,0,30000,100000,40000,20000,420000
Saudi Arabia,SAU,2002,0,2630000,36590000,25480000,0,0,30000,100000,50000,20000,440000
Saudi Arabia,SAU,2003,0,2660000,42070000,26110000,0,0,30000,110000,50000,20000,460000
Saudi Arabia,SAU,2004,0,2850000,42830000,26730000,0,0,30000,110000,50000,20000,490000
Saudi Arabia,SAU,2005,0,2920000,45760000,27360000,0,0,30000,120000,50000,20000,510000
Saudi Arabia,SAU,2006,0,2800000,45590000,27990000,0,0,30000,129999,60000,20000,550000
Saudi Arabia,SAU,2007,0,2830000,43960000,28610000,0,0,40000,129999,60000,20000,600000
Saudi Arabia,SAU,2008,0,2550000,45890000,29240000,0,0,40000,140000,70000,20000,650000
Saudi Arabia,SAU,2009,0,2300000,41430000,29860000,0,0,40000,160000,70000,20000,690000
Saudi Arabia,SAU,2010,0,2600000,42930000,30490000,0,0,40000,170000,90000,20000,720000
Saudi Arabia,SAU,2011,0,2850000,47960000,31260000,0,0,50000,180000,80000,30000,770000
Saudi Arabia,SAU,2012,0,2920000,48790000,32029998,0,0,50000,200000,70000,30000,840000
Saudi Arabia,SAU,2013,0,3140000,48130000,33310002,0,0,50000,210000,70000,30000,870000
Saudi Arabia,SAU,2014,0,3040000,47830000,34780000,0,0,50000,220000,80000,30000,910000
Saudi Arabia,SAU,2015,0,3070000,47440000,35820000,0,0,50000,230000,80000,30000,970000
Saudi Arabia,SAU,2016,0,3100000,49990000,36920000,0,0,50000,230000,80000,30000,970000
Saudi Arabia,SAU,2017,0,3130000,48240000,38220000,0,0,60000,220000,70000,30000,980000
Saudi Arabia,SAU,2018,0,3200000,49350000,39360000,0,0,60000,210000,70000,30000,920000
Saudi Arabia,SAU,2019,0,3310000,47320000,39400000,0,0,60000,210000,60000,30000,920000
Saudi Arabia,SAU,2020,0,6180000,44800000,39200000,0,0,50000,210000,60000,30000,780000
Saudi Arabia,SAU,2021,0,6160000,44580000,38890000,0,0,50000,220000,60000,20000,840000
Saudi Arabia,SAU,2022,0,7700000,49360000,38620000,0,0,50000,240000,70000,30000,900000
Saudi Arabia,SAU,2023,0,7140000,47260000,39530000,0,0,60000,230000,70000,30000,920000
Senegal,SEN,1990,400000,5160000,10000,650000,0,0,430000,0,0,0,0
Senegal,SEN,1991,400000,5290000,0,650000,0,0,440000,0,0,0,0
Senegal,SEN,1992,400000,5390000,0,1110000,0,0,440000,0,0,0,0
Senegal,SEN,1993,400000,5530000,10000,1450000,0,0,440000,0,0,0,0
Senegal,SEN,1994,400000,5640000,10000,1700000,0,0,450000,0,0,0,0
Senegal,SEN,1995,400000,5680000,10000,1900000,0,0,460000,0,0,0,0
Senegal,SEN,1996,840000,6130000,10000,2060000,0,0,470000,0,0,0,0
Senegal,SEN,1997,1070000,6060000,10000,2190000,0,0,490000,0,0,0,0
Senegal,SEN,1998,1870000,5900000,10000,2310000,0,0,500000,0,0,0,0
Senegal,SEN,1999,2670000,6350000,10000,2410000,0,0,510000,0,0,0,0
Senegal,SEN,2000,1760000,6790000,10000,2510000,0,0,519999,0,0,0,0
Senegal,SEN,2001,40000,6250000,10000,2210000,0,0,530000,0,0,0,0
Senegal,SEN,2002,10000,5950000,10000,1910000,0,0,540000,0,0,0,0
Senegal,SEN,2003,10000,5600000,10000,1610000,0,0,540000,0,0,0,0
Senegal,SEN,2004,10000,6170000,10000,1310000,0,0,530000,0,0,0,0
Senegal,SEN,2005,10000,6400000,10000,1010000,0,0,530000,0,0,0,0
Senegal,SEN,2006,60000,6660000,10000,1039999,0,0,550000,0,0,0,0
Senegal,SEN,2007,50000,6320000,10000,1080000,0,0,570000,0,0,0,10000
Senegal,SEN,2008,90000,6630000,10000,1110000,0,0,590000,0,0,0,10000
Senegal,SEN,2009,60000,6620000,10000,1140000,0,0,1010000,0,0,0,10000
Senegal,SEN,2010,50000,6910000,10000,1170000,0,0,980000,0,0,0,10000
Senegal,SEN,2011,30000,7050000,20000,1210000,0,0,1000000,0,0,0,10000
Senegal,SEN,2012,70000,6750000,20000,1240000,0,0,1030000,0,0,0,10000
Senegal,SEN,2013,90000,7060000,20000,1280000,0,0,810000,0,0,0,10000
Senegal,SEN,2014,60000,6990000,20000,1320000,0,0,980000,10000,0,0,10000
Senegal,SEN,2015,30000,7060000,20000,1360000,0,0,970000,0,0,0,10000
Senegal,SEN,2016,30000,7690000,10000,1400000,0,0,970000,10000,10000,0,10000
Senegal,SEN,2017,10000,7840000,10000,1440000,0,0,820000,10000,0,0,10000
Senegal,SEN,2018,20000,7720000,10000,1480000,0,0,830000,10000,0,0,10000
Senegal,SEN,2019,20000,8000000,20000,1520000,0,0,850000,10000,10000,0,10000
Senegal,SEN,2020,60000,8450000,10000,1560000,0,0,920000,10000,10000,0,10000
Senegal,SEN,2021,40000,8359999,10000,1610000,0,0,930000,10000,10000,0,10000
Senegal,SEN,2022,20000,8279999,10000,1650000,0,0,940000,10000,10000,0,20000
Senegal,SEN,2023,10000,8550000,10000,1700000,0,0,940000,10000,0,0,20000
Serbia,SRB,1990,0,8430000,4030000,3790000,50000,0,580000,10000,10000,0,30000
Serbia,SRB,1991,0,8149999,3990000,3910000,50000,0,460000,10000,10000,0,20000
Serbia,SRB,1992,0,6820000,3950000,4020000,30000,0,450000,10000,10000,0,10000
Serbia,SRB,1993,0,6780000,3910000,4150000,30000,0,450000,10000,10000,0,10000
Serbia,SRB,1994,0,6560000,3870000,4280000,30000,0,420000,10000,10000,0,10000
Serbia,SRB,1995,0,6900000,3830000,4400000,10000,0,350000,10000,0,0,20000
Serbia,SRB,1996,10000,6880000,3790000,4530000,30000,0,390000,10000,10000,0,30000
Serbia,SRB,1997,10000,6800000,3750000,4650000,30000,0,390000,10000,10000,0,40000
Serbia,SRB,1998,20000,6690000,3710000,4770000,40000,0,430000,10000,20000,0,30000
Serbia,SRB,1999,10000,6220000,2380000,5080000,30000,0,420000,10000,10000,0,20000
Serbia,SRB,2000,40000,5410000,1920000,5380000,30000,0,440000,10000,10000,0,10000
Serbia,SRB,2001,0,5120000,3450000,5640000,30000,0,430000,10000,10000,0,20000
Serbia,SRB,2002,0,5000000,3380000,5900000,30000,0,450000,10000,10000,0,20000
Serbia,SRB,2003,0,4930000,3360000,6150000,30000,0,460000,10000,10000,0,20000
Serbia,SRB,2004,0,4890000,3320000,6370000,30000,0,460000,10000,20000,0,40000
Serbia,SRB,2005,0,4390000,3370000,6590000,0,0,440000,10000,10000,0,40000
Serbia,SRB,2006,0,4540000,3450000,6800000,0,0,350000,10000,10000,0,50000
Serbia,SRB,2007,20000,4560000,3250000,7010000,10000,0,460000,10000,10000,0,30000
Serbia,SRB,2008,0,4410000,3320000,7170000,0,0,430000,10000,10000,0,50000
Serbia,SRB,2009,0,4190000,3110000,7330000,0,0,440000,10000,10000,0,50000
Serbia,SRB,2010,0,4060000,3820000,7490000,0,0,430000,10000,10000,0,50000
Serbia,SRB,2011,0,3960000,4200000,7640000,0,0,420000,10000,10000,0,40000
Serbia,SRB,2012,10000,3890000,4440000,7770000,0,0,420000,10000,10000,0,40000
Serbia,SRB,2013,0,3800000,4230000,7890000,0,0,370000,10000,10000,0,40000
Serbia,SRB,2014,0,3900000,3710000,8010000,0,0,380000,10000,10000,0,40000
Serbia,SRB,2015,0,3850000,4260000,8140000,0,0,370000,10000,10000,0,30000
Serbia,SRB,2016,0,3700000,4320000,8250000,0,0,400000,10000,10000,0,30000
Serbia,SRB,2017,0,3700000,4420000,8359999,0,0,380000,10000,10000,0,30000
Serbia,SRB,2018,0,3630000,4290000,8460000,0,0,380000,10000,10000,0,30000
Serbia,SRB,2019,10000,3680000,4170000,8560000,0,0,390000,10000,10000,0,30000
Serbia,SRB,2020,10000,3670000,4120000,8650000,0,0,580000,10000,10000,0,30000
Serbia,SRB,2021,0,3570000,4300000,8720000,0,0,570000,10000,10000,0,30000
Serbia,SRB,2022,0,3380000,4100000,8790000,0,0,560000,10000,10000,0,40000
Serbia,SRB,2023,0,3060000,4139999,8930000,0,0,560000,10000,10000,0,30000
Seychelles,SYC,1990,0,0,0,20000,0,0,0,0,,0,0
Seychelles,SYC,1991,0,0,0,20000,0,0,0,0,,0,0
Seychelles,SYC,1992,0,0,0,30000,0,0,0,0,,0,0
Seychelles,SYC,1993,0,0,0,40000,0,0,0,0,,0,0
Seychelles,SYC,1994,0,0,0,50000,0,0,0,0,,0,0
Seychelles,SYC,1995,0,0,0,60000,0,0,0,0,,0,0
Seychelles,SYC,1996,0,0,0,70000,0,0,0,0,,0,0
Seychelles,SYC,1997,0,0,0,70000,0,0,0,0,,0,0
Seychelles,SYC,1998,0,0,0,70000,0,0,0,0,,0,0
Seychelles,SYC,1999,0,0,0,70000,0,0,0,0,,0,0
Seychelles,SYC,2000,0,0,0,80000,0,0,0,0,,0,0
Seychelles,SYC,2001,0,0,0,80000,0,0,0,0,,0,0
Seychelles,SYC,2002,0,0,0,90000,0,0,0,0,,0,0
Seychelles,SYC,2003,0,0,0,90000,0,0,0,0,,0,0
Seychelles,SYC,2004,0,0,0,100000,0,0,0,0,,0,0
Seychelles,SYC,2005,0,0,0,100000,0,0,0,0,,0,0
Seychelles,SYC,2006,0,0,0,110000,0,0,0,0,,0,0
Seychelles,SYC,2007,0,0,0,110000,0,0,0,0,,0,0
Seychelles,SYC,2008,0,0,0,110000,0,0,0,0,,0,0
Seychelles,SYC,2009,0,0,0,120000,0,0,0,0,0,0,0
Seychelles,SYC,2010,0,0,0,120000,0,0,0,0,0,0,0
Seychelles,SYC,2011,0,0,0,129999,0,0,0,0,0,0,0
Seychelles,SYC,2012,0,0,0,129999,0,0,0,0,0,0,0
Seychelles,SYC,2013,0,0,0,129999,0,0,0,0,0,0,0
Seychelles,SYC,2014,0,0,0,140000,0,0,0,0,0,0,0
Seychelles,SYC,2015,0,0,0,140000,0,0,0,0,0,0,0
Seychelles,SYC,2016,0,0,10000,140000,0,0,0,0,0,0,0
Seychelles,SYC,2017,0,0,0,150000,0,0,0,0,0,0,0
Seychelles,SYC,2018,0,0,0,150000,0,0,0,0,0,0,0
Seychelles,SYC,2019,0,0,0,150000,0,0,0,0,0,0,0
Seychelles,SYC,2020,0,0,0,160000,0,0,0,0,0,0,0
Seychelles,SYC,2021,0,0,0,160000,0,0,0,0,0,0,0
Seychelles,SYC,2022,0,0,0,160000,0,0,0,0,0,0,0
Seychelles,SYC,2023,0,0,0,170000,0,0,0,0,0,0,0
Sierra Leone,SLE,1990,40000,1530000,0,470000,,0,0,0,0,0,0
Sierra Leone,SLE,1991,40000,1500000,0,480000,,0,0,0,0,0,0
Sierra Leone,SLE,1992,40000,1490000,0,560000,,0,0,0,0,0,0
Sierra Leone,SLE,1993,40000,1560000,0,620000,,0,0,0,0,0,0
Sierra Leone,SLE,1994,40000,1500000,0,660000,,0,0,0,0,0,0
Sierra Leone,SLE,1995,40000,1390000,0,700000,,0,0,0,0,0,0
Sierra Leone,SLE,1996,70000,1210000,0,720000,,0,0,0,0,0,0
Sierra Leone,SLE,1997,100000,1220000,0,740000,,0,0,0,0,0,0
Sierra Leone,SLE,1998,220000,1150000,0,760000,,0,0,0,0,0,0
Sierra Leone,SLE,1999,150000,990000,0,770000,,0,0,0,0,0,0
Sierra Leone,SLE,2000,140000,930000,0,790000,0,0,0,0,0,0,0
Sierra Leone,SLE,2001,10000,1130000,0,830000,0,0,0,0,0,0,0
Sierra Leone,SLE,2002,0,1380000,0,870000,0,0,0,0,0,0,0
Sierra Leone,SLE,2003,40000,1630000,0,900000,0,0,0,0,0,0,0
Sierra Leone,SLE,2004,30000,1890000,0,940000,0,0,0,0,0,0,0
Sierra Leone,SLE,2005,20000,2100000,0,970000,0,0,0,0,0,0,0
Sierra Leone,SLE,2006,40000,2660000,0,1010000,,0,0,0,0,0,0
Sierra Leone,SLE,2007,20000,2030000,0,1030000,0,0,0,0,0,0,0
Sierra Leone,SLE,2008,10000,1950000,0,1060000,0,0,0,0,0,0,0
Sierra Leone,SLE,2009,20000,2110000,0,1100000,0,0,0,0,0,0,0
Sierra Leone,SLE,2010,10000,2150000,0,1130000,0,0,0,0,0,0,0
Sierra Leone,SLE,2011,10000,2370000,0,1160000,0,0,0,0,0,0,0
Sierra Leone,SLE,2012,20000,2830000,0,1200000,0,0,0,0,0,0,0
Sierra Leone,SLE,2013,20000,2730000,0,1230000,0,0,0,0,0,0,0
Sierra Leone,SLE,2014,40000,2920000,0,1260000,0,0,0,0,0,0,0
Sierra Leone,SLE,2015,150000,2720000,0,1300000,0,0,0,0,0,0,0
Sierra Leone,SLE,2016,10000,2890000,0,1330000,0,0,0,0,0,0,0
Sierra Leone,SLE,2017,20000,2820000,0,1370000,0,0,0,0,0,0,0
Sierra Leone,SLE,2018,10000,3480000,0,1400000,0,0,0,0,0,0,0
Sierra Leone,SLE,2019,10000,2420000,0,1440000,0,0,0,0,0,0,0
Sierra Leone,SLE,2020,10000,2470000,0,1480000,0,0,0,0,0,0,0
Sierra Leone,SLE,2021,10000,3210000,0,1510000,0,0,0,0,0,0,0
Sierra Leone,SLE,2022,20000,2670000,0,1550000,0,0,0,0,0,0,0
Sierra Leone,SLE,2023,10000,3090000,0,1580000,0,0,0,0,0,0,0
Singapore,SGP,1990,0,70000,0,110000,0,0,0,30000,0,90000,20000
Singapore,SGP,1991,0,0,0,120000,0,0,0,30000,0,80000,20000
Singapore,SGP,1992,0,0,0,120000,0,0,0,30000,0,100000,20000
Singapore,SGP,1993,0,0,10000,129999,0,0,0,40000,0,90000,20000
Singapore,SGP,1994,0,0,10000,129999,0,0,0,40000,0,90000,30000
Singapore,SGP,1995,0,0,10000,140000,0,0,0,40000,0,90000,30000
Singapore,SGP,1996,0,0,10000,140000,0,0,0,40000,0,110000,30000
Singapore,SGP,1997,0,0,10000,150000,0,0,0,40000,0,129999,30000
Singapore,SGP,1998,0,0,10000,150000,0,0,0,40000,0,129999,30000
Singapore,SGP,1999,0,0,10000,160000,0,0,0,40000,0,150000,30000
Singapore,SGP,2000,0,0,10000,160000,0,0,0,40000,0,150000,30000
Singapore,SGP,2001,0,0,0,160000,0,0,0,40000,0,160000,30000
Singapore,SGP,2002,0,0,0,150000,0,0,0,40000,0,160000,30000
Singapore,SGP,2003,0,0,20000,150000,0,0,0,40000,0,170000,30000
Singapore,SGP,2004,0,0,20000,140000,0,0,0,40000,0,190000,30000
Singapore,SGP,2005,0,0,20000,140000,0,0,0,30000,0,200000,30000
Singapore,SGP,2006,0,0,20000,129999,0,0,0,30000,0,230000,30000
Singapore,SGP,2007,0,0,30000,129999,0,0,0,30000,0,250000,30000
Singapore,SGP,2008,0,0,30000,120000,0,0,0,30000,0,280000,40000
Singapore,SGP,2009,0,0,30000,120000,0,0,0,30000,10000,290000,40000
Singapore,SGP,2010,0,0,30000,110000,0,0,0,40000,10000,330000,40000
Singapore,SGP,2011,0,0,30000,100000,0,0,0,40000,10000,340000,40000
Singapore,SGP,2012,0,0,40000,80000,0,0,0,40000,10000,340000,40000
Singapore,SGP,2013,0,0,40000,80000,0,0,0,40000,10000,340000,40000
Singapore,SGP,2014,0,0,50000,90000,0,0,0,40000,10000,340000,40000
Singapore,SGP,2015,0,0,50000,90000,0,0,0,40000,10000,360000,40000
Singapore,SGP,2016,0,0,50000,90000,0,0,0,40000,10000,390000,40000
Singapore,SGP,2017,0,0,50000,90000,0,0,0,40000,10000,410000,40000
Singapore,SGP,2018,0,0,50000,90000,0,0,0,40000,10000,400000,30000
Singapore,SGP,2019,0,0,50000,90000,0,0,0,40000,10000,380000,40000
Singapore,SGP,2020,0,0,50000,90000,0,0,0,30000,10000,400000,30000
Singapore,SGP,2021,0,0,50000,80000,0,0,0,30000,10000,400000,30000
Singapore,SGP,2022,0,0,50000,80000,0,0,0,40000,10000,380000,30000
Singapore,SGP,2023,0,0,50000,80000,0,0,0,40000,10000,410000,30000
Slovakia,SVK,1990,0,4320000,2680000,1300000,40000,0,190000,10000,30000,0,20000
Slovakia,SVK,1991,0,4120000,2640000,1320000,30000,0,129999,10000,30000,0,20000
Slovakia,SVK,1992,0,3680000,2610000,1320000,10000,0,110000,10000,20000,0,20000
Slovakia,SVK,1993,0,3200000,2510000,1320000,20000,0,80000,10000,30000,0,20000
Slovakia,SVK,1994,0,2760000,2480000,1220000,10000,0,60000,10000,30000,0,20000
Slovakia,SVK,1995,0,2560000,2440000,1220000,10000,0,60000,10000,20000,0,20000
Slovakia,SVK,1996,0,2600000,2400000,1220000,10000,0,60000,10000,30000,0,20000
Slovakia,SVK,1997,0,2490000,2300000,1240000,10000,0,60000,10000,20000,0,30000
Slovakia,SVK,1998,0,2260000,2350000,1270000,10000,0,50000,10000,20000,0,20000
Slovakia,SVK,1999,0,2010000,2290000,1290000,10000,0,50000,10000,20000,0,30000
Slovakia,SVK,2000,0,1890000,2060000,1310000,0,0,40000,10000,20000,0,20000
Slovakia,SVK,2001,0,1840000,1910000,1340000,0,0,60000,10000,20000,0,30000
Slovakia,SVK,2002,0,1800000,1800000,1350000,0,0,70000,10000,20000,0,30000
Slovakia,SVK,2003,0,1760000,1650000,1380000,0,0,50000,10000,20000,0,30000
Slovakia,SVK,2004,0,1700000,1620000,1400000,0,0,60000,10000,20000,0,30000
Slovakia,SVK,2005,0,1540000,1490000,1430000,0,0,40000,10000,20000,0,30000
Slovakia,SVK,2006,0,1510000,1310000,1440000,0,0,40000,10000,20000,0,30000
Slovakia,SVK,2007,0,1460000,1200000,1460000,0,0,40000,10000,20000,0,30000
Slovakia,SVK,2008,0,1430000,1250000,1470000,0,0,50000,10000,20000,0,30000
Slovakia,SVK,2009,0,1370000,1100000,1510000,0,0,50000,10000,20000,0,30000
Slovakia,SVK,2010,0,1340000,1090000,1550000,0,0,310000,20000,20000,0,30000
Slovakia,SVK,2011,0,1320000,1039999,1580000,0,0,280000,20000,20000,0,30000
Slovakia,SVK,2012,0,1300000,800000,1600000,0,0,310000,20000,20000,0,30000
Slovakia,SVK,2013,0,1320000,810000,1610000,0,0,280000,20000,20000,0,30000
Slovakia,SVK,2014,0,1300000,740000,1590000,0,0,170000,20000,20000,0,30000
Slovakia,SVK,2015,0,1290000,610000,1600000,10000,0,240000,20000,30000,0,30000
Slovakia,SVK,2016,0,1270000,610000,1590000,10000,0,270000,20000,20000,0,30000
Slovakia,SVK,2017,0,1230000,570000,1590000,0,0,270000,20000,20000,0,40000
Slovakia,SVK,2018,0,1210000,490000,1590000,0,0,220000,20000,30000,0,40000
Slovakia,SVK,2019,0,1180000,510000,1580000,0,0,230000,20000,30000,0,30000
Slovakia,SVK,2020,0,1150000,460000,1570000,0,0,240000,20000,20000,0,30000
Slovakia,SVK,2021,0,1120000,470000,1560000,0,0,280000,20000,20000,0,30000
Slovakia,SVK,2022,0,1110000,390000,1570000,0,0,250000,20000,20000,0,30000
Slovakia,SVK,2023,0,1090000,390000,1610000,0,0,190000,20000,20000,0,40000
Slovenia,SVN,1990,0,1820000,50000,740000,0,10000,120000,0,0,0,20000
Slovenia,SVN,1991,0,1760000,50000,730000,0,10000,129999,0,0,0,20000
Slovenia,SVN,1992,0,1470000,40000,710000,0,10000,120000,0,0,0,20000
Slovenia,SVN,1993,0,1490000,40000,680000,0,10000,100000,0,0,0,30000
Slovenia,SVN,1994,0,1450000,40000,690000,0,10000,100000,0,0,0,30000
Slovenia,SVN,1995,0,1450000,50000,690000,0,10000,90000,0,0,0,30000
Slovenia,SVN,1996,0,1480000,50000,690000,0,10000,90000,0,0,0,40000
Slovenia,SVN,1997,0,1420000,50000,740000,0,20000,90000,0,0,0,40000
Slovenia,SVN,1998,0,1370000,50000,770000,0,20000,80000,0,0,0,30000
Slovenia,SVN,1999,0,1260000,60000,790000,0,20000,90000,0,0,0,30000
Slovenia,SVN,2000,0,1290000,50000,830000,0,20000,170000,0,10000,0,30000
Slovenia,SVN,2001,0,1340000,60000,840000,0,20000,210000,0,0,0,30000
Slovenia,SVN,2002,0,1310000,60000,830000,0,20000,170000,0,0,0,30000
Slovenia,SVN,2003,0,1320000,60000,840000,0,20000,180000,0,10000,0,30000
Slovenia,SVN,2004,0,1250000,60000,850000,0,20000,170000,0,10000,0,30000
Slovenia,SVN,2005,0,1250000,60000,810000,0,20000,200000,0,10000,0,30000
Slovenia,SVN,2006,0,1220000,60000,770000,0,20000,180000,0,10000,0,30000
Slovenia,SVN,2007,0,1220000,60000,710000,0,20000,200000,0,10000,0,30000
Slovenia,SVN,2008,0,1270000,70000,630000,0,10000,200000,0,10000,0,30000
Slovenia,SVN,2009,0,1220000,60000,560000,0,10000,200000,0,0,0,30000
Slovenia,SVN,2010,0,1220000,60000,550000,0,10000,200000,0,0,0,30000
Slovenia,SVN,2011,0,1200000,50000,560000,0,10000,200000,0,0,0,30000
Slovenia,SVN,2012,0,1180000,50000,540000,0,10000,190000,0,0,0,30000
Slovenia,SVN,2013,0,1160000,50000,500000,0,10000,200000,0,0,0,20000
Slovenia,SVN,2014,0,1160000,50000,470000,0,10000,160000,0,10000,0,20000
Slovenia,SVN,2015,0,1170000,50000,470000,0,10000,190000,0,10000,0,20000
Slovenia,SVN,2016,0,1200000,50000,470000,0,10000,190000,0,10000,0,20000
Slovenia,SVN,2017,0,1200000,50000,450000,0,10000,180000,0,10000,0,20000
Slovenia,SVN,2018,0,1160000,50000,410000,0,10000,160000,0,10000,0,20000
Slovenia,SVN,2019,0,1160000,50000,400000,0,10000,150000,0,10000,0,20000
Slovenia,SVN,2020,0,1160000,50000,380000,0,10000,150000,0,10000,0,20000
Slovenia,SVN,2021,0,1160000,50000,360000,0,10000,170000,0,10000,0,20000
Slovenia,SVN,2022,10000,1100000,50000,350000,0,10000,140000,0,10000,0,20000
Slovenia,SVN,2023,0,1090000,40000,340000,0,10000,129999,0,10000,0,30000
Solomon Islands,SLB,1990,0,50000,0,0,0,0,0,0,0,0,0
Solomon Islands,SLB,1991,0,50000,0,0,0,0,0,0,0,0,0
Solomon Islands,SLB,1992,0,50000,0,0,0,0,0,0,0,0,0
Solomon Islands,SLB,1993,0,50000,0,0,0,0,0,0,0,0,0
Solomon Islands,SLB,1994,0,50000,0,0,0,0,0,0,0,0,0
Solomon Islands,SLB,1995,0,50000,0,0,0,0,0,0,0,0,0
Solomon Islands,SLB,1996,0,50000,0,0,0,0,0,0,0,0,0
Solomon Islands,SLB,1997,0,50000,0,0,0,0,0,0,0,0,0
Solomon Islands,SLB,1998,0,50000,0,0,0,0,0,0,0,0,0
Solomon Islands,SLB,1999,0,50000,0,0,0,0,0,0,0,0,0
Solomon Islands,SLB,2000,0,50000,0,200000,0,0,0,0,0,0,0
Solomon Islands,SLB,2001,0,50000,0,0,0,0,0,0,0,0,0
Solomon Islands,SLB,2002,0,50000,0,0,0,0,0,0,0,0,0
Solomon Islands,SLB,2003,0,50000,0,0,0,0,0,0,0,0,0
Solomon Islands,SLB,2004,0,60000,0,0,0,0,0,0,0,0,0
Solomon Islands,SLB,2005,0,60000,0,0,0,0,0,0,0,0,0
Solomon Islands,SLB,2006,0,60000,0,0,0,0,0,0,0,0,0
Solomon Islands,SLB,2007,0,60000,0,0,0,0,0,0,0,0,0
Solomon Islands,SLB,2008,0,60000,0,0,0,0,0,0,0,0,0
Solomon Islands,SLB,2009,0,60000,0,0,0,0,0,0,0,0,0
Solomon Islands,SLB,2010,0,60000,0,0,0,0,0,0,0,0,0
Solomon Islands,SLB,2011,0,60000,0,0,0,0,0,0,0,0,0
Solomon Islands,SLB,2012,0,60000,0,0,0,0,0,0,0,0,0
Solomon Islands,SLB,2013,0,60000,0,0,0,0,0,0,0,0,0
Solomon Islands,SLB,2014,0,60000,0,0,0,0,0,0,0,0,0
Solomon Islands,SLB,2015,0,60000,0,0,0,0,0,0,0,0,0
Solomon Islands,SLB,2016,0,60000,0,0,0,0,0,0,0,0,0
Solomon Islands,SLB,2017,0,60000,0,0,0,0,0,0,0,0,0
Solomon Islands,SLB,2018,0,60000,0,0,0,0,0,0,0,0,0
Solomon Islands,SLB,2019,0,60000,0,0,0,0,0,0,0,0,0
Solomon Islands,SLB,2020,0,60000,0,0,0,0,0,0,0,0,0
Solomon Islands,SLB,2021,0,60000,0,0,0,0,0,0,0,0,0
Solomon Islands,SLB,2022,0,60000,0,0,0,0,0,0,0,0,0
Solomon Islands,SLB,2023,0,60000,0,0,0,0,0,0,0,0,0
Somalia,SOM,1990,0,17780000,0,680000,0,0,0,0,0,0,0
Somalia,SOM,1991,0,15640000,0,650000,0,0,0,0,0,0,0
Somalia,SOM,1992,0,14170000,0,750000,0,0,0,0,0,0,0
Somalia,SOM,1993,0,15560000,0,860000,0,0,0,0,0,0,0
Somalia,SOM,1994,0,16880000,0,980000,0,0,0,0,0,0,0
Somalia,SOM,1995,0,17350000,0,1100000,0,0,0,0,0,0,0
Somalia,SOM,1996,0,17740000,0,1210000,0,0,0,0,0,0,0
Somalia,SOM,1997,0,18080000,0,1330000,0,0,0,0,0,0,0
Somalia,SOM,1998,0,18100000,0,1440000,0,0,0,0,0,0,0
Somalia,SOM,1999,0,18290000,0,1560000,0,0,0,0,0,0,0
Somalia,SOM,2000,0,18450000,0,1670000,0,0,0,0,0,0,0
Somalia,SOM,2001,0,18810000,0,1790000,0,0,0,0,0,0,0
Somalia,SOM,2002,0,19030000,0,1910000,0,0,0,0,0,0,0
Somalia,SOM,2003,0,19140000,0,2030000,0,0,0,0,0,0,0
Somalia,SOM,2004,0,19320000,0,2140000,0,0,0,0,0,0,0
Somalia,SOM,2005,0,19590000,0,2260000,0,0,0,0,0,0,0
Somalia,SOM,2006,0,18600000,0,2380000,0,0,0,0,0,0,0
Somalia,SOM,2007,0,17770000,0,2500000,,0,0,0,0,0,0
Somalia,SOM,2008,0,17740000,0,2610000,,0,0,0,0,0,0
Somalia,SOM,2009,0,17700000,0,2730000,,0,0,0,0,0,0
Somalia,SOM,2010,0,17780000,0,2840000,,0,0,0,0,0,0
Somalia,SOM,2011,0,17870000,0,2940000,,0,0,0,0,0,0
Somalia,SOM,2012,0,18060000,0,3050000,,0,0,0,0,0,0
Somalia,SOM,2013,0,18070000,0,3170000,,0,0,0,0,0,0
Somalia,SOM,2014,0,18160000,0,3290000,,0,0,0,0,0,0
Somalia,SOM,2015,0,18190000,0,3420000,,0,0,0,0,0,0
Somalia,SOM,2016,0,18170000,0,3550000,,0,0,0,0,0,0
Somalia,SOM,2017,0,18080000,0,3690000,,0,0,0,0,0,0
Somalia,SOM,2018,0,18160000,0,3830000,,0,0,0,0,0,0
Somalia,SOM,2019,0,18250000,0,3980000,,0,0,0,0,0,0
Somalia,SOM,2020,0,18300000,0,4139999,,0,0,0,0,0,0
Somalia,SOM,2021,0,18160000,0,4290000,,0,0,0,0,0,0
Somalia,SOM,2022,0,18030000,0,4440000,,0,0,0,0,0,0
Somalia,SOM,2023,0,18010000,0,4600000,,0,0,0,0,0,0
South Africa,ZAF,1990,310000,19900000,28830000,19280000,20000,0,6610000,50000,220000,20000,240000
South Africa,ZAF,1991,310000,20110000,29360000,19660000,30000,0,6750000,40000,200000,20000,250000
South Africa,ZAF,1992,310000,19860000,29000000,20040000,50000,0,6810000,50000,200000,20000,250000
South Africa,ZAF,1993,310000,19210000,31420000,20420000,60000,0,7140000,50000,180000,20000,250000
South Africa,ZAF,1994,310000,18730000,32560002,20810000,80000,0,7220000,50000,170000,20000,259999
South Africa,ZAF,1995,310000,18760000,34300000,19740000,90000,0,7280000,50000,190000,30000,300000
South Africa,ZAF,1996,1180000,19390000,34340000,18680000,70000,0,7310000,50000,200000,30000,290000
South Africa,ZAF,1997,1180000,19720000,36540000,17610000,70000,0,7430000,60000,220000,20000,290000
South Africa,ZAF,1998,2010000,20230000,37000000,16549999,60000,0,7470000,60000,230000,20000,290000
South Africa,ZAF,1999,1340000,20060000,37220000,15480000,40000,0,7400000,60000,210000,30000,290000
South Africa,ZAF,2000,430000,19910000,37550000,14420000,30000,0,2380000,60000,210000,20000,280000
South Africa,ZAF,2001,70000,19590000,36800000,12820000,40000,0,2500000,70000,190000,20000,280000
South Africa,ZAF,2002,60000,19900000,36270000,16059999,30000,0,2610000,70000,210000,20000,280000
South Africa,ZAF,2003,150000,19020000,39090000,16880000,40000,0,2650000,80000,210000,20000,290000
South Africa,ZAF,2004,50000,18620000,40020000,17730000,40000,0,2710000,80000,220000,20000,300000
South Africa,ZAF,2005,220000,19500000,40090000,18600000,20000,0,2750000,80000,230000,20000,310000
South Africa,ZAF,2006,70000,18640000,40240000,19500000,20000,0,2820000,80000,220000,20000,310000
South Africa,ZAF,2007,240000,19190000,40720000,20420000,40000,0,3100000,80000,200000,20000,330000
South Africa,ZAF,2008,140000,19310000,41370000,21340000,50000,0,3200000,90000,210000,20000,320000
South Africa,ZAF,2009,80000,19310000,40940000,22330000,30000,0,3090000,80000,250000,20000,320000
South Africa,ZAF,2010,110000,19370000,41700000,23310000,60000,0,1980000,90000,210000,30000,320000
South Africa,ZAF,2011,90000,19170000,41640000,3190000,100000,0,2079999,90000,180000,30000,330000
South Africa,ZAF,2012,100000,19470000,42500000,3200000,160000,0,2600000,90000,190000,30000,330000
South Africa,ZAF,2013,90000,19050000,42110000,3210000,170000,0,2630000,90000,210000,30000,340000
South Africa,ZAF,2014,129999,18990000,42830000,3230000,170000,0,2630000,100000,210000,30000,320000
South Africa,ZAF,2015,60000,18530000,42210000,3270000,150000,0,2420000,90000,180000,30000,340000
South Africa,ZAF,2016,80000,17850000,42130000,3270000,129999,0,2300000,90000,180000,20000,330000
South Africa,ZAF,2017,110000,17890000,42230000,3400000,210000,0,2990000,90000,180000,30000,350000
South Africa,ZAF,2018,270000,17630000,42140000,3440000,160000,0,2460000,90000,200000,30000,340000
South Africa,ZAF,2019,120000,17110000,42080000,3480000,110000,0,1940000,100000,200000,30000,300000
South Africa,ZAF,2020,110000,16830000,40670000,3540000,100000,0,1880000,100000,190000,20000,250000
South Africa,ZAF,2021,70000,17910000,38260000,3560000,100000,0,1830000,90000,180000,20000,270000
South Africa,ZAF,2022,40000,17240000,37700000,3490000,100000,0,1760000,80000,180000,20000,270000
South Africa,ZAF,2023,50000,18060000,37620000,3520000,100000,0,1760000,80000,180000,20000,259999
South America,OWID_SAM,1990,15300000,515160000,205950000,69300000,2860000,340000,16740000,350000,1980000,20000,1200000
South America,OWID_SAM,1991,15300000,523390016,219400000,70240000,2720000,340000,16590000,380000,1820000,20000,1270000
South America,OWID_SAM,1992,15300000,532909984,223790000,73470000,2640000,340000,16070000,380000,1770000,20000,1320000
South America,OWID_SAM,1993,15300000,534800000,223700000,75970000,2480000,340000,15100000,360000,1850000,20000,1380000
South America,OWID_SAM,1994,15300000,545209984,226700000,78200000,2530000,340000,14740000,390000,1970000,20000,1430000
South America,OWID_SAM,1995,15300000,552310016,250440000,82440000,2580000,340000,14080000,380000,1900000,20000,1570000
South America,OWID_SAM,1996,20330000,536490016,275590016,86440000,2560000,340000,14000000,420000,1840000,20000,1710000
South America,OWID_SAM,1997,24450000,541520000,292750016,90550000,2510000,340000,13530000,480000,1840000,30000,1790000
South America,OWID_SAM,1998,35160000,545249984,291040000,95770000,2390000,340000,14080000,450000,1860000,10000,1840000
South America,OWID_SAM,1999,35780000,550240000,278130016,101210000,2360000,340000,14270000,420000,1990000,30000,1770000
South America,OWID_SAM,2000,9550000,554129984,279910016,105870000,2230000,340000,14240000,390000,2030000,40000,1750000
South America,OWID_SAM,2001,7360000,568870016,283370016,109240000,2230000,340000,14490000,420000,1980000,60000,1770000
South America,OWID_SAM,2002,14630000,591430016,263140000,113730000,2450000,340000,15180000,450000,2080000,50000,1850000
South America,OWID_SAM,2003,11860000,616699968,254790000,118790000,2660000,340000,15630000,490000,2280000,50000,1870000
South America,OWID_SAM,2004,19550000,636729984,277840000,121060000,2840000,340000,15530000,520000,2560000,60000,2010000
South America,OWID_SAM,2005,17710000,645529984,289590016,124600000,2810000,340000,15580000,560000,2550000,70000,2120000
South America,OWID_SAM,2006,10780000,641059968,289929984,130800000,2890000,340000,15469999,600000,2620000,70000,2210000
South America,OWID_SAM,2007,23550000,642729984,288320000,135330000,2980000,340000,15040000,680000,2730000,70000,2310000
South America,OWID_SAM,2008,8620000,639700032,299680000,140570000,3220000,340000,15040000,810000,2710000,70000,2480000
South America,OWID_SAM,2009,3910000,640000000,285369984,145700000,3090000,340000,14890000,810000,2200000,60000,2430000
South America,OWID_SAM,2010,28170000,645409984,286420000,153780000,3210000,340000,14530000,910000,2470000,50000,2650000
South America,OWID_SAM,2011,6910000,639280000,294260000,157730000,3130000,340000,13620000,830000,2540000,70000,2860000
South America,OWID_SAM,2012,9490000,644529984,314070016,161490000,3150000,340000,13520000,970000,2520000,50000,3080000
South America,OWID_SAM,2013,4040000,641249984,320540000,168330000,3270000,340000,13030000,1080000,2470000,40000,3180000
South America,OWID_SAM,2014,5080000,644990016,323260000,170750000,3320000,340000,12810000,1110000,2450000,40000,3240000
South America,OWID_SAM,2015,10150000,645960000,315960000,172680000,3460000,340000,12760000,1150000,2400000,40000,3220000
South America,OWID_SAM,2016,8660000,651430016,301820000,178820000,3330000,340000,12760000,1150000,2400000,40000,3220000
South America,OWID_SAM,2017,11430000,653640000,277190016,183620000,3620000,340000,12950000,1150000,2440000,40000,3260000
South America,OWID_SAM,2018,4830000,647889984,249070000,187050000,3470000,340000,13770000,1210000,2390000,50000,3170000
South America,OWID_SAM,2019,16250000,657760000,230640000,190810000,3630000,340000,13260000,1230000,2400000,30000,3210000
South America,OWID_SAM,2020,18040000,667740032,188380000,191900000,3710000,340000,13550000,1210000,2540000,40000,2600000
South America,OWID_SAM,2021,12240000,675640000,195370000,193610000,3620000,340000,14010000,1210000,2360000,50000,3030000
South America,OWID_SAM,2022,12200000,691889984,203730000,195300000,3580000,340000,14190000,1140000,2550000,50000,3280000
South America,OWID_SAM,2023,11800000,699240000,206000000,204370000,3850000,340000,14080000,1210000,2690000,40000,3390000
South Korea,KOR,1990,10000,10910000,16320000,10640000,100000,0,2780000,30000,90000,10000,230000
South Korea,KOR,1991,10000,10900000,14330000,11750000,90000,0,2220000,40000,100000,20000,259999
South Korea,KOR,1992,10000,11010000,11500000,12580000,80000,0,1740000,50000,110000,30000,300000
South Korea,KOR,1993,10000,11320000,9230000,12900000,70000,0,1300000,50000,129999,30000,350000
South Korea,KOR,1994,10000,11310000,7440000,13880000,70000,0,860000,60000,140000,50000,390000
South Korea,KOR,1995,10000,11370000,5900000,14190000,70000,0,680000,70000,140000,60000,440000
South Korea,KOR,1996,0,11660000,5290000,14480000,60000,0,540000,70000,129999,70000,480000
South Korea,KOR,1997,0,11560000,5010000,14730000,60000,0,490000,80000,140000,80000,500000
South Korea,KOR,1998,0,11150000,4780000,13560000,70000,0,380000,60000,120000,80000,450000
South Korea,KOR,1999,0,10620000,4730000,13500000,70000,0,400000,70000,129999,80000,500000
South Korea,KOR,2000,20000,10220000,4840000,13520000,70000,0,400000,80000,150000,80000,560000
South Korea,KOR,2001,0,10090000,4520000,14150000,120000,0,360000,90000,150000,80000,590000
South Korea,KOR,2002,0,9930000,4190000,14250000,120000,0,370000,90000,160000,70000,630000
South Korea,KOR,2003,10000,9790000,4179999,14300000,110000,0,370000,90000,170000,80000,640000
South Korea,KOR,2004,10000,9900000,4220000,12800000,90000,0,370000,100000,170000,80000,650000
South Korea,KOR,2005,10000,9950000,3980000,12640000,110000,0,420000,110000,170000,90000,670000
South Korea,KOR,2006,0,10080000,4020000,12230000,120000,0,430000,110000,170000,90000,690000
South Korea,KOR,2007,0,10290000,4260000,11470000,110000,0,410000,120000,190000,80000,740000
South Korea,KOR,2008,0,10440000,4110000,11220000,120000,0,450000,120000,200000,80000,760000
South Korea,KOR,2009,10000,10690000,3920000,11310000,100000,0,450000,120000,180000,70000,800000
South Korea,KOR,2010,0,10890000,3740000,10950000,100000,0,480000,140000,200000,80000,830000
South Korea,KOR,2011,10000,10510000,3920000,10720000,110000,0,530000,160000,210000,70000,810000
South Korea,KOR,2012,0,10810000,3950000,10230000,100000,0,550000,170000,190000,70000,810000
South Korea,KOR,2013,0,10530000,3770000,10120000,110000,0,530000,170000,190000,70000,830000
South Korea,KOR,2014,10000,10240000,3550000,10300000,80000,0,650000,160000,200000,70000,820000
South Korea,KOR,2015,0,10350000,3460000,11060000,100000,0,760000,160000,210000,80000,830000
South Korea,KOR,2016,0,10320000,3490000,11010000,70000,0,540000,190000,210000,90000,830000
South Korea,KOR,2017,0,10310000,3450000,11490000,60000,0,540000,200000,220000,90000,820000
South Korea,KOR,2018,0,10330000,3400000,11380000,60000,0,530000,210000,200000,80000,810000
South Korea,KOR,2019,0,10450000,3220000,11230000,30000,0,480000,200000,180000,70000,830000
South Korea,KOR,2020,0,10630000,3140000,11090000,20000,0,450000,190000,170000,80000,770000
South Korea,KOR,2021,0,10920000,3240000,10940000,20000,0,410000,200000,180000,90000,780000
South Korea,KOR,2022,50000,11050000,3120000,10810000,20000,0,390000,210000,170000,100000,790000
South Korea,KOR,2023,0,10820000,2860000,10760000,20000,0,380000,210000,160000,90000,790000
South Sudan,SSD,1990,710000,15340000,0,1950000,0,0,0,0,0,0,0
South Sudan,SSD,1991,710000,15860000,0,2000000,0,0,0,0,0,0,0
South Sudan,SSD,1992,710000,17400000,0,2040000,0,0,0,0,0,0,0
South Sudan,SSD,1993,710000,18740000,0,2069999,0,0,0,0,0,0,0
South Sudan,SSD,1994,710000,19880000,0,2130000,0,0,0,0,0,0,0
South Sudan,SSD,1995,710000,20370000,0,2200000,0,0,0,0,0,0,0
South Sudan,SSD,1996,3730000,21410000,0,2250000,0,0,0,0,0,0,0
South Sudan,SSD,1997,9290000,22200000,0,2320000,0,0,0,0,0,0,0
South Sudan,SSD,1998,13780000,23450000,0,2370000,0,0,0,0,0,0,0
South Sudan,SSD,1999,15440000,24210000,0,2430000,0,0,0,0,0,0,0
South Sudan,SSD,2000,10020000,25560000,0,2540000,0,0,0,0,0,0,0
South Sudan,SSD,2001,760000,23790000,0,2660000,0,0,0,0,0,0,0
South Sudan,SSD,2002,320000,25140000,0,2780000,0,0,0,0,0,0,0
South Sudan,SSD,2003,640000,25790000,0,2910000,0,0,0,0,0,0,0
South Sudan,SSD,2004,760000,26330000,0,3050000,0,0,0,0,0,0,0
South Sudan,SSD,2005,1100000,27250000,0,3200000,0,0,0,0,0,0,0
South Sudan,SSD,2006,400000,26380000,0,3350000,0,0,0,0,0,0,0
South Sudan,SSD,2007,980000,27500000,0,3510000,0,0,0,0,0,0,0
South Sudan,SSD,2008,910000,27410000,0,3690000,0,0,0,0,0,0,0
South Sudan,SSD,2009,500000,27820000,0,3860000,0,0,0,0,0,0,0
South Sudan,SSD,2010,530000,26840000,0,4060000,0,0,0,0,0,0,0
South Sudan,SSD,2011,960000,26690000,0,4290000,0,0,0,0,0,0,0
South Sudan,SSD,2012,610000,28880000,519999,4480000,0,0,160000,0,0,0,0
South Sudan,SSD,2013,790000,28260000,1680000,4710000,0,0,150000,0,0,0,0
South Sudan,SSD,2014,990000,28560000,2620000,4960000,0,0,150000,0,0,0,0
South Sudan,SSD,2015,380000,28910000,2440000,5210000,0,0,160000,0,0,0,0
South Sudan,SSD,2016,600000,29510000,2270000,5160000,0,0,150000,0,0,0,0
South Sudan,SSD,2017,570000,28320000,2370000,4980000,0,0,180000,0,0,0,0
South Sudan,SSD,2018,680000,32040000,2280000,4860000,0,0,180000,0,0,0,0
South Sudan,SSD,2019,500000,27420000,2750000,4890000,0,0,180000,0,0,0,0
South Sudan,SSD,2020,1860000,31250000,2520000,4970000,0,0,190000,0,0,0,0
South Sudan,SSD,2021,1200000,29660000,2340000,5040000,0,0,190000,0,0,0,0
South Sudan,SSD,2022,990000,28390000,2190000,5120000,0,0,190000,0,0,0,0
South Sudan,SSD,2023,880000,29710000,2460000,5210000,0,0,200000,0,0,0,0
Spain,ESP,1990,40000,24920000,2240000,11980000,20000,250000,870000,40000,110000,30000,350000
Spain,ESP,1991,40000,24880000,1870000,12190000,20000,250000,910000,40000,110000,30000,370000
Spain,ESP,1992,40000,24700000,2060000,12440000,20000,240000,940000,50000,90000,30000,400000
Spain,ESP,1993,40000,24080000,1900000,12610000,20000,250000,900000,40000,80000,30000,380000
Spain,ESP,1994,40000,24180000,1790000,12980000,20000,280000,900000,40000,90000,30000,400000
Spain,ESP,1995,40000,24460000,1630000,13300000,20000,259999,830000,50000,90000,30000,380000
Spain,ESP,1996,80000,25020000,1720000,13510000,20000,259999,830000,50000,80000,40000,410000
Spain,ESP,1997,210000,26450000,1770000,13900000,20000,240000,830000,60000,90000,50000,400000
Spain,ESP,1998,150000,26830000,1490000,13880000,20000,259999,830000,60000,90000,50000,410000
Spain,ESP,1999,70000,27210000,1460000,13990000,20000,280000,820000,70000,90000,50000,410000
Spain,ESP,2000,129999,27740000,1440000,14040000,30000,280000,840000,70000,90000,50000,410000
Spain,ESP,2001,10000,28210000,1490000,14100000,30000,290000,850000,70000,90000,60000,410000
Spain,ESP,2002,10000,28470000,1420000,14220000,30000,280000,850000,80000,90000,60000,400000
Spain,ESP,2003,50000,28670000,1440000,13800000,40000,300000,850000,90000,90000,60000,410000
Spain,ESP,2004,20000,28850000,1270000,13170000,40000,310000,880000,90000,90000,60000,400000
Spain,ESP,2005,50000,28340000,1180000,13380000,40000,300000,890000,100000,90000,70000,400000
Spain,ESP,2006,80000,27740000,1280000,13830000,60000,300000,890000,100000,90000,70000,390000
Spain,ESP,2007,20000,28340000,1270000,14380000,50000,320000,880000,100000,100000,70000,390000
Spain,ESP,2008,0,26570000,1250000,14350000,40000,259999,890000,100000,90000,70000,370000
Spain,ESP,2009,20000,27010000,1180000,15600000,60000,259999,1020000,110000,80000,70000,360000
Spain,ESP,2010,0,26470000,1100000,14370000,60000,290000,1020000,90000,80000,70000,350000
Spain,ESP,2011,10000,25740000,1020000,15100000,60000,280000,1000000,100000,80000,70000,340000
Spain,ESP,2012,30000,25230000,770000,14950000,60000,250000,1010000,100000,80000,70000,330000
Spain,ESP,2013,10000,25050000,980000,14190000,60000,240000,1010000,110000,70000,60000,290000
Spain,ESP,2014,10000,25830000,740000,13220000,50000,290000,1010000,100000,70000,70000,290000
Spain,ESP,2015,10000,26800000,690000,14080000,50000,300000,1010000,110000,70000,60000,290000
Spain,ESP,2016,10000,26980000,670000,13600000,50000,300000,770000,100000,90000,60000,310000
Spain,ESP,2017,40000,27330000,610000,13320000,60000,310000,780000,110000,90000,60000,330000
Spain,ESP,2018,0,27100000,760000,13210000,60000,300000,780000,100000,90000,60000,350000
Spain,ESP,2019,10000,27250000,550000,12730000,60000,280000,780000,100000,100000,60000,360000
Spain,ESP,2020,0,28060000,610000,12380000,60000,259999,770000,100000,90000,50000,300000
Spain,ESP,2021,30000,27650000,600000,12150000,60000,259999,760000,100000,90000,60000,350000
Spain,ESP,2022,100000,26820000,560000,12220000,60000,259999,760000,100000,90000,70000,380000
Spain,ESP,2023,70000,26100000,560000,12330000,50000,259999,760000,90000,100000,70000,400000
Sri Lanka,LKA,1990,10000,5990000,0,3990000,0,0,3460000,0,20000,0,10000
Sri Lanka,LKA,1991,10000,5400000,0,3990000,0,0,3480000,0,20000,0,10000
Sri Lanka,LKA,1992,10000,5530000,0,7390000,0,0,3500000,0,20000,0,10000
Sri Lanka,LKA,1993,10000,5660000,0,10570000,0,0,3480000,0,20000,0,10000
Sri Lanka,LKA,1994,10000,5900000,0,13540000,0,0,3440000,0,10000,0,10000
Sri Lanka,LKA,1995,10000,5830000,0,11740000,0,0,3350000,0,20000,0,10000
Sri Lanka,LKA,1996,40000,5060000,0,9930000,0,0,3370000,0,30000,0,10000
Sri Lanka,LKA,1997,10000,5020000,0,8130000,0,0,3410000,0,30000,0,10000
Sri Lanka,LKA,1998,30000,4130000,0,6320000,0,0,3360000,0,30000,0,10000
Sri Lanka,LKA,1999,40000,4470000,0,4520000,0,0,3290000,0,40000,0,10000
Sri Lanka,LKA,2000,20000,4270000,0,2710000,0,0,3260000,0,50000,0,10000
Sri Lanka,LKA,2001,0,4050000,0,2870000,0,0,3280000,0,50000,0,20000
Sri Lanka,LKA,2002,0,4159999,0,3030000,0,0,3140000,0,50000,0,20000
Sri Lanka,LKA,2003,0,4470000,0,3180000,0,0,3190000,0,50000,0,20000
Sri Lanka,LKA,2004,0,3950000,0,3320000,0,0,3200000,0,60000,0,20000
Sri Lanka,LKA,2005,0,4580000,0,3450000,0,0,3260000,10000,60000,0,20000
Sri Lanka,LKA,2006,0,4570000,0,3580000,0,0,3280000,0,60000,0,20000
Sri Lanka,LKA,2007,0,4330000,0,3700000,0,0,3270000,0,60000,0,30000
Sri Lanka,LKA,2008,0,5040000,0,3810000,0,0,3310000,0,50000,0,20000
Sri Lanka,LKA,2009,0,4740000,0,3920000,0,0,3470000,10000,50000,0,30000
Sri Lanka,LKA,2010,0,5210000,0,4030000,0,0,3530000,0,60000,0,30000
Sri Lanka,LKA,2011,0,5290000,0,4139999,0,0,2840000,10000,60000,0,30000
Sri Lanka,LKA,2012,0,5310000,0,4230000,0,0,2690000,10000,60000,0,40000
Sri Lanka,LKA,2013,0,5570000,0,4330000,0,0,2590000,0,60000,0,40000
Sri Lanka,LKA,2014,0,4480000,0,4420000,0,0,2550000,10000,70000,0,40000
Sri Lanka,LKA,2015,0,5470000,0,4500000,0,0,2390000,0,70000,0,50000
Sri Lanka,LKA,2016,0,5030000,0,4580000,0,0,2230000,10000,70000,10000,60000
Sri Lanka,LKA,2017,0,4060000,0,4660000,0,0,2089999,10000,70000,0,60000
Sri Lanka,LKA,2018,0,4980000,0,4730000,0,0,2010000,10000,70000,10000,60000
Sri Lanka,LKA,2019,0,4680000,0,4800000,0,0,2030000,10000,70000,0,60000
Sri Lanka,LKA,2020,0,5090000,10000,4860000,0,0,2040000,10000,70000,0,50000
Sri Lanka,LKA,2021,0,5330000,10000,4920000,0,0,2020000,10000,80000,0,60000
Sri Lanka,LKA,2022,0,5270000,10000,4980000,0,0,2030000,10000,70000,0,50000
Sri Lanka,LKA,2023,0,5410000,10000,5040000,0,0,2010000,10000,70000,0,40000
Sudan,SDN,1990,0,27700000,20000,360000,0,0,2440000,0,40000,0,10000
Sudan,SDN,1991,0,28640000,20000,360000,0,0,2470000,0,40000,0,10000
Sudan,SDN,1992,0,31420000,20000,510000,0,0,2510000,0,40000,0,10000
Sudan,SDN,1993,0,33850000,30000,650000,0,0,2540000,0,40000,0,10000
Sudan,SDN,1994,0,35900000,60000,790000,0,0,2860000,0,40000,0,10000
Sudan,SDN,1995,0,36780000,60000,920000,0,0,2890000,0,40000,0,10000
Sudan,SDN,1996,10000,38670000,129999,1160000,0,0,3020000,0,40000,0,10000
Sudan,SDN,1997,10000,40100000,200000,1410000,0,0,3110000,0,50000,0,10000
Sudan,SDN,1998,20000,42340000,280000,1650000,0,0,3190000,0,50000,0,10000
Sudan,SDN,1999,20000,43720000,540000,1890000,0,0,3390000,0,40000,0,10000
Sudan,SDN,2000,20000,46170000,910000,2130000,0,0,3470000,0,40000,0,10000
Sudan,SDN,2001,0,42960000,1380000,2290000,0,0,3450000,0,40000,0,10000
Sudan,SDN,2002,0,45400000,1530000,2440000,0,0,3550000,0,40000,0,20000
Sudan,SDN,2003,0,46590000,1420000,2600000,0,0,3760000,0,30000,0,20000
Sudan,SDN,2004,0,47550000,2020000,2740000,0,0,3970000,0,30000,0,20000
Sudan,SDN,2005,0,49220000,2190000,2890000,0,0,4170000,0,30000,0,20000
Sudan,SDN,2006,0,47630000,2500000,3040000,0,0,4470000,0,40000,0,30000
Sudan,SDN,2007,0,49660000,2830000,3180000,0,0,4120000,0,40000,0,30000
Sudan,SDN,2008,0,49500000,2560000,3330000,0,0,4080000,0,30000,0,30000
Sudan,SDN,2009,0,50250000,2630000,3470000,0,0,4190000,0,40000,0,40000
Sudan,SDN,2010,0,48480000,2660000,3620000,0,0,4270000,0,30000,0,40000
Sudan,SDN,2011,0,48190000,5260000,3760000,0,0,4300000,0,30000,0,40000
Sudan,SDN,2012,0,51700000,2930000,3900000,0,0,4300000,0,30000,0,40000
Sudan,SDN,2013,0,51840000,3050000,4040000,0,0,4320000,0,30000,0,40000
Sudan,SDN,2014,0,51740000,3160000,4190000,0,0,4350000,0,30000,0,40000
Sudan,SDN,2015,0,52380000,3130000,4330000,0,0,4380000,0,30000,0,50000
Sudan,SDN,2016,0,52630000,2380000,4490000,0,0,4410000,10000,30000,0,50000
Sudan,SDN,2017,0,52840000,2120000,4640000,0,0,4440000,10000,30000,0,50000
Sudan,SDN,2018,0,53130000,2100000,4800000,0,0,4590000,10000,30000,0,60000
Sudan,SDN,2019,0,53280000,1870000,4960000,0,0,4720000,0,30000,0,60000
Sudan,SDN,2020,10000,54160000,1590000,5130000,0,0,4850000,10000,30000,0,50000
Sudan,SDN,2021,10000,52940000,1620000,5300000,0,0,4990000,10000,30000,0,60000
Sudan,SDN,2022,0,51170000,1520000,5470000,0,0,5120000,0,30000,0,60000
Sudan,SDN,2023,0,52740000,1350000,5650000,0,0,5250000,0,20000,0,40000
Suriname,SUR,1990,10000,580000,0,50000,0,0,0,0,0,0,0
Suriname,SUR,1991,10000,640000,0,50000,0,0,0,0,0,0,0
Suriname,SUR,1992,10000,720000,0,50000,0,0,0,0,0,0,0
Suriname,SUR,1993,10000,640000,0,50000,0,0,0,0,0,0,0
Suriname,SUR,1994,10000,650000,0,60000,0,0,0,0,0,0,0
Suriname,SUR,1995,10000,660000,0,60000,0,0,0,0,0,0,0
Suriname,SUR,1996,30000,660000,0,60000,0,0,0,0,0,0,0
Suriname,SUR,1997,20000,590000,0,60000,0,0,0,0,0,0,0
Suriname,SUR,1998,60000,580000,0,70000,0,0,0,0,0,0,0
Suriname,SUR,1999,10000,580000,0,70000,0,0,0,0,0,0,0
Suriname,SUR,2000,10000,519999,160000,70000,0,0,40000,0,0,0,0
Suriname,SUR,2001,0,560000,160000,70000,0,0,40000,0,0,0,0
Suriname,SUR,2002,10000,410000,160000,70000,0,0,20000,0,0,0,0
Suriname,SUR,2003,10000,490000,170000,80000,0,0,20000,0,0,0,0
Suriname,SUR,2004,0,480000,190000,80000,0,0,20000,0,0,0,0
Suriname,SUR,2005,0,430000,190000,80000,0,0,20000,0,0,0,0
Suriname,SUR,2006,0,430000,200000,80000,0,0,20000,0,0,0,0
Suriname,SUR,2007,0,410000,220000,80000,0,0,20000,0,0,0,0
Suriname,SUR,2008,0,430000,250000,80000,0,0,20000,0,0,0,0
Suriname,SUR,2009,0,540000,250000,90000,0,0,20000,0,0,0,0
Suriname,SUR,2010,0,530000,250000,90000,0,0,20000,0,0,0,0
Suriname,SUR,2011,0,550000,250000,90000,0,0,20000,0,0,0,0
Suriname,SUR,2012,0,519999,250000,90000,0,0,30000,0,0,0,10000
Suriname,SUR,2013,0,540000,240000,90000,0,0,30000,0,0,0,10000
Suriname,SUR,2014,0,570000,240000,90000,0,0,30000,0,0,0,10000
Suriname,SUR,2015,0,550000,250000,100000,0,0,30000,0,0,0,10000
Suriname,SUR,2016,0,560000,259999,100000,0,0,20000,0,0,0,10000
Suriname,SUR,2017,0,540000,259999,100000,0,0,20000,0,0,0,10000
Suriname,SUR,2018,0,510000,259999,100000,0,0,20000,0,0,0,10000
Suriname,SUR,2019,0,550000,259999,100000,0,0,20000,0,0,0,10000
Suriname,SUR,2020,0,530000,250000,100000,0,0,20000,0,0,0,10000
Suriname,SUR,2021,0,519999,240000,100000,0,0,20000,0,0,0,10000
Suriname,SUR,2022,0,450000,230000,100000,0,0,20000,0,0,0,10000
Suriname,SUR,2023,10000,460000,220000,110000,0,0,20000,0,0,0,10000
Sweden,SWE,1990,0,4910000,70000,3870000,129999,50000,259999,40000,150000,10000,160000
Sweden,SWE,1991,0,4780000,80000,3930000,129999,50000,259999,40000,150000,10000,160000
Sweden,SWE,1992,0,4920000,80000,3930000,120000,50000,259999,60000,140000,10000,160000
Sweden,SWE,1993,0,4980000,80000,3800000,120000,50000,259999,60000,150000,10000,160000
Sweden,SWE,1994,0,5000000,90000,3650000,110000,50000,250000,70000,150000,10000,160000
Sweden,SWE,1995,0,4850000,80000,3640000,110000,30000,259999,80000,160000,10000,160000
Sweden,SWE,1996,0,4850000,90000,3610000,120000,0,270000,90000,170000,10000,160000
Sweden,SWE,1997,0,4830000,90000,3570000,120000,0,259999,90000,170000,10000,160000
Sweden,SWE,1998,10000,4690000,90000,3510000,120000,0,259999,90000,170000,10000,160000
Sweden,SWE,1999,0,4610000,90000,3370000,90000,0,240000,100000,150000,10000,160000
Sweden,SWE,2000,0,4480000,90000,3260000,120000,0,240000,110000,170000,10000,160000
Sweden,SWE,2001,0,4400000,90000,3200000,110000,0,230000,120000,140000,10000,160000
Sweden,SWE,2002,0,4360000,90000,2990000,100000,0,230000,120000,140000,10000,160000
Sweden,SWE,2003,0,4290000,100000,2820000,110000,0,230000,129999,140000,10000,160000
Sweden,SWE,2004,0,4320000,90000,2790000,110000,0,240000,140000,140000,20000,160000
Sweden,SWE,2005,0,4260000,90000,2600000,30000,0,259999,150000,140000,20000,150000
Sweden,SWE,2006,0,4200000,90000,2500000,30000,0,240000,160000,150000,20000,150000
Sweden,SWE,2007,0,4100000,90000,2280000,30000,0,240000,160000,160000,20000,150000
Sweden,SWE,2008,0,4090000,90000,1960000,30000,0,240000,160000,150000,20000,150000
Sweden,SWE,2009,0,4020000,100000,1850000,30000,0,240000,170000,150000,20000,140000
Sweden,SWE,2010,0,4010000,120000,1720000,30000,0,240000,200000,160000,20000,140000
Sweden,SWE,2011,0,3970000,100000,1580000,30000,0,430000,160000,160000,10000,140000
Sweden,SWE,2012,0,3920000,90000,1440000,30000,0,440000,190000,150000,10000,129999
Sweden,SWE,2013,0,3910000,90000,1330000,40000,0,360000,190000,160000,10000,129999
Sweden,SWE,2014,20000,3900000,80000,1200000,40000,0,340000,190000,150000,10000,129999
Sweden,SWE,2015,0,3800000,70000,1080000,40000,0,340000,190000,160000,20000,129999
Sweden,SWE,2016,0,3790000,80000,980000,40000,0,350000,200000,160000,20000,140000
Sweden,SWE,2017,0,3810000,90000,920000,40000,0,350000,210000,160000,20000,140000
Sweden,SWE,2018,10000,3710000,80000,860000,40000,0,300000,210000,150000,20000,140000
Sweden,SWE,2019,0,3600000,90000,740000,50000,0,290000,220000,160000,20000,129999
Sweden,SWE,2020,0,3490000,100000,670000,50000,0,320000,210000,170000,20000,120000
Sweden,SWE,2021,0,3480000,90000,580000,40000,0,330000,230000,170000,20000,129999
Sweden,SWE,2022,0,3480000,70000,540000,50000,0,300000,230000,170000,20000,129999
Sweden,SWE,2023,0,3400000,70000,510000,40000,0,290000,200000,190000,20000,120000
Switzerland,CHE,1990,0,5460000,390000,1070000,90000,10000,60000,20000,10000,0,140000
Switzerland,CHE,1991,0,5400000,410000,960000,100000,10000,70000,20000,20000,0,140000
Switzerland,CHE,1992,0,5290000,430000,960000,90000,10000,70000,20000,10000,0,150000
Switzerland,CHE,1993,0,5190000,440000,910000,20000,10000,240000,20000,20000,0,140000
Switzerland,CHE,1994,0,5200000,450000,840000,20000,10000,230000,20000,20000,0,140000
Switzerland,CHE,1995,0,5110000,450000,840000,20000,10000,240000,20000,20000,0,129999
Switzerland,CHE,1996,0,5090000,440000,820000,30000,10000,259999,20000,20000,0,129999
Switzerland,CHE,1997,0,4910000,420000,810000,20000,10000,240000,20000,20000,0,140000
Switzerland,CHE,1998,0,4860000,400000,780000,20000,10000,240000,30000,20000,0,140000
Switzerland,CHE,1999,0,4750000,380000,770000,20000,10000,240000,30000,20000,0,140000
Switzerland,CHE,2000,0,4690000,370000,770000,10000,10000,230000,30000,20000,0,150000
Switzerland,CHE,2001,0,4740000,350000,790000,20000,10000,230000,30000,20000,0,140000
Switzerland,CHE,2002,0,4690000,330000,800000,10000,10000,230000,30000,20000,0,140000
Switzerland,CHE,2003,0,4610000,320000,770000,20000,10000,250000,30000,20000,0,140000
Switzerland,CHE,2004,0,4530000,300000,780000,20000,10000,240000,30000,20000,0,140000
Switzerland,CHE,2005,0,4570000,290000,770000,20000,10000,259999,40000,20000,0,140000
Switzerland,CHE,2006,0,4590000,280000,770000,10000,10000,250000,40000,20000,0,129999
Switzerland,CHE,2007,0,4580000,270000,750000,10000,10000,240000,40000,20000,0,129999
Switzerland,CHE,2008,0,4660000,259999,720000,10000,10000,290000,40000,20000,0,129999
Switzerland,CHE,2009,0,4590000,259999,700000,10000,10000,330000,40000,20000,0,129999
Switzerland,CHE,2010,0,4580000,270000,680000,10000,20000,350000,40000,20000,0,129999
Switzerland,CHE,2011,0,4550000,259999,660000,10000,10000,290000,40000,20000,0,120000
Switzerland,CHE,2012,0,4510000,240000,640000,10000,20000,320000,40000,20000,0,120000
Switzerland,CHE,2013,0,4480000,230000,620000,10000,10000,330000,40000,20000,0,110000
Switzerland,CHE,2014,0,4470000,220000,610000,10000,10000,270000,40000,20000,0,110000
Switzerland,CHE,2015,0,4420000,220000,600000,10000,10000,300000,40000,20000,0,100000
Switzerland,CHE,2016,0,4400000,220000,580000,10000,20000,310000,40000,20000,0,100000
Switzerland,CHE,2017,0,4370000,220000,570000,10000,20000,300000,50000,20000,0,100000
Switzerland,CHE,2018,0,4370000,220000,550000,10000,20000,290000,50000,20000,0,100000
Switzerland,CHE,2019,0,4280000,210000,530000,10000,20000,290000,50000,20000,0,100000
Switzerland,CHE,2020,0,4260000,210000,519999,10000,10000,270000,50000,20000,0,90000
Switzerland,CHE,2021,0,4260000,210000,510000,10000,10000,310000,50000,20000,0,90000
Switzerland,CHE,2022,0,4270000,180000,490000,10000,10000,270000,50000,20000,0,90000
Switzerland,CHE,2023,0,4250000,180000,470000,10000,10000,270000,50000,20000,0,90000
Syria,SYR,1990,0,3240000,56030000,1620000,20000,0,10000,10000,0,10000,50000
Syria,SYR,1991,0,3320000,68670000,1650000,20000,0,10000,10000,0,10000,50000
Syria,SYR,1992,0,3240000,79280000,2150000,20000,0,10000,10000,0,10000,40000
Syria,SYR,1993,0,2530000,86080000,2630000,10000,0,10000,10000,0,10000,50000
Syria,SYR,1994,0,2720000,89010000,3090000,10000,0,10000,10000,0,10000,50000
Syria,SYR,1995,0,2920000,91650000,3540000,10000,0,10000,10000,10000,10000,40000
Syria,SYR,1996,0,3100000,88480000,3970000,10000,0,10000,10000,10000,10000,50000
Syria,SYR,1997,0,3260000,86670000,4400000,10000,0,10000,10000,0,10000,50000
Syria,SYR,1998,0,3590000,86200000,4810000,10000,0,10000,10000,10000,10000,50000
Syria,SYR,1999,0,3430000,86690000,5210000,10000,0,10000,10000,10000,10000,40000
Syria,SYR,2000,0,3360000,85550000,5610000,10000,0,10000,10000,0,10000,40000
Syria,SYR,2001,0,3010000,83490000,5990000,20000,0,10000,10000,10000,10000,40000
Syria,SYR,2002,0,3200000,86230000,6380000,10000,0,10000,20000,0,10000,40000
Syria,SYR,2003,0,3550000,83400000,6750000,10000,0,10000,20000,10000,10000,40000
Syria,SYR,2004,0,4010000,65210000,7130000,10000,0,20000,20000,0,10000,50000
Syria,SYR,2005,0,4400000,60630000,7500000,10000,0,20000,20000,10000,10000,60000
Syria,SYR,2006,0,4720000,57290000,7900000,10000,0,30000,20000,10000,10000,60000
Syria,SYR,2007,0,5010000,55120000,8350000,10000,0,20000,20000,10000,10000,70000
Syria,SYR,2008,0,4420000,53890000,8790000,10000,0,20000,30000,10000,10000,70000
Syria,SYR,2009,0,4260000,54810000,9190000,10000,0,20000,30000,10000,10000,70000
Syria,SYR,2010,0,3860000,56070000,9590000,10000,0,20000,20000,10000,10000,80000
Syria,SYR,2011,0,4400000,50910000,9980000,10000,0,20000,30000,10000,10000,80000
Syria,SYR,2012,10000,4400000,28750000,10310000,10000,0,10000,20000,10000,0,70000
Syria,SYR,2013,0,4380000,13390000,10520000,0,0,10000,10000,0,0,40000
Syria,SYR,2014,0,4330000,9570000,10640000,0,0,10000,10000,10000,0,40000
Syria,SYR,2015,0,4130000,8890000,10740000,0,0,10000,10000,0,0,40000
Syria,SYR,2016,0,3950000,7990000,10850000,0,0,10000,10000,0,0,30000
Syria,SYR,2017,0,3370000,11600000,10970000,0,0,10000,10000,0,0,30000
Syria,SYR,2018,0,3310000,9100000,11120000,0,0,10000,10000,0,0,40000
Syria,SYR,2019,0,3500000,11100000,11310000,0,0,10000,10000,0,0,40000
Syria,SYR,2020,0,3800000,12340000,11520000,0,0,10000,10000,0,0,30000
Syria,SYR,2021,0,3850000,12750000,11730000,0,0,10000,10000,0,0,30000
Syria,SYR,2022,0,3980000,13000000,11980000,0,0,10000,10000,0,0,30000
Syria,SYR,2023,0,4110000,13520000,12280000,0,0,10000,10000,0,0,40000
Tajikistan,TJK,1990,0,3400000,1180000,920000,70000,0,0,0,0,0,10000
Tajikistan,TJK,1991,0,3340000,1150000,920000,60000,0,0,0,0,0,10000
Tajikistan,TJK,1992,0,2910000,1110000,840000,40000,0,0,0,0,0,0
Tajikistan,TJK,1993,0,2690000,1060000,810000,30000,0,0,0,0,0,0
Tajikistan,TJK,1994,0,2680000,590000,780000,10000,0,0,0,0,0,0
Tajikistan,TJK,1995,0,2570000,420000,780000,10000,0,0,0,0,0,0
Tajikistan,TJK,1996,0,2450000,220000,810000,10000,0,0,0,0,0,0
Tajikistan,TJK,1997,0,2400000,220000,810000,10000,0,0,0,0,0,0
Tajikistan,TJK,1998,0,2310000,110000,810000,10000,0,0,0,0,0,0
Tajikistan,TJK,1999,0,2350000,170000,590000,10000,0,0,0,0,0,0
Tajikistan,TJK,2000,0,2340000,200000,590000,10000,0,0,0,0,0,0
Tajikistan,TJK,2001,0,2360000,220000,620000,10000,0,0,0,0,0,0
Tajikistan,TJK,2002,0,2440000,170000,620000,10000,0,0,0,0,0,0
Tajikistan,TJK,2003,0,2540000,200000,640000,10000,0,0,0,0,0,0
Tajikistan,TJK,2004,0,2690000,110000,670000,10000,0,0,0,0,0,0
Tajikistan,TJK,2005,0,2910000,110000,670000,10000,0,0,0,0,0,0
Tajikistan,TJK,2006,0,3080000,110000,670000,10000,0,0,0,0,0,0
Tajikistan,TJK,2007,0,3220000,80000,700000,20000,0,0,0,0,0,0
Tajikistan,TJK,2008,0,3720000,80000,700000,20000,0,0,0,0,0,0
Tajikistan,TJK,2009,0,3990000,60000,730000,10000,0,0,0,0,0,0
Tajikistan,TJK,2010,0,4060000,60000,730000,10000,0,0,0,0,0,0
Tajikistan,TJK,2011,0,4190000,60000,30000,10000,0,0,0,0,0,0
Tajikistan,TJK,2012,0,4420000,80000,30000,20000,0,0,0,0,0,10000
Tajikistan,TJK,2013,0,4570000,90000,30000,20000,0,0,0,0,0,10000
Tajikistan,TJK,2014,0,4640000,150000,30000,30000,0,0,0,0,0,10000
Tajikistan,TJK,2015,0,4840000,150000,30000,40000,0,0,0,0,0,10000
Tajikistan,TJK,2016,0,5000000,200000,30000,10000,0,70000,0,0,0,10000
Tajikistan,TJK,2017,0,5080000,259999,30000,10000,0,70000,0,0,0,10000
Tajikistan,TJK,2018,0,5100000,290000,30000,10000,0,70000,0,0,0,10000
Tajikistan,TJK,2019,0,5180000,310000,30000,10000,0,70000,0,0,0,10000
Tajikistan,TJK,2020,0,5250000,310000,40000,10000,0,80000,0,0,0,10000
Tajikistan,TJK,2021,0,5390000,320000,40000,10000,0,90000,0,0,0,10000
Tajikistan,TJK,2022,0,5550000,320000,40000,10000,0,90000,0,0,0,10000
Tajikistan,TJK,2023,0,5500000,310000,40000,10000,0,100000,0,0,0,10000
Tanzania,TZA,1990,3950000,21060000,10000,1320000,110000,0,5130000,0,30000,0,0
Tanzania,TZA,1991,3950000,21150000,10000,1330000,110000,0,5280000,0,30000,0,0
Tanzania,TZA,1992,3950000,21050000,10000,1340000,120000,0,5450000,0,30000,0,0
Tanzania,TZA,1993,3950000,21390000,10000,1340000,180000,0,5840000,0,30000,0,0
Tanzania,TZA,1994,3950000,21470000,10000,1350000,510000,0,7330000,0,30000,0,0
Tanzania,TZA,1995,3950000,23800000,10000,1490000,530000,0,7470000,0,30000,0,0
Tanzania,TZA,1996,1170000,22620000,10000,1610000,540000,0,7610000,0,30000,0,10000
Tanzania,TZA,1997,1200000,22330000,10000,1730000,550000,0,7750000,0,30000,0,10000
Tanzania,TZA,1998,1760000,24760000,10000,1850000,580000,0,8170000,0,30000,0,10000
Tanzania,TZA,1999,990000,25400000,10000,1970000,610000,0,8620000,0,40000,0,0
Tanzania,TZA,2000,510000,23910000,10000,2089999,640000,0,9100000,0,40000,0,10000
Tanzania,TZA,2001,2680000,24350000,10000,2210000,690000,0,9350000,0,40000,0,10000
Tanzania,TZA,2002,3620000,26880000,10000,2330000,780000,0,9750000,0,40000,0,10000
Tanzania,TZA,2003,5790000,29450000,20000,2440000,860000,0,10160000,0,40000,0,10000
Tanzania,TZA,2004,5130000,28630000,40000,2560000,860000,0,10230000,0,40000,0,10000
Tanzania,TZA,2005,7060000,30190000,100000,2680000,970000,0,10710000,0,40000,0,10000
Tanzania,TZA,2006,5000000,28670000,120000,2800000,1030000,0,11030000,0,40000,0,10000
Tanzania,TZA,2007,4960000,29770000,129999,2920000,1020000,0,11050000,0,40000,0,10000
Tanzania,TZA,2008,5620000,31470000,129999,3030000,1039999,0,11220000,0,40000,0,10000
Tanzania,TZA,2009,6160000,31630000,150000,3150000,1110000,0,11570000,0,40000,0,10000
Tanzania,TZA,2010,6110000,33590000,180000,3270000,1150000,0,11800000,0,40000,0,10000
Tanzania,TZA,2011,5160000,35130000,200000,3400000,1220000,0,12180000,0,40000,0,20000
Tanzania,TZA,2012,5850000,35700000,230000,3520000,1120000,0,11860000,0,40000,0,20000
Tanzania,TZA,2013,4220000,37530000,240000,3650000,1220000,0,12330000,0,40000,0,30000
Tanzania,TZA,2014,4070000,38500000,230000,3790000,1150000,0,12170000,0,50000,0,30000
Tanzania,TZA,2015,5550000,40400000,250000,3930000,1210000,0,12470000,0,50000,0,30000
Tanzania,TZA,2016,5230000,41720000,320000,4080000,1240000,0,12680000,0,50000,0,40000
Tanzania,TZA,2017,5450000,41410000,330000,4240000,1250000,0,12790000,0,50000,0,40000
Tanzania,TZA,2018,3980000,42730000,370000,4390000,1270000,0,12960000,0,50000,0,40000
Tanzania,TZA,2019,3890000,45020000,410000,4550000,1430000,0,13690000,0,50000,0,40000
Tanzania,TZA,2020,3180000,48330000,370000,4710000,1430000,0,13760000,0,50000,0,50000
Tanzania,TZA,2021,3780000,50080000,420000,4870000,1410000,0,13790000,0,50000,0,50000
Tanzania,TZA,2022,2710000,51610000,480000,5040000,1420000,0,13930000,0,60000,0,50000
Tanzania,TZA,2023,2210000,51920000,510000,5200000,1440000,0,14120000,0,60000,0,50000
Thailand,THA,1990,1520000,56970000,2620000,620000,20000,0,3830000,20000,129999,10000,129999
Thailand,THA,1991,1520000,59190000,3140000,630000,20000,0,3920000,20000,140000,10000,140000
Thailand,THA,1992,1520000,60120000,3350000,780000,20000,0,3810000,20000,160000,10000,150000
Thailand,THA,1993,1520000,59870000,3800000,900000,20000,0,3580000,30000,150000,10000,170000
Thailand,THA,1994,1520000,59940000,4560000,990000,20000,0,3430000,30000,160000,10000,190000
Thailand,THA,1995,1520000,58520000,4750000,1680000,20000,0,3170000,40000,200000,10000,220000
Thailand,THA,1996,1390000,57650000,5630000,2380000,20000,0,2970000,50000,240000,10000,240000
Thailand,THA,1997,1350000,59160000,6500000,3080000,30000,0,3070000,50000,220000,10000,250000
Thailand,THA,1998,3340000,55650000,6890000,3780000,30000,0,3140000,40000,190000,10000,230000
Thailand,THA,1999,1900000,56530000,7490000,4480000,30000,0,3320000,50000,210000,10000,230000
Thailand,THA,2000,1150000,55670000,8530000,5180000,30000,0,3350000,50000,210000,10000,230000
Thailand,THA,2001,259999,56570000,8940000,5880000,30000,0,3410000,40000,190000,10000,240000
Thailand,THA,2002,780000,54900000,9600000,6570000,40000,0,3500000,50000,220000,10000,250000
Thailand,THA,2003,870000,57760000,10520000,7270000,40000,0,3550000,60000,240000,10000,270000
Thailand,THA,2004,2820000,57590000,10960000,7970000,40000,0,3900000,70000,259999,10000,270000
Thailand,THA,2005,1530000,59120000,12210000,8670000,40000,0,3610000,80000,290000,20000,259999
Thailand,THA,2006,860000,59300000,12760000,9370000,40000,0,3510000,80000,310000,20000,250000
Thailand,THA,2007,2650000,62440000,13540000,10070000,40000,0,3710000,90000,300000,20000,310000
Thailand,THA,2008,1120000,62480000,14670000,10770000,40000,0,3780000,100000,330000,20000,360000
Thailand,THA,2009,1680000,64420000,14310000,11460000,40000,0,3720000,100000,350000,10000,430000
Thailand,THA,2010,1400000,67650000,15710000,12160000,40000,0,4200000,110000,380000,10000,460000
Thailand,THA,2011,650000,66780000,15360000,12860000,40000,0,4159999,120000,330000,10000,530000
Thailand,THA,2012,1600000,66280000,17830000,13560000,40000,0,4000000,129999,390000,10000,590000
Thailand,THA,2013,820000,64210000,18280000,14260000,50000,0,4070000,160000,370000,10000,680000
Thailand,THA,2014,2240000,58880000,18370000,14390000,50000,0,4410000,180000,370000,10000,710000
Thailand,THA,2015,1620000,54370000,18460000,14520000,50000,0,4130000,180000,380000,10000,710000
Thailand,THA,2016,1640000,59100000,18530000,14630000,40000,0,2590000,390000,380000,10000,700000
Thailand,THA,2017,1770000,59060000,17950000,14750000,30000,0,2680000,330000,400000,10000,670000
Thailand,THA,2018,860000,58680000,17640000,14850000,30000,0,2970000,320000,420000,10000,650000
Thailand,THA,2019,2440000,54970000,17710000,14940000,30000,0,2880000,350000,460000,10000,630000
Thailand,THA,2020,2630000,60020000,16150000,15020000,30000,0,2180000,330000,380000,10000,560000
Thailand,THA,2021,1690000,60800000,15510000,15100000,30000,0,1830000,350000,310000,10000,500000
Thailand,THA,2022,220000,60830000,14260000,15170000,30000,0,1880000,380000,360000,10000,540000
Thailand,THA,2023,1610000,60750000,13910000,15250000,30000,0,1750000,460000,340000,10000,560000
Togo,TGO,1990,30000,1110000,0,310000,0,0,500000,0,0,0,0
Togo,TGO,1991,30000,1010000,0,320000,0,0,510000,0,0,0,0
Togo,TGO,1992,30000,910000,0,330000,0,0,519999,0,0,0,0
Togo,TGO,1993,30000,890000,0,330000,0,0,530000,0,0,0,0
Togo,TGO,1994,30000,880000,0,330000,0,0,540000,0,0,0,0
Togo,TGO,1995,30000,790000,0,350000,0,0,550000,0,0,0,0
Togo,TGO,1996,80000,880000,0,360000,0,0,560000,0,0,0,0
Togo,TGO,1997,100000,1060000,0,370000,0,0,560000,0,0,0,0
Togo,TGO,1998,190000,1260000,0,390000,0,0,570000,0,0,0,0
Togo,TGO,1999,270000,1100000,0,400000,0,0,660000,0,0,0,0
Togo,TGO,2000,50000,1180000,0,410000,0,0,670000,0,0,0,0
Togo,TGO,2001,20000,990000,0,420000,0,0,690000,0,0,0,0
Togo,TGO,2002,10000,1130000,0,430000,0,0,710000,0,0,0,0
Togo,TGO,2003,20000,1190000,0,450000,0,0,720000,0,0,0,0
Togo,TGO,2004,10000,1090000,0,460000,0,0,740000,0,0,0,0
Togo,TGO,2005,20000,1550000,0,470000,0,0,760000,0,0,0,0
Togo,TGO,2006,20000,1340000,0,490000,0,0,780000,0,0,0,0
Togo,TGO,2007,10000,1180000,0,500000,0,0,800000,0,0,0,0
Togo,TGO,2008,0,1290000,0,519999,0,0,820000,0,0,0,10000
Togo,TGO,2009,0,1350000,10000,530000,0,0,880000,0,0,0,10000
Togo,TGO,2010,0,1300000,10000,550000,0,0,900000,0,0,0,10000
Togo,TGO,2011,10000,1550000,10000,560000,0,0,930000,0,0,0,10000
Togo,TGO,2012,0,1480000,10000,580000,0,0,960000,0,0,0,10000
Togo,TGO,2013,0,1640000,10000,590000,0,0,980000,0,0,0,10000
Togo,TGO,2014,0,1420000,10000,610000,0,0,1000000,0,0,0,0
Togo,TGO,2015,0,1660000,10000,630000,0,0,1020000,0,0,0,0
Togo,TGO,2016,0,1600000,10000,640000,0,0,1050000,0,0,0,0
Togo,TGO,2017,10000,1640000,10000,660000,0,0,1070000,0,0,0,10000
Togo,TGO,2018,0,1630000,10000,680000,0,0,1080000,0,0,0,10000
Togo,TGO,2019,10000,1690000,20000,700000,0,0,1100000,0,0,0,10000
Togo,TGO,2020,20000,1890000,20000,710000,0,0,1130000,0,0,0,10000
Togo,TGO,2021,10000,1870000,20000,730000,0,0,1160000,0,0,0,10000
Togo,TGO,2022,10000,2060000,20000,750000,0,0,1180000,0,0,0,10000
Togo,TGO,2023,10000,1950000,20000,770000,0,0,1210000,0,0,0,10000
Tonga,TON,1990,0,60000,0,0,,0,0,0,,0,0
Tonga,TON,1991,0,60000,0,0,,0,0,0,,0,0
Tonga,TON,1992,0,70000,0,0,,0,0,0,,0,0
Tonga,TON,1993,0,60000,0,0,,0,0,0,,0,0
Tonga,TON,1994,0,60000,0,80000,,0,0,0,,0,0
Tonga,TON,1995,0,60000,0,70000,,0,0,0,,0,0
Tonga,TON,1996,0,60000,0,60000,,0,0,0,,0,0
Tonga,TON,1997,0,60000,0,50000,,0,0,0,,0,0
Tonga,TON,1998,0,60000,0,50000,,0,0,0,,0,0
Tonga,TON,1999,0,60000,0,40000,,0,0,0,,0,0
Tonga,TON,2000,0,60000,0,30000,,0,0,0,,0,0
Tonga,TON,2001,0,60000,0,30000,,0,0,0,,0,0
Tonga,TON,2002,0,60000,0,30000,,0,0,0,,0,0
Tonga,TON,2003,0,60000,0,30000,,0,0,0,,0,0
Tonga,TON,2004,0,60000,0,30000,,0,0,0,,0,0
Tonga,TON,2005,0,60000,0,20000,,0,0,0,,0,0
Tonga,TON,2006,0,60000,0,20000,,0,0,0,,0,0
Tonga,TON,2007,0,60000,0,0,,0,0,0,,0,0
Tonga,TON,2008,0,60000,0,0,,0,0,0,,0,0
Tonga,TON,2009,0,60000,0,0,0,0,0,0,,0,0
Tonga,TON,2010,0,60000,0,0,0,0,0,0,,0,0
Tonga,TON,2011,0,60000,0,0,,0,0,0,,0,0
Tonga,TON,2012,0,60000,0,0,,0,0,0,,0,0
Tonga,TON,2013,0,60000,0,0,,0,0,0,,0,0
Tonga,TON,2014,0,60000,0,0,,0,0,0,,0,0
Tonga,TON,2015,0,60000,0,0,,0,0,0,,0,0
Tonga,TON,2016,0,60000,0,0,,0,0,0,,0,0
Tonga,TON,2017,0,70000,0,0,,0,0,0,,0,0
Tonga,TON,2018,0,70000,0,0,,0,0,0,,0,0
Tonga,TON,2019,0,70000,0,0,,0,0,0,,0,0
Tonga,TON,2020,0,70000,0,0,,0,0,0,,0,0
Tonga,TON,2021,0,70000,0,0,,0,0,0,,0,0
Tonga,TON,2022,0,70000,0,0,,0,0,0,,0,0
Tonga,TON,2023,0,70000,0,0,,0,0,0,,0,0
Trinidad and Tobago,TTO,1990,0,120000,8730000,680000,0,0,20000,0,0,0,10000
Trinidad and Tobago,TTO,1991,0,120000,8670000,230000,0,0,20000,0,0,0,10000
Trinidad and Tobago,TTO,1992,0,110000,8290000,240000,0,0,20000,0,0,0,10000
Trinidad and Tobago,TTO,1993,0,110000,5270000,240000,0,0,20000,0,0,0,10000
Trinidad and Tobago,TTO,1994,0,110000,2930000,240000,0,0,20000,0,0,0,10000
Trinidad and Tobago,TTO,1995,0,110000,2600000,240000,0,0,10000,0,0,0,10000
Trinidad and Tobago,TTO,1996,0,120000,3010000,240000,0,0,10000,0,0,0,10000
Trinidad and Tobago,TTO,1997,0,110000,2800000,240000,0,0,10000,0,0,0,10000
Trinidad and Tobago,TTO,1998,10000,100000,2820000,240000,0,0,10000,0,0,0,10000
Trinidad and Tobago,TTO,1999,0,100000,3180000,240000,0,0,10000,0,0,0,10000
Trinidad and Tobago,TTO,2000,10000,100000,3570000,250000,0,0,10000,0,0,0,10000
Trinidad and Tobago,TTO,2001,0,100000,3770000,250000,0,0,10000,0,0,0,10000
Trinidad and Tobago,TTO,2002,0,110000,4280000,250000,0,0,10000,0,0,0,10000
Trinidad and Tobago,TTO,2003,0,100000,5250000,250000,0,0,10000,10000,0,10000,10000
Trinidad and Tobago,TTO,2004,0,100000,5500000,250000,0,0,10000,10000,0,10000,10000
Trinidad and Tobago,TTO,2005,0,100000,6120000,250000,0,0,10000,10000,0,0,10000
Trinidad and Tobago,TTO,2006,0,100000,6960000,250000,0,0,10000,10000,0,0,20000
Trinidad and Tobago,TTO,2007,0,100000,6940000,250000,0,0,10000,10000,0,0,20000
Trinidad and Tobago,TTO,2008,0,100000,6910000,250000,0,0,10000,10000,0,0,20000
Trinidad and Tobago,TTO,2009,0,100000,6830000,259999,0,0,10000,10000,0,0,20000
Trinidad and Tobago,TTO,2010,0,100000,6960000,259999,0,0,10000,10000,0,0,20000
Trinidad and Tobago,TTO,2011,0,100000,6900000,259999,0,0,10000,10000,0,0,20000
Trinidad and Tobago,TTO,2012,0,100000,6920000,259999,0,0,10000,10000,0,0,20000
Trinidad and Tobago,TTO,2013,0,110000,6930000,259999,0,0,10000,10000,0,0,20000
Trinidad and Tobago,TTO,2014,0,110000,6790000,270000,0,0,10000,10000,0,0,20000
Trinidad and Tobago,TTO,2015,0,110000,6310000,270000,0,0,10000,10000,0,0,20000
Trinidad and Tobago,TTO,2016,0,100000,5500000,270000,0,0,10000,10000,0,10000,20000
Trinidad and Tobago,TTO,2017,0,100000,5480000,270000,0,0,10000,10000,0,0,20000
Trinidad and Tobago,TTO,2018,0,100000,5680000,280000,0,0,10000,10000,0,0,20000
Trinidad and Tobago,TTO,2019,0,100000,5730000,280000,0,0,10000,10000,0,0,20000
Trinidad and Tobago,TTO,2020,0,100000,4910000,280000,0,0,10000,10000,0,0,20000
Trinidad and Tobago,TTO,2021,0,100000,4520000,280000,0,0,10000,0,0,0,20000
Trinidad and Tobago,TTO,2022,0,100000,4670000,280000,0,0,10000,0,0,0,20000
Trinidad and Tobago,TTO,2023,0,100000,4510000,280000,0,0,10000,0,0,0,20000
Tunisia,TUN,1990,0,2200000,2350000,480000,0,0,490000,0,0,0,10000
Tunisia,TUN,1991,0,2340000,2330000,490000,0,0,510000,0,0,0,10000
Tunisia,TUN,1992,0,2300000,2770000,720000,0,0,519999,0,0,0,10000
Tunisia,TUN,1993,0,2450000,2290000,940000,0,0,530000,0,0,0,10000
Tunisia,TUN,1994,0,2310000,1990000,1150000,0,0,550000,0,0,0,10000
Tunisia,TUN,1995,0,2290000,1940000,1320000,0,0,580000,0,0,0,10000
Tunisia,TUN,1996,0,2490000,1970000,1490000,0,0,600000,0,0,0,20000
Tunisia,TUN,1997,0,2380000,1940000,1670000,0,0,630000,0,0,0,20000
Tunisia,TUN,1998,0,2460000,2079999,1840000,0,0,650000,0,0,0,20000
Tunisia,TUN,1999,0,2520000,2190000,2010000,0,0,680000,0,0,0,20000
Tunisia,TUN,2000,0,2620000,2079999,2190000,0,0,700000,0,0,0,20000
Tunisia,TUN,2001,0,2620000,2020000,2320000,0,0,730000,0,0,0,20000
Tunisia,TUN,2002,0,2610000,2040000,2440000,0,0,750000,0,0,0,20000
Tunisia,TUN,2003,0,2510000,1960000,2560000,0,0,780000,0,0,0,20000
Tunisia,TUN,2004,0,2530000,2069999,2670000,0,0,800000,0,0,0,20000
Tunisia,TUN,2005,0,2610000,2100000,2780000,0,0,830000,0,0,0,20000
Tunisia,TUN,2006,0,2680000,2210000,2880000,0,0,860000,0,0,0,20000
Tunisia,TUN,2007,0,2720000,2600000,2980000,0,0,880000,0,0,0,20000
Tunisia,TUN,2008,0,2600000,2750000,3070000,0,0,910000,0,0,0,20000
Tunisia,TUN,2009,0,2640000,2690000,3160000,0,0,1020000,0,0,0,20000
Tunisia,TUN,2010,0,2600000,2830000,3250000,0,0,810000,0,0,0,30000
Tunisia,TUN,2011,0,2560000,2950000,3330000,0,0,810000,0,0,0,30000
Tunisia,TUN,2012,0,2470000,3270000,3410000,0,0,800000,0,0,0,30000
Tunisia,TUN,2013,0,2470000,3070000,3490000,0,0,800000,0,0,0,30000
Tunisia,TUN,2014,0,2490000,2960000,3560000,0,0,800000,10000,0,0,30000
Tunisia,TUN,2015,0,2450000,2590000,3640000,0,0,790000,10000,0,0,30000
Tunisia,TUN,2016,0,2390000,2270000,3710000,0,0,790000,0,0,0,30000
Tunisia,TUN,2017,10000,2390000,2030000,3780000,0,0,780000,0,0,0,30000
Tunisia,TUN,2018,0,2340000,2020000,3850000,0,0,780000,0,0,0,30000
Tunisia,TUN,2019,0,2320000,1860000,3910000,0,0,780000,0,0,0,30000
Tunisia,TUN,2020,0,2360000,1760000,3980000,0,0,780000,0,0,0,30000
Tunisia,TUN,2021,0,2320000,2030000,4040000,0,0,780000,10000,0,0,40000
Tunisia,TUN,2022,10000,2280000,1950000,4100000,0,0,770000,0,0,0,40000
Tunisia,TUN,2023,0,2290000,1730000,4159999,0,0,770000,0,0,0,40000
Turkey,TUR,1990,10000,23610000,4880000,10660000,20000,20000,3630000,20000,60000,0,140000
Turkey,TUR,1991,10000,22250000,4600000,10880000,20000,20000,3640000,20000,70000,0,129999
Turkey,TUR,1992,10000,22700000,4550000,11100000,20000,20000,3740000,20000,60000,0,140000
Turkey,TUR,1993,10000,22460000,4450000,11360000,30000,20000,3600000,20000,60000,0,170000
Turkey,TUR,1994,10000,21990000,4310000,11610000,30000,20000,3330000,20000,50000,0,170000
Turkey,TUR,1995,10000,21560000,4340000,11950000,30000,20000,3360000,30000,60000,0,180000
Turkey,TUR,1996,10000,21130000,4390000,12310000,30000,20000,3320000,30000,80000,0,200000
Turkey,TUR,1997,10000,20850000,4770000,12850000,30000,20000,3430000,30000,90000,0,220000
Turkey,TUR,1998,10000,19790000,5170000,13180000,30000,20000,3210000,30000,90000,0,230000
Turkey,TUR,1999,10000,19380000,6270000,13670000,30000,20000,3030000,30000,80000,0,240000
Turkey,TUR,2000,0,19220000,6760000,14130000,30000,20000,2940000,40000,110000,0,259999
Turkey,TUR,2001,0,18450000,6280000,14640000,30000,20000,2660000,40000,70000,0,240000
Turkey,TUR,2002,0,17680000,5940000,15120000,30000,20000,2680000,30000,100000,0,230000
Turkey,TUR,2003,0,17010000,5700000,15510000,30000,20000,2710000,30000,120000,10000,220000
Turkey,TUR,2004,0,16520000,5610000,16049999,30000,20000,2730000,30000,120000,10000,220000
Turkey,TUR,2005,0,16870000,6320000,16379999,30000,20000,2710000,30000,110000,10000,240000
Turkey,TUR,2006,10000,17450000,6710000,16830000,40000,20000,2570000,40000,129999,10000,259999
Turkey,TUR,2007,0,17740000,8800000,17070000,40000,20000,2600000,40000,140000,10000,300000
Turkey,TUR,2008,20000,17740000,9310000,17200000,50000,20000,2660000,50000,80000,10000,300000
Turkey,TUR,2009,0,17270000,8980000,17200000,50000,20000,2870000,40000,80000,0,320000
Turkey,TUR,2010,0,16880000,9060000,17390000,50000,20000,2850000,40000,90000,0,310000
Turkey,TUR,2011,0,17970000,10010000,17730000,60000,20000,2420000,50000,90000,0,320000
Turkey,TUR,2012,0,19760000,10360000,17470000,40000,30000,2410000,50000,90000,0,340000
Turkey,TUR,2013,0,21660000,9390000,16410000,40000,30000,2030000,40000,80000,10000,360000
Turkey,TUR,2014,0,22500000,11280000,16200001,40000,30000,1850000,50000,80000,10000,370000
Turkey,TUR,2015,0,22800000,5980000,16800000,30000,30000,1800000,50000,80000,10000,410000
Turkey,TUR,2016,0,22620000,9450000,16340000,30000,40000,1750000,60000,90000,10000,430000
Turkey,TUR,2017,10000,22800000,7330000,15770000,40000,40000,1650000,60000,100000,10000,430000
Turkey,TUR,2018,0,26440000,8390000,16139999,40000,40000,1270000,60000,129999,10000,450000
Turkey,TUR,2019,10000,27490000,10630000,15530000,40000,40000,1120000,60000,129999,10000,460000
Turkey,TUR,2020,20000,28980000,9400000,15670000,40000,30000,1080000,60000,140000,10000,430000
Turkey,TUR,2021,80000,29390000,11180000,13790000,40000,40000,1010000,80000,160000,10000,460000
Turkey,TUR,2022,0,28020000,10370000,13830000,40000,40000,980000,90000,140000,10000,470000
Turkey,TUR,2023,0,26930000,10290000,13970000,40000,40000,1130000,100000,150000,10000,540000
Turkmenistan,TKM,1990,0,4040000,102500000,340000,50000,0,20000,10000,0,0,30000
Turkmenistan,TKM,1991,0,3960000,102270000,350000,50000,0,20000,10000,0,0,30000
Turkmenistan,TKM,1992,0,2560000,68420000,360000,50000,0,10000,0,0,0,30000
Turkmenistan,TKM,1993,0,3080000,79780000,370000,20000,0,10000,0,0,0,20000
Turkmenistan,TKM,1994,0,3260000,50290000,810000,20000,0,30000,10000,0,0,20000
Turkmenistan,TKM,1995,0,3390000,50170000,760000,20000,0,30000,10000,0,0,20000
Turkmenistan,TKM,1996,0,3500000,50850000,720000,20000,0,20000,0,0,0,20000
Turkmenistan,TKM,1997,0,2960000,34560000,670000,20000,0,30000,0,0,0,20000
Turkmenistan,TKM,1998,0,3190000,35360000,620000,20000,0,30000,0,0,0,20000
Turkmenistan,TKM,1999,0,3640000,48560000,580000,30000,0,30000,10000,0,0,30000
Turkmenistan,TKM,2000,0,4230000,72730000,530000,30000,0,20000,10000,0,0,30000
Turkmenistan,TKM,2001,0,4440000,74420000,680000,30000,0,20000,10000,0,0,30000
Turkmenistan,TKM,2002,0,5080000,80080000,830000,30000,0,20000,10000,0,0,30000
Turkmenistan,TKM,2003,0,5790000,90080000,970000,30000,0,20000,10000,0,0,40000
Turkmenistan,TKM,2004,0,6140000,94540000,1120000,30000,0,30000,10000,0,0,40000
Turkmenistan,TKM,2005,0,6360000,97280000,1100000,30000,0,30000,10000,0,0,40000
Turkmenistan,TKM,2006,0,6620000,95810000,1080000,30000,0,30000,10000,0,0,40000
Turkmenistan,TKM,2007,0,6190000,102980000,1060000,30000,0,40000,10000,0,0,40000
Turkmenistan,TKM,2008,0,6850000,108300000,1030000,30000,0,40000,10000,0,0,40000
Turkmenistan,TKM,2009,0,6490000,71110000,1010000,30000,0,40000,10000,0,0,40000
Turkmenistan,TKM,2010,0,6570000,79380000,990000,30000,0,40000,10000,0,0,50000
Turkmenistan,TKM,2011,0,6470000,106620000,490000,40000,0,40000,10000,0,0,50000
Turkmenistan,TKM,2012,0,6920000,112930000,500000,40000,0,40000,10000,0,0,50000
Turkmenistan,TKM,2013,0,6850000,123740000,510000,40000,0,40000,10000,0,0,50000
Turkmenistan,TKM,2014,0,6910000,122090000,519999,40000,0,40000,10000,0,0,60000
Turkmenistan,TKM,2015,0,6960000,123110000,530000,40000,0,40000,10000,0,0,60000
Turkmenistan,TKM,2016,0,7070000,117790000,540000,40000,0,40000,10000,0,0,50000
Turkmenistan,TKM,2017,0,7130000,116460000,550000,40000,0,40000,10000,0,0,60000
Turkmenistan,TKM,2018,0,7160000,117300000,560000,40000,0,50000,10000,0,0,50000
Turkmenistan,TKM,2019,0,7290000,149100000,570000,40000,0,50000,10000,0,0,50000
Turkmenistan,TKM,2020,0,7500000,104150000,580000,50000,0,40000,10000,0,0,50000
Turkmenistan,TKM,2021,0,7490000,110380000,590000,50000,0,50000,10000,10000,0,50000
Turkmenistan,TKM,2022,0,7450000,111170000,600000,50000,0,50000,10000,10000,0,50000
Turkmenistan,TKM,2023,0,7490000,134850000,600000,50000,0,50000,10000,10000,0,50000
Tuvalu,TUV,1990,0,0,0,0,0,0,0,0,,0,0
Tuvalu,TUV,1991,0,10000,0,0,0,0,0,0,,0,0
Tuvalu,TUV,1992,0,10000,0,0,0,0,0,0,,0,0
Tuvalu,TUV,1993,0,10000,0,0,0,0,0,0,,0,0
Tuvalu,TUV,1994,0,10000,0,0,0,0,0,0,,0,0
Tuvalu,TUV,1995,0,10000,0,0,0,0,0,0,,0,0
Tuvalu,TUV,1996,0,10000,0,0,0,0,0,0,,0,0
Tuvalu,TUV,1997,0,10000,0,0,0,0,0,0,,0,0
Tuvalu,TUV,1998,0,10000,0,0,0,0,0,0,,0,0
Tuvalu,TUV,1999,0,10000,0,0,0,0,0,0,,0,0
Tuvalu,TUV,2000,0,10000,0,0,0,0,0,0,,0,0
Tuvalu,TUV,2001,0,10000,0,0,0,0,0,0,,0,0
Tuvalu,TUV,2002,0,10000,0,0,0,0,0,0,,0,0
Tuvalu,TUV,2003,0,10000,0,0,0,0,0,0,,0,0
Tuvalu,TUV,2004,0,10000,0,0,0,0,0,0,,0,0
Tuvalu,TUV,2005,0,10000,0,0,0,0,0,0,,0,0
Tuvalu,TUV,2006,0,10000,0,0,0,0,0,0,,0,0
Tuvalu,TUV,2007,0,10000,0,0,0,0,0,0,,0,0
Tuvalu,TUV,2008,0,10000,0,0,0,0,0,0,,0,0
Tuvalu,TUV,2009,0,10000,0,0,0,0,0,0,,0,0
Tuvalu,TUV,2010,0,10000,0,0,0,0,0,0,,0,0
Tuvalu,TUV,2011,0,10000,0,0,0,0,0,0,,0,0
Tuvalu,TUV,2012,0,10000,0,0,0,0,0,0,,0,0
Tuvalu,TUV,2013,0,10000,0,0,0,0,0,0,,0,0
Tuvalu,TUV,2014,0,10000,0,0,0,0,0,0,,0,0
Tuvalu,TUV,2015,0,10000,0,0,0,0,0,0,,0,0
Tuvalu,TUV,2016,0,10000,0,0,0,0,0,0,,0,0
Tuvalu,TUV,2017,0,10000,0,0,0,0,0,0,,0,0
Tuvalu,TUV,2018,0,10000,0,0,0,0,0,0,,0,0
Tuvalu,TUV,2019,0,10000,0,0,0,0,0,0,,0,0
Tuvalu,TUV,2020,0,10000,0,0,0,0,0,0,,0,0
Tuvalu,TUV,2021,0,10000,0,0,0,0,0,0,,0,0
Tuvalu,TUV,2022,0,10000,0,0,0,0,0,0,,0,0
Tuvalu,TUV,2023,0,10000,0,0,0,0,0,0,,0,0
Uganda,UGA,1990,129999,6720000,0,60000,0,0,4540000,0,20000,0,0
Uganda,UGA,1991,129999,6980000,0,60000,0,0,4660000,0,20000,0,0
Uganda,UGA,1992,129999,7100000,0,80000,0,0,4810000,0,20000,0,0
Uganda,UGA,1993,129999,7300000,0,110000,0,0,4890000,0,30000,0,0
Uganda,UGA,1994,129999,7080000,0,129999,0,0,5010000,0,30000,0,0
Uganda,UGA,1995,129999,7230000,0,259999,0,0,5080000,0,30000,0,0
Uganda,UGA,1996,250000,7520000,0,390000,0,0,5200000,0,30000,0,10000
Uganda,UGA,1997,620000,7930000,0,530000,0,0,5290000,0,30000,0,10000
Uganda,UGA,1998,770000,8470000,0,660000,0,0,5340000,0,40000,0,10000
Uganda,UGA,1999,1020000,8160000,0,790000,0,0,5380000,0,40000,0,10000
Uganda,UGA,2000,610000,8260000,0,920000,0,0,5450000,0,40000,0,10000
Uganda,UGA,2001,60000,8319999,0,1000000,0,0,5550000,0,40000,0,10000
Uganda,UGA,2002,30000,8690000,0,1080000,0,0,5690000,0,40000,0,10000
Uganda,UGA,2003,40000,9610000,0,1150000,0,0,5820000,0,50000,0,10000
Uganda,UGA,2004,30000,9610000,0,1230000,0,0,5940000,0,50000,0,10000
Uganda,UGA,2005,40000,10470000,0,1300000,0,0,6050000,0,60000,0,10000
Uganda,UGA,2006,20000,9580000,0,1370000,0,0,6160000,0,60000,0,10000
Uganda,UGA,2007,10000,10810000,0,1450000,0,0,6250000,0,60000,0,10000
Uganda,UGA,2008,30000,15080000,10000,1520000,0,0,6410000,0,70000,0,10000
Uganda,UGA,2009,10000,15020000,10000,1590000,0,0,6710000,0,70000,0,10000
Uganda,UGA,2010,10000,15870000,10000,1670000,0,0,6940000,0,80000,0,10000
Uganda,UGA,2011,10000,15790000,10000,1740000,0,0,7220000,0,80000,0,10000
Uganda,UGA,2012,40000,16650000,10000,1820000,0,0,7480000,0,80000,0,10000
Uganda,UGA,2013,20000,16670000,10000,1890000,0,0,7850000,0,90000,0,10000
Uganda,UGA,2014,40000,17260000,10000,1970000,0,0,8120000,0,90000,0,10000
Uganda,UGA,2015,30000,18140000,10000,2050000,0,0,8470000,0,100000,0,20000
Uganda,UGA,2016,20000,18710000,10000,2130000,0,0,8700000,0,90000,0,20000
Uganda,UGA,2017,40000,18600000,10000,2210000,0,0,8950000,0,90000,0,20000
Uganda,UGA,2018,30000,19190000,10000,2290000,0,0,9170000,0,129999,0,20000
Uganda,UGA,2019,50000,19030000,10000,2380000,0,0,9040000,0,140000,0,20000
Uganda,UGA,2020,10000,19700000,10000,2470000,0,0,9590000,0,160000,0,20000
Uganda,UGA,2021,10000,19990000,10000,2560000,0,0,9940000,0,180000,0,20000
Uganda,UGA,2022,10000,20010000,10000,2650000,0,0,10280000,10000,190000,0,30000
Uganda,UGA,2023,10000,19890000,10000,2750000,0,0,10620000,0,200000,0,30000
Ukraine,UKR,1990,30000,67260000,180490000,11950000,510000,2700000,2040000,190000,190000,0,320000
Ukraine,UKR,1991,30000,65949996,159710000,12060000,360000,2230000,1190000,170000,190000,0,400000
Ukraine,UKR,1992,50000,58760000,150360000,12120000,280000,2130000,1420000,129999,180000,0,220000
Ukraine,UKR,1993,50000,55720000,130560000,12080000,250000,1630000,1990000,120000,120000,0,180000
Ukraine,UKR,1994,50000,53870000,110930000,11910000,220000,1300000,1600000,100000,80000,0,170000
Ukraine,UKR,1995,50000,49610000,99740000,11890000,80000,1080000,1660000,90000,80000,0,180000
Ukraine,UKR,1996,30000,44960000,87040000,11830000,70000,1039999,1230000,80000,70000,0,170000
Ukraine,UKR,1997,30000,39680000,87100000,11800000,60000,1210000,1100000,70000,70000,0,220000
Ukraine,UKR,1998,30000,33690000,86090000,11790000,50000,1230000,1070000,70000,70000,0,200000
Ukraine,UKR,1999,30000,31150000,90800000,11790000,50000,1340000,1039999,60000,60000,0,160000
Ukraine,UKR,2000,10000,28790000,91780000,11850000,50000,1500000,990000,60000,60000,0,150000
Ukraine,UKR,2001,10000,25780000,91730000,11950000,50000,3170000,910000,60000,70000,0,170000
Ukraine,UKR,2002,30000,25900000,91470000,12030000,50000,4820000,980000,60000,70000,0,180000
Ukraine,UKR,2003,30000,25700000,90490000,12130000,50000,6300000,630000,60000,100000,0,160000
Ukraine,UKR,2004,10000,22360000,90520000,12310000,70000,8050000,570000,50000,80000,0,180000
Ukraine,UKR,2005,60000,20370000,90710000,12470000,380000,6830000,240000,60000,90000,0,200000
Ukraine,UKR,2006,30000,19360000,88730000,12640000,40000,6650000,620000,50000,80000,0,200000
Ukraine,UKR,2007,20000,18550000,91680000,12890000,30000,6590000,760000,60000,80000,0,270000
Ukraine,UKR,2008,10000,17030000,90640000,12740000,30000,3660000,750000,60000,70000,0,270000
Ukraine,UKR,2009,80000,15660000,81670000,12680000,30000,1460000,600000,60000,50000,0,250000
Ukraine,UKR,2010,60000,15300000,84280000,12820000,30000,2400000,580000,60000,60000,0,240000
Ukraine,UKR,2011,30000,14760000,91470000,12810000,30000,5680000,680000,70000,70000,0,240000
Ukraine,UKR,2012,40000,14610000,90080000,12730000,30000,4780000,670000,70000,70000,0,230000
Ukraine,UKR,2013,70000,14960000,89880000,12980000,30000,2010000,680000,70000,70000,0,230000
Ukraine,UKR,2014,120000,14250000,69920000,12760000,20000,1420000,550000,60000,80000,0,190000
Ukraine,UKR,2015,160000,12950000,49940000,12750000,30000,1250000,560000,50000,50000,0,170000
Ukraine,UKR,2016,10000,12410000,48580000,12960000,30000,1340000,720000,60000,40000,0,200000
Ukraine,UKR,2017,20000,12210000,38720000,12900000,30000,3260000,750000,60000,40000,0,210000
Ukraine,UKR,2018,60000,11770000,40620000,12840000,30000,6790000,800000,60000,50000,0,210000
Ukraine,UKR,2019,110000,11320000,39400000,12840000,30000,7560000,810000,60000,50000,0,230000
Ukraine,UKR,2020,170000,10720000,36340000,12600000,20000,7740000,800000,90000,50000,0,180000
Ukraine,UKR,2021,10000,10060000,29790000,12370000,30000,8240000,850000,80000,40000,0,190000
Ukraine,UKR,2022,40000,9140000,25690000,3420000,80000,8240000,840000,60000,20000,0,0
Ukraine,UKR,2023,10000,8020000,23730000,3160000,80000,8240000,840000,60000,20000,0,0
United Arab Emirates,ARE,1990,0,350000,23560000,980000,0,0,10000,10000,10000,50000,50000
United Arab Emirates,ARE,1991,0,370000,25720000,1000000,0,0,10000,10000,20000,80000,50000
United Arab Emirates,ARE,1992,0,400000,25790000,1690000,10000,0,10000,10000,20000,80000,50000
United Arab Emirates,ARE,1993,0,420000,25820000,2360000,10000,0,10000,10000,20000,80000,60000
United Arab Emirates,ARE,1994,0,450000,27550000,3030000,0,0,10000,10000,20000,90000,60000
United Arab Emirates,ARE,1995,0,490000,27800000,3090000,0,0,10000,10000,20000,90000,70000
United Arab Emirates,ARE,1996,0,519999,28850000,3150000,0,0,20000,10000,20000,90000,70000
United Arab Emirates,ARE,1997,0,560000,28960000,3210000,0,0,20000,10000,20000,90000,70000
United Arab Emirates,ARE,1998,0,600000,28550000,3270000,0,0,20000,10000,20000,90000,70000
United Arab Emirates,ARE,1999,0,640000,26730000,3330000,0,0,20000,10000,20000,80000,70000
United Arab Emirates,ARE,2000,0,670000,28520000,3390000,0,0,20000,20000,20000,80000,80000
United Arab Emirates,ARE,2001,0,710000,28580000,4610000,0,0,30000,20000,20000,70000,100000
United Arab Emirates,ARE,2002,0,750000,26670000,5830000,0,0,30000,20000,10000,70000,120000
United Arab Emirates,ARE,2003,0,790000,29660000,7050000,0,0,40000,20000,10000,80000,129999
United Arab Emirates,ARE,2004,0,790000,30530000,8270000,0,0,40000,30000,10000,90000,129999
United Arab Emirates,ARE,2005,0,910000,32390000,9490000,0,0,40000,30000,10000,100000,140000
United Arab Emirates,ARE,2006,0,960000,33970000,9850000,10000,0,40000,30000,10000,110000,140000
United Arab Emirates,ARE,2007,0,1010000,33279998,10210000,10000,0,50000,30000,10000,120000,140000
United Arab Emirates,ARE,2008,0,1060000,33830000,10570000,10000,0,50000,40000,20000,120000,160000
United Arab Emirates,ARE,2009,0,1240000,30850000,10930000,10000,0,50000,30000,20000,100000,200000
United Arab Emirates,ARE,2010,0,1080000,31890000,11290000,10000,0,50000,30000,20000,110000,200000
United Arab Emirates,ARE,2011,0,1080000,35020000,11660000,10000,0,50000,30000,20000,120000,210000
United Arab Emirates,ARE,2012,0,1100000,36290000,12020000,10000,0,60000,30000,30000,120000,220000
United Arab Emirates,ARE,2013,0,1210000,37960000,12380000,10000,0,60000,30000,30000,120000,270000
United Arab Emirates,ARE,2014,0,1310000,36990000,12740000,10000,0,60000,30000,20000,120000,280000
United Arab Emirates,ARE,2015,0,1350000,39170000,12480000,10000,0,60000,40000,30000,129999,259999
United Arab Emirates,ARE,2016,0,1370000,40690000,12220000,10000,0,60000,40000,30000,140000,290000
United Arab Emirates,ARE,2017,0,1400000,38630000,11960000,10000,0,60000,40000,30000,140000,320000
United Arab Emirates,ARE,2018,0,1410000,38820000,11700000,10000,0,60000,40000,20000,140000,330000
United Arab Emirates,ARE,2019,0,1440000,40890000,11440000,10000,0,60000,40000,30000,140000,310000
United Arab Emirates,ARE,2020,0,1450000,38770000,11180000,10000,0,60000,40000,40000,129999,259999
United Arab Emirates,ARE,2021,0,1520000,37550000,10920000,10000,0,60000,40000,30000,140000,290000
United Arab Emirates,ARE,2022,0,1540000,42730000,11340000,10000,0,40000,30000,40000,150000,300000
United Arab Emirates,ARE,2023,0,1560000,42770000,11740000,10000,0,50000,30000,50000,150000,320000
United Kingdom,GBR,1990,0,39510000,10110000,70000000,120000,580000,1520000,110000,100000,20000,930000
United Kingdom,GBR,1991,0,38990000,10150000,70690000,140000,580000,1620000,100000,100000,20000,920000
United Kingdom,GBR,1992,0,39060000,10440000,70830000,110000,610000,1450000,110000,100000,20000,920000
United Kingdom,GBR,1993,0,38910000,11370000,71450000,120000,590000,1610000,100000,100000,20000,920000
United Kingdom,GBR,1994,0,39060000,13280000,72060000,80000,610000,1400000,100000,100000,20000,890000
United Kingdom,GBR,1995,0,38470000,14150000,73230000,90000,490000,1140000,100000,90000,20000,860000
United Kingdom,GBR,1996,0,38480000,14370000,73460000,90000,560000,1160000,110000,90000,30000,880000
United Kingdom,GBR,1997,0,37850000,14370000,73400000,80000,490000,1050000,100000,90000,30000,880000
United Kingdom,GBR,1998,0,37920000,14540000,72150000,80000,380000,1000000,110000,80000,30000,860000
United Kingdom,GBR,1999,0,37600000,15100000,68950000,70000,330000,1010000,110000,70000,20000,890000
United Kingdom,GBR,2000,0,36270000,14710000,65989996,80000,310000,880000,110000,70000,20000,860000
United Kingdom,GBR,2001,0,33710000,14060000,64089996,70000,300000,860000,129999,70000,20000,840000
United Kingdom,GBR,2002,0,32950000,13790000,62820000,60000,300000,840000,140000,70000,20000,840000
United Kingdom,GBR,2003,0,33070000,13210000,58780000,60000,340000,750000,150000,70000,20000,820000
United Kingdom,GBR,2004,0,33029998,12530000,53910000,60000,310000,680000,150000,70000,20000,800000
United Kingdom,GBR,2005,0,32939998,11480000,50990000,60000,270000,590000,160000,60000,20000,780000
United Kingdom,GBR,2006,0,32460000,10600000,47790000,60000,259999,570000,160000,60000,30000,770000
United Kingdom,GBR,2007,0,31720000,10230000,44190000,60000,280000,580000,150000,70000,30000,760000
United Kingdom,GBR,2008,0,31090000,9810000,39230000,70000,230000,590000,150000,70000,30000,730000
United Kingdom,GBR,2009,0,30420000,9200000,34770000,60000,259999,580000,150000,60000,30000,700000
United Kingdom,GBR,2010,0,30480000,8810000,29420000,80000,270000,660000,160000,60000,30000,670000
United Kingdom,GBR,2011,0,30230000,7480000,27020000,60000,240000,580000,160000,60000,30000,640000
United Kingdom,GBR,2012,0,30290000,6850000,25290000,70000,270000,610000,170000,60000,30000,610000
United Kingdom,GBR,2013,0,30420000,6580000,21950000,110000,280000,650000,170000,70000,30000,590000
United Kingdom,GBR,2014,0,30740000,6360000,19350000,150000,270000,570000,200000,70000,30000,590000
United Kingdom,GBR,2015,0,30920000,6820000,18620000,60000,180000,620000,230000,80000,30000,580000
United Kingdom,GBR,2016,0,31300000,7200000,17670000,120000,190000,640000,240000,70000,30000,580000
United Kingdom,GBR,2017,0,31500000,7180000,17980000,120000,170000,670000,250000,70000,30000,580000
United Kingdom,GBR,2018,0,31080000,7340000,18070000,120000,129999,700000,280000,70000,30000,580000
United Kingdom,GBR,2019,0,30750000,7220000,17770000,120000,180000,680000,300000,70000,30000,600000
United Kingdom,GBR,2020,0,30300000,6860000,16280001,70000,180000,720000,300000,80000,20000,490000
United Kingdom,GBR,2021,0,30480000,6170000,15740000,70000,140000,780000,320000,70000,20000,540000
United Kingdom,GBR,2022,0,30560000,5740000,14950000,60000,140000,740000,300000,80000,20000,580000
United Kingdom,GBR,2023,0,29970000,5220000,14270000,60000,140000,690000,280000,80000,20000,610000
United States,USA,1990,1210000,220590000,298860000,219680000,2300000,290000,2030000,2190000,1020000,240000,11420000
United States,USA,1991,1210000,221320000,297769984,222670000,2630000,280000,2170000,2200000,1010000,259999,11340000
United States,USA,1992,1210000,224350000,296960000,222830000,2590000,280000,2190000,2290000,990000,270000,11640000
United States,USA,1993,1210000,224780000,287529984,220860000,160000,340000,7230000,2270000,880000,240000,11810000
United States,USA,1994,1210000,229990000,295070016,221000000,170000,370000,7090000,2350000,870000,230000,12140000
United States,USA,1995,1210000,230820000,296390016,215680000,170000,390000,7570000,2290000,900000,240000,12430000
United States,USA,1996,2160000,230140000,297780000,211840000,170000,420000,7650000,2400000,880000,230000,12640000
United States,USA,1997,1020000,229210000,300690016,201370000,170000,440000,6560000,2580000,970000,200000,12820000
United States,USA,1998,2040000,227140000,299300000,190860000,160000,430000,6580000,2590000,1020000,200000,13210000
United States,USA,1999,2360000,226110000,292680000,183740000,290000,400000,6060000,1830000,1700000,220000,13530000
United States,USA,2000,2430000,223060000,295260000,180260000,330000,350000,6180000,1800000,1780000,240000,13670000
United States,USA,2001,350000,222200000,299049984,175150000,250000,250000,5470000,1800000,1590000,170000,13760000
United States,USA,2002,880000,221600000,294280000,173780000,330000,230000,4670000,1810000,1420000,200000,14090000
United States,USA,2003,890000,220550000,292120000,176500000,340000,250000,5830000,1760000,1500000,170000,14190000
United States,USA,2004,800000,221140000,293240000,173750000,410000,210000,5810000,1770000,1590000,210000,14430000
United States,USA,2005,650000,222400000,295010016,171190000,410000,110000,6400000,1730000,1610000,230000,14470000
United States,USA,2006,730000,222730000,300730016,168920000,330000,80000,5430000,1580000,1770000,240000,14520000
United States,USA,2007,1180000,223490000,311170016,166590000,350000,80000,5830000,1610000,1680000,259999,14530000
United States,USA,2008,1280000,225240000,324170016,164310000,320000,80000,6080000,1570000,1590000,230000,13960000
United States,USA,2009,710000,222110000,320880000,161200000,300000,80000,5900000,1490000,1400000,210000,13660000
United States,USA,2010,550000,222590000,341900000,161490000,660000,70000,6620000,1540000,1510000,230000,14110000
United States,USA,2011,870000,218050000,370700000,151230000,640000,70000,6380000,1510000,1460000,220000,13400000
United States,USA,2012,750000,215440000,384040000,154100000,519999,100000,5410000,1530000,1430000,160000,13310000
United States,USA,2013,850000,211850000,401080000,149940000,510000,100000,6810000,1520000,1440000,150000,13610000
United States,USA,2014,830000,212290000,438709984,149910000,490000,170000,7090000,1560000,1450000,150000,13700000
United States,USA,2015,1540000,212510000,451380000,148850000,510000,220000,5750000,1510000,1420000,150000,14150000
United States,USA,2016,800000,219480000,422230016,144710000,500000,290000,5090000,1460000,1410000,180000,14400000
United States,USA,2017,1460000,220130000,445589984,146690000,470000,310000,4750000,1410000,1420000,210000,14310000
United States,USA,2018,1360000,224020000,508120000,149590000,570000,370000,5870000,1440000,1560000,180000,14380000
United States,USA,2019,680000,223530000,551110016,151770000,620000,410000,6550000,1370000,1530000,200000,14360000
United States,USA,2020,2900000,224110000,495029984,147910000,570000,360000,5870000,1290000,1450000,140000,12520000
United States,USA,2021,2010000,220880000,475000000,145400000,620000,430000,5850000,1320000,1480000,150000,13750000
United States,USA,2022,1080000,216510000,501970016,143240000,760000,0,6420000,1310000,1430000,150000,13940000
United States,USA,2023,860000,214900000,507160000,142000000,900000,0,6580000,1240000,1470000,150000,14120000
Upper-middle-income countries,OWID_UMC,1990,80690000,1324529920,1088600064,488300000,9080000,3270000,293860000,1330000,5650000,60000,4720000
Upper-middle-income countries,OWID_UMC,1991,80690000,1330940032,1075750016,497049984,8760000,2790000,294680000,1370000,5560000,70000,5070000
Upper-middle-income countries,OWID_UMC,1992,80710000,1330169984,1037459968,528570016,8060000,2670000,293300000,1380000,5580000,80000,5040000
Upper-middle-income countries,OWID_UMC,1993,80710000,1322920064,1039889984,563430016,7800000,2150000,293460000,1410000,5670000,70000,5270000
Upper-middle-income countries,OWID_UMC,1994,80710000,1338409984,1015360000,602569984,8080000,1810000,288750016,1480000,5830000,80000,5310000
Upper-middle-income countries,OWID_UMC,1995,80710000,1361449984,1059209984,603150016,7940000,1590000,288469984,1550000,6190000,100000,5610000
Upper-middle-income countries,OWID_UMC,1996,42760000,1360520064,1089490048,605390016,6030000,1540000,280549984,1550000,5890000,110000,6100000
Upper-middle-income countries,OWID_UMC,1997,321680000,1314780032,1096889984,606750016,7600000,1730000,284409984,1690000,5850000,100000,6280000
Upper-middle-income countries,OWID_UMC,1998,139460000,1328520064,1094329984,607889984,7670000,1760000,276969984,1670000,6060000,80000,6390000
Upper-middle-income countries,OWID_UMC,1999,67090000,1334089984,1092050048,612060032,7400000,1880000,275880000,1640000,5680000,110000,6430000
Upper-middle-income countries,OWID_UMC,2000,27330000,1330409984,1155160064,615340032,5780000,2050000,266240000,1700000,5550000,110000,6780000
Upper-middle-income countries,OWID_UMC,2001,16680001,1329410048,1167840000,590659968,6000000,3730000,257160000,1780000,5500000,130000,7000000
Upper-middle-income countries,OWID_UMC,2002,153310000,1343619968,1160680064,585110016,6510000,5380000,256070000,1880000,5720000,120000,7340000
Upper-middle-income countries,OWID_UMC,2003,60050000,1351409920,1246680064,577539968,7320000,6860000,250210000,2070000,6420000,130000,7740000
Upper-middle-income countries,OWID_UMC,2004,152090000,1380279936,1343789952,569219968,7960000,8620000,243210000,2180000,7630000,150000,8340000
Upper-middle-income countries,OWID_UMC,2005,82430000,1393709952,1420499968,561790016,8610000,7410000,236030000,2290000,8790000,170000,8840000
Upper-middle-income countries,OWID_UMC,2006,174510000,1391170048,1473360000,571950016,8540000,7250000,233020000,2430000,9240000,180000,9310000
Upper-middle-income countries,OWID_UMC,2007,35480000,1387789952,1520819968,579120000,8880000,7190000,218120000,2680000,9660000,190000,9870000
Upper-middle-income countries,OWID_UMC,2008,18560000,1393160064,1557360000,586860032,9220000,4270000,202790000,2880000,9970000,190000,10950000
Upper-middle-income countries,OWID_UMC,2009,120510000,1390520064,1516240000,593670016,9190000,2050000,192470000,3010000,9800000,170000,11340000
Upper-middle-income countries,OWID_UMC,2010,27670000,1404450048,1592530048,603800000,9450000,3010000,181030000,3500000,10570000,200000,12150000
Upper-middle-income countries,OWID_UMC,2011,62860000,1395680000,1667160064,594819968,9660000,6300000,170060000,3690000,10880000,220000,13080000
Upper-middle-income countries,OWID_UMC,2012,68150000,1394960000,1716160000,607899968,10000000,5410000,160990000,3810000,10980000,210000,14050000
Upper-middle-income countries,OWID_UMC,2013,57410000,1386140032,1730370048,630660032,10600000,2610000,150030000,4170000,10750000,200000,15150000
Upper-middle-income countries,OWID_UMC,2014,150440000,1385820032,1713379968,666539968,10520000,2040000,148380000,4290000,10640000,200000,15820000
Upper-middle-income countries,OWID_UMC,2015,160290000,1385689984,1645640064,690219968,10920000,1860000,144420000,4340000,10300000,230000,16630000
Upper-middle-income countries,OWID_UMC,2016,27490000,1391079936,1602409984,708390016,10950000,1940000,136640000,4740000,9710000,190000,17160000
Upper-middle-income countries,OWID_UMC,2017,19300000,1396589952,1585689984,724870016,11180000,3870000,136050000,4990000,9210000,200000,17670000
Upper-middle-income countries,OWID_UMC,2018,60900000,1391820032,1583420032,739899968,10040000,7400000,132780000,5480000,8710000,220000,18300000
Upper-middle-income countries,OWID_UMC,2019,130250000,1387379968,1595710080,754459968,9600000,8190000,119290000,5800000,8490000,210000,19290000
Upper-middle-income countries,OWID_UMC,2020,28630000,1421049984,1456230016,768350016,9610000,8350000,110930000,6040000,8470000,200000,17910000
Upper-middle-income countries,OWID_UMC,2021,14370000,1443310080,1512889984,778730048,8560000,8860000,102580000,6680000,8110000,220000,19430000
Upper-middle-income countries,OWID_UMC,2022,11390000,1462140032,1539550080,781670016,8350000,8860000,93760000,7010000,8150000,220000,19760000
Upper-middle-income countries,OWID_UMC,2023,77100000,1465680000,1597479936,812840000,8470000,8860000,86650000,7560000,8260000,220000,20250000
Uruguay,URY,1990,0,18700000,30000,330000,0,0,320000,0,10000,0,10000
Uruguay,URY,1991,0,19590000,30000,330000,0,0,320000,0,10000,0,10000
Uruguay,URY,1992,0,20630000,40000,330000,0,0,320000,0,10000,0,10000
Uruguay,URY,1993,0,21340000,30000,340000,0,0,320000,0,10000,0,10000
Uruguay,URY,1994,0,21500000,30000,340000,0,0,320000,0,10000,0,10000
Uruguay,URY,1995,0,21360000,40000,340000,0,0,320000,0,10000,0,10000
Uruguay,URY,1996,10000,21670000,40000,340000,0,0,320000,0,10000,0,10000
Uruguay,URY,1997,10000,21370000,40000,350000,0,0,320000,0,10000,0,10000
Uruguay,URY,1998,10000,20850000,40000,1100000,0,0,320000,0,10000,0,10000
Uruguay,URY,1999,10000,21010000,50000,1110000,0,0,320000,0,10000,0,10000
Uruguay,URY,2000,20000,20550000,40000,1120000,0,0,320000,0,10000,0,10000
Uruguay,URY,2001,0,20550000,40000,1130000,0,0,320000,0,10000,0,10000
Uruguay,URY,2002,0,21380000,40000,1140000,0,0,320000,0,10000,0,10000
Uruguay,URY,2003,0,21940000,40000,1140000,0,0,320000,0,10000,0,10000
Uruguay,URY,2004,10000,22560000,50000,1140000,0,0,320000,0,10000,0,10000
Uruguay,URY,2005,0,22730000,50000,1130000,0,0,320000,0,10000,0,10000
Uruguay,URY,2006,0,23540000,50000,1130000,30000,0,320000,0,10000,0,10000
Uruguay,URY,2007,0,22980000,50000,1160000,30000,0,320000,0,10000,0,10000
Uruguay,URY,2008,0,23510000,70000,1180000,40000,0,310000,10000,20000,0,10000
Uruguay,URY,2009,0,23040000,70000,1200000,40000,0,310000,10000,20000,0,10000
Uruguay,URY,2010,0,21840000,60000,1220000,40000,0,320000,10000,30000,0,20000
Uruguay,URY,2011,0,22100000,70000,1250000,40000,0,320000,10000,30000,0,20000
Uruguay,URY,2012,0,21440000,70000,1270000,40000,0,320000,10000,30000,0,20000
Uruguay,URY,2013,0,21570000,70000,1290000,40000,0,320000,10000,30000,0,20000
Uruguay,URY,2014,0,21900000,50000,1310000,40000,0,320000,10000,40000,0,20000
Uruguay,URY,2015,0,21870000,50000,1330000,40000,0,320000,10000,50000,0,20000
Uruguay,URY,2016,0,21980000,60000,1350000,40000,0,320000,10000,50000,0,20000
Uruguay,URY,2017,0,21600000,60000,1370000,40000,0,320000,10000,50000,0,30000
Uruguay,URY,2018,0,21120000,60000,1400000,40000,0,320000,10000,50000,0,30000
Uruguay,URY,2019,0,20920000,60000,1420000,20000,0,320000,10000,50000,0,30000
Uruguay,URY,2020,0,20500000,50000,210000,20000,0,320000,10000,50000,0,20000
Uruguay,URY,2021,10000,21610000,70000,210000,20000,0,320000,10000,50000,0,30000
Uruguay,URY,2022,20000,21160000,70000,210000,20000,0,320000,10000,50000,0,30000
Uruguay,URY,2023,0,21570000,70000,210000,20000,0,320000,10000,70000,0,30000
Uzbekistan,UZB,1990,10000,15140000,12930000,4860000,500000,0,0,30000,0,0,90000
Uzbekistan,UZB,1991,10000,14840000,13690000,4910000,519999,0,0,30000,0,0,80000
Uzbekistan,UZB,1992,20000,11510000,13310000,4970000,440000,0,0,30000,0,0,60000
Uzbekistan,UZB,1993,20000,11830000,14930000,5010000,450000,0,0,30000,0,0,50000
Uzbekistan,UZB,1994,20000,12040000,17210000,5050000,450000,0,0,20000,0,0,50000
Uzbekistan,UZB,1995,20000,12100000,17140000,5080000,40000,0,90000,20000,10000,0,50000
Uzbekistan,UZB,1996,30000,11690000,17860000,5150000,40000,0,90000,20000,10000,0,50000
Uzbekistan,UZB,1997,30000,11400000,18150000,5210000,30000,0,90000,20000,10000,0,60000
Uzbekistan,UZB,1998,30000,11330000,19140000,5270000,20000,0,100000,20000,10000,0,60000
Uzbekistan,UZB,1999,30000,11490000,18720000,5320000,20000,0,110000,20000,10000,0,70000
Uzbekistan,UZB,2000,40000,10900000,19550000,5350000,20000,0,110000,20000,10000,0,80000
Uzbekistan,UZB,2001,0,10970000,20970000,5390000,20000,0,120000,20000,10000,0,80000
Uzbekistan,UZB,2002,0,11230000,23170000,5450000,20000,0,120000,20000,10000,0,70000
Uzbekistan,UZB,2003,0,11740000,22230000,5480000,20000,0,120000,20000,10000,0,70000
Uzbekistan,UZB,2004,0,12310000,22170000,5490000,20000,0,120000,20000,10000,0,70000
Uzbekistan,UZB,2005,0,12920000,22240000,5480000,20000,0,110000,20000,10000,0,70000
Uzbekistan,UZB,2006,0,13660000,23420000,5980000,20000,0,120000,20000,10000,0,70000
Uzbekistan,UZB,2007,0,14320000,21650000,6040000,20000,0,110000,20000,10000,0,70000
Uzbekistan,UZB,2008,0,15010000,23580000,8660000,20000,0,120000,20000,10000,0,70000
Uzbekistan,UZB,2009,0,16139999,20650000,8800000,20000,0,110000,20000,10000,0,70000
Uzbekistan,UZB,2010,0,17260000,21040000,9000000,20000,0,120000,20000,10000,0,70000
Uzbekistan,UZB,2011,0,18100000,20260000,9250000,20000,0,129999,20000,10000,0,70000
Uzbekistan,UZB,2012,0,19410000,19520000,9380000,20000,0,110000,20000,10000,0,60000
Uzbekistan,UZB,2013,0,19980000,18250000,519999,40000,0,190000,20000,10000,0,60000
Uzbekistan,UZB,2014,0,20880000,16700001,530000,30000,0,180000,20000,10000,0,60000
Uzbekistan,UZB,2015,0,21680000,15510000,540000,20000,0,160000,20000,10000,0,60000
Uzbekistan,UZB,2016,0,23910000,15710000,550000,40000,0,170000,20000,10000,0,60000
Uzbekistan,UZB,2017,0,24570000,15840000,560000,20000,0,190000,20000,10000,0,60000
Uzbekistan,UZB,2018,0,25150000,17700000,570000,10000,0,230000,20000,10000,0,330000
Uzbekistan,UZB,2019,0,25610000,16350000,570000,10000,0,170000,20000,10000,0,360000
Uzbekistan,UZB,2020,0,25960000,15620000,580000,80000,0,170000,20000,10000,0,350000
Uzbekistan,UZB,2021,0,26700000,18500000,590000,20000,0,200000,30000,10000,0,420000
Uzbekistan,UZB,2022,0,27330000,17900000,600000,30000,0,180000,20000,10000,0,490000
Uzbekistan,UZB,2023,0,27900000,18220000,610000,20000,0,150000,30000,10000,0,500000
Vanuatu,VUT,1990,0,270000,0,0,,0,0,0,,0,0
Vanuatu,VUT,1991,0,270000,0,0,,0,0,0,,0,0
Vanuatu,VUT,1992,0,290000,0,0,,0,0,0,,0,0
Vanuatu,VUT,1993,0,310000,0,0,,0,0,0,,0,0
Vanuatu,VUT,1994,0,310000,0,0,,0,0,0,,0,0
Vanuatu,VUT,1995,0,310000,0,0,,0,0,0,,0,0
Vanuatu,VUT,1996,0,310000,0,0,,0,0,0,,0,0
Vanuatu,VUT,1997,0,310000,0,0,,0,0,0,,0,0
Vanuatu,VUT,1998,0,320000,0,0,,0,0,0,,0,0
Vanuatu,VUT,1999,0,320000,0,0,,0,0,0,,0,0
Vanuatu,VUT,2000,0,300000,0,10000,,0,0,0,,0,0
Vanuatu,VUT,2001,0,280000,0,0,,0,0,0,,0,0
Vanuatu,VUT,2002,0,280000,0,0,,0,0,0,,0,0
Vanuatu,VUT,2003,0,290000,0,0,,0,0,0,,0,0
Vanuatu,VUT,2004,0,300000,0,0,,0,0,0,,0,0
Vanuatu,VUT,2005,0,310000,0,0,,0,0,0,,0,0
Vanuatu,VUT,2006,0,310000,0,0,,0,0,0,,0,0
Vanuatu,VUT,2007,0,370000,0,0,,0,0,0,,0,0
Vanuatu,VUT,2008,0,370000,0,0,,0,0,0,,0,0
Vanuatu,VUT,2009,0,350000,0,0,,0,0,0,,0,0
Vanuatu,VUT,2010,0,360000,0,0,,0,0,0,,0,0
Vanuatu,VUT,2011,0,360000,0,0,,0,0,0,,0,0
Vanuatu,VUT,2012,0,370000,0,0,,0,0,0,,0,0
Vanuatu,VUT,2013,0,370000,0,0,,0,0,0,,0,0
Vanuatu,VUT,2014,0,380000,0,0,,0,0,0,,0,0
Vanuatu,VUT,2015,0,330000,0,0,,0,0,0,,0,0
Vanuatu,VUT,2016,0,259999,0,0,,0,0,0,,0,0
Vanuatu,VUT,2017,10000,230000,0,0,,0,0,0,,0,0
Vanuatu,VUT,2018,0,210000,0,0,,0,0,0,,0,0
Vanuatu,VUT,2019,0,210000,0,0,,0,0,0,,0,0
Vanuatu,VUT,2020,0,210000,0,0,,0,0,0,,0,0
Vanuatu,VUT,2021,0,210000,0,0,,0,0,0,,0,0
Vanuatu,VUT,2022,0,210000,0,0,,0,0,0,,0,0
Vanuatu,VUT,2023,0,210000,0,0,,0,0,0,,0,0
Venezuela,VEN,1990,430000,24520000,146760000,2089999,0,0,259999,20000,30000,10000,280000
Venezuela,VEN,1991,430000,25300000,160410000,2100000,0,0,259999,20000,30000,10000,290000
Venezuela,VEN,1992,430000,25490000,162200000,3500000,0,0,270000,20000,30000,10000,290000
Venezuela,VEN,1993,430000,25040000,163640000,4580000,0,0,270000,20000,30000,10000,320000
Venezuela,VEN,1994,430000,25890000,166760000,5430000,0,0,280000,20000,30000,10000,320000
Venezuela,VEN,1995,430000,26110000,187690000,6130000,0,0,280000,20000,30000,10000,330000
Venezuela,VEN,1996,700000,25770000,208160000,6710000,0,0,290000,20000,30000,10000,340000
Venezuela,VEN,1997,920000,26120000,221130000,7210000,0,0,290000,30000,30000,10000,330000
Venezuela,VEN,1998,2500000,26650000,218170000,7650000,0,0,300000,30000,30000,0,340000
Venezuela,VEN,1999,970000,26880000,203350000,8050000,0,0,310000,30000,30000,10000,340000
Venezuela,VEN,2000,1410000,27440000,203710000,8420000,0,0,310000,40000,30000,10000,350000
Venezuela,VEN,2001,310000,28320000,204210000,8760000,0,0,320000,40000,30000,10000,380000
Venezuela,VEN,2002,40000,28500000,184490000,9080000,0,0,320000,50000,30000,10000,410000
Venezuela,VEN,2003,860000,29350000,171960000,9380000,0,0,330000,50000,30000,0,360000
Venezuela,VEN,2004,80000,29870000,191320000,9660000,0,0,340000,50000,30000,10000,350000
Venezuela,VEN,2005,170000,30850000,200410000,9930000,10000,0,340000,50000,30000,10000,420000
Venezuela,VEN,2006,110000,30860000,198140000,10180000,0,0,340000,50000,40000,10000,430000
Venezuela,VEN,2007,290000,31380000,196940000,10430000,0,0,360000,50000,30000,10000,460000
Venezuela,VEN,2008,100000,31750000,204450000,10670000,0,0,360000,50000,30000,0,490000
Venezuela,VEN,2009,50000,31840000,191540000,10900000,0,0,340000,50000,30000,0,490000
Venezuela,VEN,2010,600000,26820000,188040000,11120000,0,0,330000,50000,50000,0,470000
Venezuela,VEN,2011,30000,26920000,189820000,11330000,0,0,310000,50000,40000,0,490000
Venezuela,VEN,2012,30000,31460000,206550000,11530000,0,0,300000,50000,50000,0,510000
Venezuela,VEN,2013,170000,31670000,211600000,11730000,0,0,290000,50000,50000,0,510000
Venezuela,VEN,2014,129999,31640000,209920000,11910000,0,0,270000,50000,40000,0,480000
Venezuela,VEN,2015,160000,31110000,202680000,12090000,0,0,270000,50000,30000,0,440000
Venezuela,VEN,2016,380000,30340000,189520000,12260000,0,0,250000,50000,30000,0,400000
Venezuela,VEN,2017,50000,29810000,165390000,12410000,0,0,230000,50000,30000,0,360000
Venezuela,VEN,2018,120000,29890000,137890000,12520000,0,0,230000,40000,20000,0,310000
Venezuela,VEN,2019,420000,30050000,113620000,12570000,0,0,160000,20000,20000,0,290000
Venezuela,VEN,2020,450000,31210000,84190000,12570000,0,0,120000,10000,10000,0,110000
Venezuela,VEN,2021,40000,30220000,85250000,12550000,0,0,160000,20000,20000,0,110000
Venezuela,VEN,2022,80000,31670000,88470000,12540000,0,0,210000,20000,20000,0,150000
Venezuela,VEN,2023,120000,31340000,90250000,12560000,0,0,200000,20000,20000,0,150000
Vietnam,VNM,1990,560000,41460000,2470000,750000,20000,0,9350000,0,110000,0,20000
Vietnam,VNM,1991,560000,42810000,3060000,750000,30000,0,9570000,0,120000,0,20000
Vietnam,VNM,1992,560000,44080000,3480000,1260000,30000,0,9780000,0,120000,0,20000
Vietnam,VNM,1993,560000,44990000,3940000,1630000,30000,0,10280000,0,129999,0,40000
Vietnam,VNM,1994,560000,45540000,3880000,1910000,30000,0,9640000,0,120000,0,40000
Vietnam,VNM,1995,560000,46730000,5150000,3140000,30000,0,9590000,0,129999,0,40000
Vietnam,VNM,1996,570000,48220000,5990000,4370000,30000,0,9600000,0,129999,0,40000
Vietnam,VNM,1997,420000,48900000,6780000,5590000,20000,0,9930000,0,140000,0,40000
Vietnam,VNM,1998,1530000,50410000,7680000,6820000,20000,0,10240000,10000,140000,0,40000
Vietnam,VNM,1999,820000,52210000,7750000,8050000,10000,0,10480000,10000,140000,0,50000
Vietnam,VNM,2000,860000,52520000,8630000,9280000,10000,0,10650000,10000,150000,0,60000
Vietnam,VNM,2001,170000,51500000,9510000,10150000,10000,0,10810000,10000,150000,0,60000
Vietnam,VNM,2002,1190000,52060000,10550000,11010000,10000,0,10850000,10000,160000,0,80000
Vietnam,VNM,2003,720000,52720000,11060000,11880000,20000,0,11630000,10000,150000,0,90000
Vietnam,VNM,2004,890000,53720000,15630000,12740000,10000,0,11470000,10000,160000,0,100000
Vietnam,VNM,2005,850000,54360000,17970000,13610000,10000,0,11640000,10000,160000,0,100000
Vietnam,VNM,2006,360000,55500000,19450000,14470000,10000,0,11490000,10000,160000,0,110000
Vietnam,VNM,2007,910000,55470000,20330000,15340000,10000,0,11600000,10000,170000,0,129999
Vietnam,VNM,2008,310000,55620000,19330000,16200001,10000,0,11740000,10000,190000,0,140000
Vietnam,VNM,2009,390000,55640000,21540000,17070000,10000,0,11870000,10000,190000,0,160000
Vietnam,VNM,2010,650000,55480000,21640000,17930000,10000,0,12040000,20000,190000,0,180000
Vietnam,VNM,2011,380000,55450000,22220000,18860000,10000,0,12030000,20000,200000,0,180000
Vietnam,VNM,2012,440000,55470000,21250000,19790000,10000,0,12030000,20000,210000,0,180000
Vietnam,VNM,2013,930000,55970000,20870000,20710000,10000,0,12080000,20000,220000,0,180000
Vietnam,VNM,2014,630000,55810000,20700000,20990000,10000,0,12070000,20000,240000,0,180000
Vietnam,VNM,2015,340000,56360000,20430000,21250000,320000,0,5130000,30000,200000,0,210000
Vietnam,VNM,2016,420000,56270000,19250000,21520000,340000,0,4560000,60000,210000,0,230000
Vietnam,VNM,2017,210000,56120000,18610000,21780000,370000,0,4100000,60000,220000,0,250000
Vietnam,VNM,2018,230000,55660000,19750000,22040000,400000,0,3690000,70000,270000,0,259999
Vietnam,VNM,2019,290000,53860000,21100000,22290000,430000,0,3090000,80000,290000,0,270000
Vietnam,VNM,2020,440000,53340000,19440000,22540000,390000,0,2310000,80000,310000,0,230000
Vietnam,VNM,2021,259999,53540000,20920000,22780000,490000,0,1850000,80000,380000,0,220000
Vietnam,VNM,2022,180000,53180000,20900000,23010000,510000,0,1500000,90000,360000,0,280000
Vietnam,VNM,2023,280000,53330000,19730000,23240000,530000,0,1240000,90000,350000,0,290000
World,OWID_WRL,1990,183000000,3543080192,2355049984,1257810048,16670000,9220000,590990016,6330000,11050000,1000000,29390000
World,OWID_WRL,1991,183000000,3538030080,2338820096,1283100032,16680000,8480000,594020032,6450000,10860000,1039999,29670000
World,OWID_WRL,1992,183000000,3521710080,2282840064,1352620032,15410000,8279999,594240000,6620000,10830000,1110000,30370000
World,OWID_WRL,1993,183000000,3503879936,2283510016,1419280000,13130000,7810000,604650048,6570000,10800000,1080000,30710000
World,OWID_WRL,1994,183000000,3531949824,2277469952,1486979968,13080000,7720000,600460032,6720000,11100000,1110000,31250000
World,OWID_WRL,1995,183000000,3550490112,2340070144,1492499968,12650000,7490000,605400000,6760000,11620000,1150000,32029998
World,OWID_WRL,1996,157880000,3549169920,2384600064,1494630016,10610000,7240000,602140032,6960000,11370000,1180000,33020000
World,OWID_WRL,1997,453080000,3499480064,2397870080,1489440000,12100000,7650000,610000000,7260000,11530000,1210000,33640000
World,OWID_WRL,1998,306070016,3524489984,2386320128,1480290048,11670000,7490000,606169984,7320000,11690000,1250000,34390000
World,OWID_WRL,1999,220340000,3559539968,2375800064,1477840000,11650000,7840000,609500032,6630000,12100000,1320000,35040000
World,OWID_WRL,2000,135570000,3563389952,2474919936,1480160000,10070000,8270000,597260032,6700000,12210000,1350000,35580000
World,OWID_WRL,2001,81730000,3556580096,2504800000,1456699904,10270000,9760000,591110016,6910000,12080000,1290000,36080000
World,OWID_WRL,2002,224280000,3580560128,2489090048,1457609984,10960000,11500000,593859968,7120000,12190000,1340000,37030000
World,OWID_WRL,2003,158670000,3579100160,2638649856,1456810112,11890000,13130000,595349952,7400000,13150000,1360000,37660000
World,OWID_WRL,2004,259540016,3638929920,2745409792,1445859968,12610000,15110000,594240000,7710000,14660000,1490000,38850000
World,OWID_WRL,2005,182610000,3670370048,2864870144,1439619968,13390000,13610000,593430016,8029999,15950000,1540000,39530000
World,OWID_WRL,2006,269489984,3701920000,2918040064,1452620032,13410000,13370000,594789952,8220000,16719999,1640000,40370000
World,OWID_WRL,2007,139570000,3737440000,2976760064,1461479936,13680000,13460000,581369984,8610000,17300000,1730000,41400000
World,OWID_WRL,2008,113250000,3754149888,3008050176,1473280000,14830000,10100000,573320000,8890000,17600000,1740000,42180000
World,OWID_WRL,2009,214440000,3743939840,2951660032,1482189952,14350000,7150000,568289984,8970000,17150000,1650000,42510000
World,OWID_WRL,2010,149380000,3765309952,3081820160,1495579904,14990000,8580000,563990016,9880000,18510000,1780000,44250000
World,OWID_WRL,2011,164470000,3824360192,3187629824,1483410048,14830000,11820000,555569984,10160000,19030000,1780000,44700000
World,OWID_WRL,2012,177720000,3840719872,3201699840,1507459968,15030000,10830000,545800000,10720000,19200000,1670000,45490000
World,OWID_WRL,2013,154420000,3804600064,3222000128,1523050112,15690000,8100000,546809984,11090000,19120000,1660000,47050000
World,OWID_WRL,2014,246180000,3831149824,3242340096,1567619968,15530000,7800000,547280000,11320000,19170000,1720000,48080000
World,OWID_WRL,2015,259030000,3846449920,3179620096,1601350016,16240000,7530000,537950016,11420000,18960000,1790000,49800000
World,OWID_WRL,2016,128640000,3870729984,3113459968,1624839936,16440001,7720000,531599968,12040000,18510000,1850000,51120000
World,OWID_WRL,2017,116940000,3908960000,3122639872,1653830016,16790000,9800000,535140000,12520000,18310000,1920000,51970000
World,OWID_WRL,2018,150710000,3904760064,3200029952,1680509952,15800000,13240000,532049984,13020000,18230000,1930000,53330000
World,OWID_WRL,2019,235450000,3897179904,3254419968,1704889984,15540000,14140000,519650016,13300000,18030000,1890000,54470000
World,OWID_WRL,2020,126360000,3963209984,2995480064,1722780032,15530000,14470000,514429984,13460000,17970000,1690000,49250000
World,OWID_WRL,2021,105180000,4005959936,3049910016,1740060032,14630000,15010000,510510016,14590000,18110000,1750000,53240000
World,OWID_WRL,2022,83670000,4033009920,3090360064,1751239936,14570000,14580000,504880000,15090000,18270000,1780000,54570000
World,OWID_WRL,2023,153800000,4104169984,3155709952,1799129984,14860000,14580000,499149984,15260000,18720000,1800000,55740000
Yemen,YEM,1990,0,3120000,12900000,270000,10000,0,0,0,0,0,30000
Yemen,YEM,1991,0,2970000,13150000,280000,10000,0,0,0,0,0,30000
Yemen,YEM,1992,0,3030000,12610000,430000,10000,0,0,0,0,0,40000
Yemen,YEM,1993,0,3090000,16860000,580000,10000,0,0,0,0,0,30000
Yemen,YEM,1994,0,3060000,25940000,730000,10000,0,0,0,0,0,30000
Yemen,YEM,1995,0,3110000,26080000,870000,10000,0,0,0,0,0,40000
Yemen,YEM,1996,0,3220000,26270000,1020000,10000,0,0,0,0,0,40000
Yemen,YEM,1997,0,3360000,27490000,1160000,10000,0,0,0,0,0,40000
Yemen,YEM,1998,0,3520000,27920000,1310000,10000,0,0,0,0,0,40000
Yemen,YEM,1999,0,3600000,30420000,1460000,10000,0,0,0,0,0,40000
Yemen,YEM,2000,0,3710000,34220000,1600000,10000,0,0,0,0,0,40000
Yemen,YEM,2001,0,3890000,33660000,1670000,10000,0,0,10000,0,0,40000
Yemen,YEM,2002,0,3930000,33620000,1750000,10000,0,0,0,0,0,40000
Yemen,YEM,2003,0,4360000,34150000,1820000,20000,0,10000,10000,0,0,50000
Yemen,YEM,2004,0,4410000,32439998,1890000,20000,0,10000,10000,0,0,60000
Yemen,YEM,2005,0,4460000,33760000,1960000,20000,0,10000,10000,0,0,60000
Yemen,YEM,2006,0,4560000,33950000,2040000,20000,0,10000,10000,0,0,60000
Yemen,YEM,2007,0,4730000,31560000,2110000,20000,0,10000,10000,0,0,60000
Yemen,YEM,2008,0,4880000,28200000,2180000,20000,0,10000,10000,0,0,60000
Yemen,YEM,2009,0,4990000,28370000,2250000,10000,0,10000,10000,0,0,70000
Yemen,YEM,2010,0,5060000,29880000,2320000,10000,0,10000,10000,0,0,60000
Yemen,YEM,2011,0,5180000,24050000,2370000,10000,0,10000,10000,0,0,60000
Yemen,YEM,2012,0,5240000,20000000,2410000,10000,0,10000,10000,0,0,50000
Yemen,YEM,2013,0,5320000,22460000,2500000,10000,0,10000,10000,0,0,70000
Yemen,YEM,2014,0,5410000,19440000,2590000,10000,0,10000,10000,0,0,70000
Yemen,YEM,2015,0,5350000,6090000,2690000,10000,0,10000,0,0,0,30000
Yemen,YEM,2016,0,5180000,3170000,2780000,10000,0,10000,0,0,0,30000
Yemen,YEM,2017,0,5150000,5640000,2880000,10000,0,10000,0,0,0,30000
Yemen,YEM,2018,0,4880000,7790000,2970000,10000,0,10000,10000,0,0,50000
Yemen,YEM,2019,0,5460000,9100000,3070000,10000,0,10000,10000,0,0,50000
Yemen,YEM,2020,0,5510000,9700000,3160000,10000,0,10000,0,0,0,50000
Yemen,YEM,2021,0,5700000,9830000,3260000,10000,0,10000,0,0,0,50000
Yemen,YEM,2022,0,5760000,8130000,3350000,10000,0,10000,0,0,0,50000
Yemen,YEM,2023,0,5700000,4580000,3450000,10000,0,10000,0,0,0,50000
Zambia,ZMB,1990,10390000,10740000,0,1400000,0,0,2370000,0,20000,0,0
Zambia,ZMB,1991,10390000,10840000,0,1430000,0,0,2430000,0,20000,0,10000
Zambia,ZMB,1992,10390000,10870000,0,1590000,0,0,2490000,0,20000,0,10000
Zambia,ZMB,1993,10390000,10700000,0,1740000,0,0,2550000,0,20000,0,0
Zambia,ZMB,1994,10390000,10490000,0,1890000,0,0,2610000,0,20000,0,0
Zambia,ZMB,1995,10390000,10320000,0,2030000,0,0,2690000,0,20000,0,10000
Zambia,ZMB,1996,6590000,9580000,0,2170000,0,0,2740000,0,20000,0,0
Zambia,ZMB,1997,6340000,9780000,0,2300000,0,0,2800000,0,30000,0,10000
Zambia,ZMB,1998,5950000,10790000,0,2440000,0,0,2870000,0,30000,0,0
Zambia,ZMB,1999,5970000,10090000,0,2570000,0,0,2970000,0,30000,0,0
Zambia,ZMB,2000,3640000,9560000,0,2700000,0,0,3070000,0,10000,0,0
Zambia,ZMB,2001,6730000,9710000,0,2840000,0,0,3150000,0,10000,0,0
Zambia,ZMB,2002,6730000,10830000,0,2980000,0,0,3230000,0,20000,0,10000
Zambia,ZMB,2003,10260000,11740000,0,3120000,0,0,3310000,0,20000,0,10000
Zambia,ZMB,2004,11290000,11530000,0,3260000,0,0,3390000,0,20000,0,10000
Zambia,ZMB,2005,11290000,12200000,0,3410000,0,0,3490000,0,10000,0,10000
Zambia,ZMB,2006,8520000,11100000,0,3570000,0,0,3580000,0,10000,0,10000
Zambia,ZMB,2007,9510000,11350000,0,3720000,0,0,3690000,0,10000,0,0
Zambia,ZMB,2008,11230000,11330000,0,3890000,0,0,3810000,0,10000,0,10000
Zambia,ZMB,2009,9800000,10640000,0,4050000,0,0,3920000,0,20000,0,10000
Zambia,ZMB,2010,13450000,11630000,0,4220000,0,0,4040000,0,20000,0,10000
Zambia,ZMB,2011,13590000,10830000,0,4390000,0,0,4150000,0,20000,0,10000
Zambia,ZMB,2012,13320000,12530000,0,4570000,0,0,4260000,0,20000,0,10000
Zambia,ZMB,2013,12730000,12780000,0,4750000,0,0,4370000,0,20000,0,10000
Zambia,ZMB,2014,12640000,12420000,0,4930000,0,0,4480000,0,20000,0,10000
Zambia,ZMB,2015,15240000,12510000,0,5110000,90000,0,4580000,0,20000,0,10000
Zambia,ZMB,2016,14620000,12230000,10000,5300000,90000,0,4690000,0,20000,0,10000
Zambia,ZMB,2017,15030000,11390000,10000,5490000,90000,0,4800000,0,20000,0,10000
Zambia,ZMB,2018,13840000,11600000,20000,5690000,90000,0,4930000,0,20000,0,10000
Zambia,ZMB,2019,13690000,12210000,20000,5880000,150000,0,5050000,0,30000,0,10000
Zambia,ZMB,2020,11740000,11650000,20000,6080000,190000,0,5160000,0,30000,0,10000
Zambia,ZMB,2021,10020000,11920000,20000,6290000,210000,0,5280000,0,40000,0,20000
Zambia,ZMB,2022,9350000,13340000,10000,6490000,210000,0,5390000,0,40000,0,20000
Zambia,ZMB,2023,8020000,12550000,10000,6700000,210000,0,5520000,0,40000,0,20000
Zimbabwe,ZWE,1990,110000,7920000,370000,200000,320000,0,4650000,0,10000,0,10000
Zimbabwe,ZWE,1991,110000,6880000,380000,200000,330000,0,4750000,0,10000,0,10000
Zimbabwe,ZWE,1992,110000,7510000,380000,380000,330000,0,4840000,0,10000,0,10000
Zimbabwe,ZWE,1993,110000,5760000,360000,540000,330000,0,4920000,0,10000,0,10000
Zimbabwe,ZWE,1994,110000,5940000,370000,700000,340000,0,5000000,0,10000,0,10000
Zimbabwe,ZWE,1995,110000,6090000,430000,900000,370000,0,5050000,0,10000,0,10000
Zimbabwe,ZWE,1996,170000,7490000,500000,1110000,410000,0,5110000,0,10000,0,10000
Zimbabwe,ZWE,1997,320000,7340000,560000,1310000,400000,0,5180000,0,10000,0,10000
Zimbabwe,ZWE,1998,370000,7820000,630000,1510000,410000,0,5280000,0,10000,0,10000
Zimbabwe,ZWE,1999,240000,8090000,690000,1710000,430000,0,5370000,0,10000,0,20000
Zimbabwe,ZWE,2000,20000,7760000,760000,1910000,440000,0,1920000,0,10000,0,10000
Zimbabwe,ZWE,2001,70000,8350000,660000,1730000,390000,0,1960000,0,10000,0,10000
Zimbabwe,ZWE,2002,20000,7200000,570000,1550000,380000,0,1970000,0,10000,0,10000
Zimbabwe,ZWE,2003,30000,6990000,480000,1370000,390000,0,2010000,0,10000,0,10000
Zimbabwe,ZWE,2004,60000,7300000,390000,1200000,350000,0,2030000,0,10000,0,10000
Zimbabwe,ZWE,2005,80000,7220000,290000,1020000,370000,0,2060000,0,10000,0,10000
Zimbabwe,ZWE,2006,80000,6820000,200000,840000,440000,0,2089999,10000,10000,0,10000
Zimbabwe,ZWE,2007,140000,7070000,200000,870000,470000,0,2130000,10000,10000,0,10000
Zimbabwe,ZWE,2008,129999,7230000,150000,900000,460000,0,2140000,10000,10000,0,10000
Zimbabwe,ZWE,2009,100000,7700000,100000,930000,490000,0,2170000,10000,10000,0,10000
Zimbabwe,ZWE,2010,180000,8240000,140000,960000,460000,0,2200000,10000,10000,0,10000
Zimbabwe,ZWE,2011,120000,8540000,150000,990000,440000,0,2230000,10000,10000,0,10000
Zimbabwe,ZWE,2012,170000,8160000,90000,1020000,400000,0,2270000,0,10000,0,10000
Zimbabwe,ZWE,2013,150000,7850000,180000,1039999,370000,0,2320000,0,10000,0,20000
Zimbabwe,ZWE,2014,100000,6600000,340000,1070000,370000,0,2370000,0,10000,0,10000
Zimbabwe,ZWE,2015,180000,7490000,250000,1100000,370000,0,2420000,0,10000,0,10000
Zimbabwe,ZWE,2016,120000,6880000,160000,1130000,370000,0,2470000,0,10000,0,10000
Zimbabwe,ZWE,2017,70000,6970000,170000,1160000,380000,0,2530000,0,10000,0,10000
Zimbabwe,ZWE,2018,120000,7070000,190000,1190000,390000,0,2560000,0,10000,0,20000
Zimbabwe,ZWE,2019,90000,6900000,150000,1220000,380000,0,2600000,0,10000,0,10000
Zimbabwe,ZWE,2020,30000,6490000,160000,1260000,390000,0,2630000,0,10000,0,10000
Zimbabwe,ZWE,2021,10000,7050000,190000,1290000,390000,0,2660000,0,10000,0,10000
Zimbabwe,ZWE,2022,50000,7500000,200000,1320000,390000,0,2690000,0,10000,0,10000
Zimbabwe,ZWE,2023,30000,7570000,210000,1350000,400000,0,2750000,0,10000,0,20000